id,name,height,weight,types,abilities,base_stats,front_pic_link,back_pic_link
1,bulbasaur,7,69,"['grass', 'poison']","['overgrow', 'chlorophyll']","{'hp': 45, 'attack': 49, 'defense': 49, 'special-attack': 65, 'special-defense': 65, 'speed': 45}",https://raw.githubusercontent.com/PokeAPI/sprites/master/sprites/pokemon/1.png,https://raw.githubusercontent.com/PokeAPI/sprites/master/sprites/pokemon/back/1.png
2,ivysaur,10,130,"['grass', 'poison']","['overgrow', 'chlorophyll']","{'hp': 60, 'attack': 62, 'defense': 63, 'special-attack': 80, 'special-defense': 80, 'speed': 60}",https://raw.githubusercontent.com/PokeAPI/sprites/master/sprites/pokemon/2.png,https://raw.githubusercontent.com/PokeAPI/sprites/master/sprites/pokemon/back/2.png
3,venusaur,20,1000,"['grass', 'poison']","['overgrow', 'chlorophyll']","{'hp': 80, 'attack': 82, 'defense': 83, 'special-attack': 100, 'special-defense': 100, 'speed': 80}",https://raw.githubusercontent.com/PokeAPI/sprites/master/sprites/pokemon/3.png,https://raw.githubusercontent.com/PokeAPI/sprites/master/sprites/pokemon/back/3.png
4,charmander,6,85,['fire'],"['blaze', 'solar-power']","{'hp': 39, 'attack': 52, 'defense': 43, 'special-attack': 60, 'special-defense': 50, 'speed': 65}",https://raw.githubusercontent.com/PokeAPI/sprites/master/sprites/pokemon/4.png,https://raw.githubusercontent.com/PokeAPI/sprites/master/sprites/pokemon/back/4.png
5,charmeleon,11,190,['fire'],"['blaze', 'solar-power']","{'hp': 58, 'attack': 64, 'defense': 58, 'special-attack': 80, 'special-defense': 65, 'speed': 80}",https://raw.githubusercontent.com/PokeAPI/sprites/master/sprites/pokemon/5.png,https://raw.githubusercontent.com/PokeAPI/sprites/master/sprites/pokemon/back/5.png
6,charizard,17,905,"['fire', 'flying']","['blaze', 'solar-power']","{'hp': 78, 'attack': 84, 'defense': 78, 'special-attack': 109, 'special-defense': 85, 'speed': 100}",https://raw.githubusercontent.com/PokeAPI/sprites/master/sprites/pokemon/6.png,https://raw.githubusercontent.com/PokeAPI/sprites/master/sprites/pokemon/back/6.png
7,squirtle,5,90,['water'],"['torrent', 'rain-dish']","{'hp': 44, 'attack': 48, 'defense': 65, 'special-attack': 50, 'special-defense': 64, 'speed': 43}",https://raw.githubusercontent.com/PokeAPI/sprites/master/sprites/pokemon/7.png,https://raw.githubusercontent.com/PokeAPI/sprites/master/sprites/pokemon/back/7.png
8,wartortle,10,225,['water'],"['torrent', 'rain-dish']","{'hp': 59, 'attack': 63, 'defense': 80, 'special-attack': 65, 'special-defense': 80, 'speed': 58}",https://raw.githubusercontent.com/PokeAPI/sprites/master/sprites/pokemon/8.png,https://raw.githubusercontent.com/PokeAPI/sprites/master/sprites/pokemon/back/8.png
9,blastoise,16,855,['water'],"['torrent', 'rain-dish']","{'hp': 79, 'attack': 83, 'defense': 100, 'special-attack': 85, 'special-defense': 105, 'speed': 78}",https://raw.githubusercontent.com/PokeAPI/sprites/master/sprites/pokemon/9.png,https://raw.githubusercontent.com/PokeAPI/sprites/master/sprites/pokemon/back/9.png
10,caterpie,3,29,['bug'],"['shield-dust', 'run-away']","{'hp': 45, 'attack': 30, 'defense': 35, 'special-attack': 20, 'special-defense': 20, 'speed': 45}",https://raw.githubusercontent.com/PokeAPI/sprites/master/sprites/pokemon/10.png,https://raw.githubusercontent.com/PokeAPI/sprites/master/sprites/pokemon/back/10.png
11,metapod,7,99,['bug'],['shed-skin'],"{'hp': 50, 'attack': 20, 'defense': 55, 'special-attack': 25, 'special-defense': 25, 'speed': 30}",https://raw.githubusercontent.com/PokeAPI/sprites/master/sprites/pokemon/11.png,https://raw.githubusercontent.com/PokeAPI/sprites/master/sprites/pokemon/back/11.png
12,butterfree,11,320,"['bug', 'flying']","['compound-eyes', 'tinted-lens']","{'hp': 60, 'attack': 45, 'defense': 50, 'special-attack': 90, 'special-defense': 80, 'speed': 70}",https://raw.githubusercontent.com/PokeAPI/sprites/master/sprites/pokemon/12.png,https://raw.githubusercontent.com/PokeAPI/sprites/master/sprites/pokemon/back/12.png
13,weedle,3,32,"['bug', 'poison']","['shield-dust', 'run-away']","{'hp': 40, 'attack': 35, 'defense': 30, 'special-attack': 20, 'special-defense': 20, 'speed': 50}",https://raw.githubusercontent.com/PokeAPI/sprites/master/sprites/pokemon/13.png,https://raw.githubusercontent.com/PokeAPI/sprites/master/sprites/pokemon/back/13.png
14,kakuna,6,100,"['bug', 'poison']",['shed-skin'],"{'hp': 45, 'attack': 25, 'defense': 50, 'special-attack': 25, 'special-defense': 25, 'speed': 35}",https://raw.githubusercontent.com/PokeAPI/sprites/master/sprites/pokemon/14.png,https://raw.githubusercontent.com/PokeAPI/sprites/master/sprites/pokemon/back/14.png
15,beedrill,10,295,"['bug', 'poison']","['swarm', 'sniper']","{'hp': 65, 'attack': 90, 'defense': 40, 'special-attack': 45, 'special-defense': 80, 'speed': 75}",https://raw.githubusercontent.com/PokeAPI/sprites/master/sprites/pokemon/15.png,https://raw.githubusercontent.com/PokeAPI/sprites/master/sprites/pokemon/back/15.png
16,pidgey,3,18,"['normal', 'flying']","['keen-eye', 'tangled-feet', 'big-pecks']","{'hp': 40, 'attack': 45, 'defense': 40, 'special-attack': 35, 'special-defense': 35, 'speed': 56}",https://raw.githubusercontent.com/PokeAPI/sprites/master/sprites/pokemon/16.png,https://raw.githubusercontent.com/PokeAPI/sprites/master/sprites/pokemon/back/16.png
17,pidgeotto,11,300,"['normal', 'flying']","['keen-eye', 'tangled-feet', 'big-pecks']","{'hp': 63, 'attack': 60, 'defense': 55, 'special-attack': 50, 'special-defense': 50, 'speed': 71}",https://raw.githubusercontent.com/PokeAPI/sprites/master/sprites/pokemon/17.png,https://raw.githubusercontent.com/PokeAPI/sprites/master/sprites/pokemon/back/17.png
18,pidgeot,15,395,"['normal', 'flying']","['keen-eye', 'tangled-feet', 'big-pecks']","{'hp': 83, 'attack': 80, 'defense': 75, 'special-attack': 70, 'special-defense': 70, 'speed': 101}",https://raw.githubusercontent.com/PokeAPI/sprites/master/sprites/pokemon/18.png,https://raw.githubusercontent.com/PokeAPI/sprites/master/sprites/pokemon/back/18.png
19,rattata,3,35,['normal'],"['run-away', 'guts', 'hustle']","{'hp': 30, 'attack': 56, 'defense': 35, 'special-attack': 25, 'special-defense': 35, 'speed': 72}",https://raw.githubusercontent.com/PokeAPI/sprites/master/sprites/pokemon/19.png,https://raw.githubusercontent.com/PokeAPI/sprites/master/sprites/pokemon/back/19.png
20,raticate,7,185,['normal'],"['run-away', 'guts', 'hustle']","{'hp': 55, 'attack': 81, 'defense': 60, 'special-attack': 50, 'special-defense': 70, 'speed': 97}",https://raw.githubusercontent.com/PokeAPI/sprites/master/sprites/pokemon/20.png,https://raw.githubusercontent.com/PokeAPI/sprites/master/sprites/pokemon/back/20.png
21,spearow,3,20,"['normal', 'flying']","['keen-eye', 'sniper']","{'hp': 40, 'attack': 60, 'defense': 30, 'special-attack': 31, 'special-defense': 31, 'speed': 70}",https://raw.githubusercontent.com/PokeAPI/sprites/master/sprites/pokemon/21.png,https://raw.githubusercontent.com/PokeAPI/sprites/master/sprites/pokemon/back/21.png
22,fearow,12,380,"['normal', 'flying']","['keen-eye', 'sniper']","{'hp': 65, 'attack': 90, 'defense': 65, 'special-attack': 61, 'special-defense': 61, 'speed': 100}",https://raw.githubusercontent.com/PokeAPI/sprites/master/sprites/pokemon/22.png,https://raw.githubusercontent.com/PokeAPI/sprites/master/sprites/pokemon/back/22.png
23,ekans,20,69,['poison'],"['intimidate', 'shed-skin', 'unnerve']","{'hp': 35, 'attack': 60, 'defense': 44, 'special-attack': 40, 'special-defense': 54, 'speed': 55}",https://raw.githubusercontent.com/PokeAPI/sprites/master/sprites/pokemon/23.png,https://raw.githubusercontent.com/PokeAPI/sprites/master/sprites/pokemon/back/23.png
24,arbok,35,650,['poison'],"['intimidate', 'shed-skin', 'unnerve']","{'hp': 60, 'attack': 95, 'defense': 69, 'special-attack': 65, 'special-defense': 79, 'speed': 80}",https://raw.githubusercontent.com/PokeAPI/sprites/master/sprites/pokemon/24.png,https://raw.githubusercontent.com/PokeAPI/sprites/master/sprites/pokemon/back/24.png
25,pikachu,4,60,['electric'],"['static', 'lightning-rod']","{'hp': 35, 'attack': 55, 'defense': 40, 'special-attack': 50, 'special-defense': 50, 'speed': 90}",https://raw.githubusercontent.com/PokeAPI/sprites/master/sprites/pokemon/25.png,https://raw.githubusercontent.com/PokeAPI/sprites/master/sprites/pokemon/back/25.png
26,raichu,8,300,['electric'],"['static', 'lightning-rod']","{'hp': 60, 'attack': 90, 'defense': 55, 'special-attack': 90, 'special-defense': 80, 'speed': 110}",https://raw.githubusercontent.com/PokeAPI/sprites/master/sprites/pokemon/26.png,https://raw.githubusercontent.com/PokeAPI/sprites/master/sprites/pokemon/back/26.png
27,sandshrew,6,120,['ground'],"['sand-veil', 'sand-rush']","{'hp': 50, 'attack': 75, 'defense': 85, 'special-attack': 20, 'special-defense': 30, 'speed': 40}",https://raw.githubusercontent.com/PokeAPI/sprites/master/sprites/pokemon/27.png,https://raw.githubusercontent.com/PokeAPI/sprites/master/sprites/pokemon/back/27.png
28,sandslash,10,295,['ground'],"['sand-veil', 'sand-rush']","{'hp': 75, 'attack': 100, 'defense': 110, 'special-attack': 45, 'special-defense': 55, 'speed': 65}",https://raw.githubusercontent.com/PokeAPI/sprites/master/sprites/pokemon/28.png,https://raw.githubusercontent.com/PokeAPI/sprites/master/sprites/pokemon/back/28.png
29,nidoran-f,4,70,['poison'],"['poison-point', 'rivalry', 'hustle']","{'hp': 55, 'attack': 47, 'defense': 52, 'special-attack': 40, 'special-defense': 40, 'speed': 41}",https://raw.githubusercontent.com/PokeAPI/sprites/master/sprites/pokemon/29.png,https://raw.githubusercontent.com/PokeAPI/sprites/master/sprites/pokemon/back/29.png
30,nidorina,8,200,['poison'],"['poison-point', 'rivalry', 'hustle']","{'hp': 70, 'attack': 62, 'defense': 67, 'special-attack': 55, 'special-defense': 55, 'speed': 56}",https://raw.githubusercontent.com/PokeAPI/sprites/master/sprites/pokemon/30.png,https://raw.githubusercontent.com/PokeAPI/sprites/master/sprites/pokemon/back/30.png
31,nidoqueen,13,600,"['poison', 'ground']","['poison-point', 'rivalry', 'sheer-force']","{'hp': 90, 'attack': 92, 'defense': 87, 'special-attack': 75, 'special-defense': 85, 'speed': 76}",https://raw.githubusercontent.com/PokeAPI/sprites/master/sprites/pokemon/31.png,https://raw.githubusercontent.com/PokeAPI/sprites/master/sprites/pokemon/back/31.png
32,nidoran-m,5,90,['poison'],"['poison-point', 'rivalry', 'hustle']","{'hp': 46, 'attack': 57, 'defense': 40, 'special-attack': 40, 'special-defense': 40, 'speed': 50}",https://raw.githubusercontent.com/PokeAPI/sprites/master/sprites/pokemon/32.png,https://raw.githubusercontent.com/PokeAPI/sprites/master/sprites/pokemon/back/32.png
33,nidorino,9,195,['poison'],"['poison-point', 'rivalry', 'hustle']","{'hp': 61, 'attack': 72, 'defense': 57, 'special-attack': 55, 'special-defense': 55, 'speed': 65}",https://raw.githubusercontent.com/PokeAPI/sprites/master/sprites/pokemon/33.png,https://raw.githubusercontent.com/PokeAPI/sprites/master/sprites/pokemon/back/33.png
34,nidoking,14,620,"['poison', 'ground']","['poison-point', 'rivalry', 'sheer-force']","{'hp': 81, 'attack': 102, 'defense': 77, 'special-attack': 85, 'special-defense': 75, 'speed': 85}",https://raw.githubusercontent.com/PokeAPI/sprites/master/sprites/pokemon/34.png,https://raw.githubusercontent.com/PokeAPI/sprites/master/sprites/pokemon/back/34.png
35,clefairy,6,75,['fairy'],"['cute-charm', 'magic-guard', 'friend-guard']","{'hp': 70, 'attack': 45, 'defense': 48, 'special-attack': 60, 'special-defense': 65, 'speed': 35}",https://raw.githubusercontent.com/PokeAPI/sprites/master/sprites/pokemon/35.png,https://raw.githubusercontent.com/PokeAPI/sprites/master/sprites/pokemon/back/35.png
36,clefable,13,400,['fairy'],"['cute-charm', 'magic-guard', 'unaware']","{'hp': 95, 'attack': 70, 'defense': 73, 'special-attack': 95, 'special-defense': 90, 'speed': 60}",https://raw.githubusercontent.com/PokeAPI/sprites/master/sprites/pokemon/36.png,https://raw.githubusercontent.com/PokeAPI/sprites/master/sprites/pokemon/back/36.png
37,vulpix,6,99,['fire'],"['flash-fire', 'drought']","{'hp': 38, 'attack': 41, 'defense': 40, 'special-attack': 50, 'special-defense': 65, 'speed': 65}",https://raw.githubusercontent.com/PokeAPI/sprites/master/sprites/pokemon/37.png,https://raw.githubusercontent.com/PokeAPI/sprites/master/sprites/pokemon/back/37.png
38,ninetales,11,199,['fire'],"['flash-fire', 'drought']","{'hp': 73, 'attack': 76, 'defense': 75, 'special-attack': 81, 'special-defense': 100, 'speed': 100}",https://raw.githubusercontent.com/PokeAPI/sprites/master/sprites/pokemon/38.png,https://raw.githubusercontent.com/PokeAPI/sprites/master/sprites/pokemon/back/38.png
39,jigglypuff,5,55,"['normal', 'fairy']","['cute-charm', 'competitive', 'friend-guard']","{'hp': 115, 'attack': 45, 'defense': 20, 'special-attack': 45, 'special-defense': 25, 'speed': 20}",https://raw.githubusercontent.com/PokeAPI/sprites/master/sprites/pokemon/39.png,https://raw.githubusercontent.com/PokeAPI/sprites/master/sprites/pokemon/back/39.png
40,wigglytuff,10,120,"['normal', 'fairy']","['cute-charm', 'competitive', 'frisk']","{'hp': 140, 'attack': 70, 'defense': 45, 'special-attack': 85, 'special-defense': 50, 'speed': 45}",https://raw.githubusercontent.com/PokeAPI/sprites/master/sprites/pokemon/40.png,https://raw.githubusercontent.com/PokeAPI/sprites/master/sprites/pokemon/back/40.png
41,zubat,8,75,"['poison', 'flying']","['inner-focus', 'infiltrator']","{'hp': 40, 'attack': 45, 'defense': 35, 'special-attack': 30, 'special-defense': 40, 'speed': 55}",https://raw.githubusercontent.com/PokeAPI/sprites/master/sprites/pokemon/41.png,https://raw.githubusercontent.com/PokeAPI/sprites/master/sprites/pokemon/back/41.png
42,golbat,16,550,"['poison', 'flying']","['inner-focus', 'infiltrator']","{'hp': 75, 'attack': 80, 'defense': 70, 'special-attack': 65, 'special-defense': 75, 'speed': 90}",https://raw.githubusercontent.com/PokeAPI/sprites/master/sprites/pokemon/42.png,https://raw.githubusercontent.com/PokeAPI/sprites/master/sprites/pokemon/back/42.png
43,oddish,5,54,"['grass', 'poison']","['chlorophyll', 'run-away']","{'hp': 45, 'attack': 50, 'defense': 55, 'special-attack': 75, 'special-defense': 65, 'speed': 30}",https://raw.githubusercontent.com/PokeAPI/sprites/master/sprites/pokemon/43.png,https://raw.githubusercontent.com/PokeAPI/sprites/master/sprites/pokemon/back/43.png
44,gloom,8,86,"['grass', 'poison']","['chlorophyll', 'stench']","{'hp': 60, 'attack': 65, 'defense': 70, 'special-attack': 85, 'special-defense': 75, 'speed': 40}",https://raw.githubusercontent.com/PokeAPI/sprites/master/sprites/pokemon/44.png,https://raw.githubusercontent.com/PokeAPI/sprites/master/sprites/pokemon/back/44.png
45,vileplume,12,186,"['grass', 'poison']","['chlorophyll', 'effect-spore']","{'hp': 75, 'attack': 80, 'defense': 85, 'special-attack': 110, 'special-defense': 90, 'speed': 50}",https://raw.githubusercontent.com/PokeAPI/sprites/master/sprites/pokemon/45.png,https://raw.githubusercontent.com/PokeAPI/sprites/master/sprites/pokemon/back/45.png
46,paras,3,54,"['bug', 'grass']","['effect-spore', 'dry-skin', 'damp']","{'hp': 35, 'attack': 70, 'defense': 55, 'special-attack': 45, 'special-defense': 55, 'speed': 25}",https://raw.githubusercontent.com/PokeAPI/sprites/master/sprites/pokemon/46.png,https://raw.githubusercontent.com/PokeAPI/sprites/master/sprites/pokemon/back/46.png
47,parasect,10,295,"['bug', 'grass']","['effect-spore', 'dry-skin', 'damp']","{'hp': 60, 'attack': 95, 'defense': 80, 'special-attack': 60, 'special-defense': 80, 'speed': 30}",https://raw.githubusercontent.com/PokeAPI/sprites/master/sprites/pokemon/47.png,https://raw.githubusercontent.com/PokeAPI/sprites/master/sprites/pokemon/back/47.png
48,venonat,10,300,"['bug', 'poison']","['compound-eyes', 'tinted-lens', 'run-away']","{'hp': 60, 'attack': 55, 'defense': 50, 'special-attack': 40, 'special-defense': 55, 'speed': 45}",https://raw.githubusercontent.com/PokeAPI/sprites/master/sprites/pokemon/48.png,https://raw.githubusercontent.com/PokeAPI/sprites/master/sprites/pokemon/back/48.png
49,venomoth,15,125,"['bug', 'poison']","['shield-dust', 'tinted-lens', 'wonder-skin']","{'hp': 70, 'attack': 65, 'defense': 60, 'special-attack': 90, 'special-defense': 75, 'speed': 90}",https://raw.githubusercontent.com/PokeAPI/sprites/master/sprites/pokemon/49.png,https://raw.githubusercontent.com/PokeAPI/sprites/master/sprites/pokemon/back/49.png
50,diglett,2,8,['ground'],"['sand-veil', 'arena-trap', 'sand-force']","{'hp': 10, 'attack': 55, 'defense': 25, 'special-attack': 35, 'special-defense': 45, 'speed': 95}",https://raw.githubusercontent.com/PokeAPI/sprites/master/sprites/pokemon/50.png,https://raw.githubusercontent.com/PokeAPI/sprites/master/sprites/pokemon/back/50.png
51,dugtrio,7,333,['ground'],"['sand-veil', 'arena-trap', 'sand-force']","{'hp': 35, 'attack': 100, 'defense': 50, 'special-attack': 50, 'special-defense': 70, 'speed': 120}",https://raw.githubusercontent.com/PokeAPI/sprites/master/sprites/pokemon/51.png,https://raw.githubusercontent.com/PokeAPI/sprites/master/sprites/pokemon/back/51.png
52,meowth,4,42,['normal'],"['pickup', 'technician', 'unnerve']","{'hp': 40, 'attack': 45, 'defense': 35, 'special-attack': 40, 'special-defense': 40, 'speed': 90}",https://raw.githubusercontent.com/PokeAPI/sprites/master/sprites/pokemon/52.png,https://raw.githubusercontent.com/PokeAPI/sprites/master/sprites/pokemon/back/52.png
53,persian,10,320,['normal'],"['limber', 'technician', 'unnerve']","{'hp': 65, 'attack': 70, 'defense': 60, 'special-attack': 65, 'special-defense': 65, 'speed': 115}",https://raw.githubusercontent.com/PokeAPI/sprites/master/sprites/pokemon/53.png,https://raw.githubusercontent.com/PokeAPI/sprites/master/sprites/pokemon/back/53.png
54,psyduck,8,196,['water'],"['damp', 'cloud-nine', 'swift-swim']","{'hp': 50, 'attack': 52, 'defense': 48, 'special-attack': 65, 'special-defense': 50, 'speed': 55}",https://raw.githubusercontent.com/PokeAPI/sprites/master/sprites/pokemon/54.png,https://raw.githubusercontent.com/PokeAPI/sprites/master/sprites/pokemon/back/54.png
55,golduck,17,766,['water'],"['damp', 'cloud-nine', 'swift-swim']","{'hp': 80, 'attack': 82, 'defense': 78, 'special-attack': 95, 'special-defense': 80, 'speed': 85}",https://raw.githubusercontent.com/PokeAPI/sprites/master/sprites/pokemon/55.png,https://raw.githubusercontent.com/PokeAPI/sprites/master/sprites/pokemon/back/55.png
56,mankey,5,280,['fighting'],"['vital-spirit', 'anger-point', 'defiant']","{'hp': 40, 'attack': 80, 'defense': 35, 'special-attack': 35, 'special-defense': 45, 'speed': 70}",https://raw.githubusercontent.com/PokeAPI/sprites/master/sprites/pokemon/56.png,https://raw.githubusercontent.com/PokeAPI/sprites/master/sprites/pokemon/back/56.png
57,primeape,10,320,['fighting'],"['vital-spirit', 'anger-point', 'defiant']","{'hp': 65, 'attack': 105, 'defense': 60, 'special-attack': 60, 'special-defense': 70, 'speed': 95}",https://raw.githubusercontent.com/PokeAPI/sprites/master/sprites/pokemon/57.png,https://raw.githubusercontent.com/PokeAPI/sprites/master/sprites/pokemon/back/57.png
58,growlithe,7,190,['fire'],"['intimidate', 'flash-fire', 'justified']","{'hp': 55, 'attack': 70, 'defense': 45, 'special-attack': 70, 'special-defense': 50, 'speed': 60}",https://raw.githubusercontent.com/PokeAPI/sprites/master/sprites/pokemon/58.png,https://raw.githubusercontent.com/PokeAPI/sprites/master/sprites/pokemon/back/58.png
59,arcanine,19,1550,['fire'],"['intimidate', 'flash-fire', 'justified']","{'hp': 90, 'attack': 110, 'defense': 80, 'special-attack': 100, 'special-defense': 80, 'speed': 95}",https://raw.githubusercontent.com/PokeAPI/sprites/master/sprites/pokemon/59.png,https://raw.githubusercontent.com/PokeAPI/sprites/master/sprites/pokemon/back/59.png
60,poliwag,6,124,['water'],"['water-absorb', 'damp', 'swift-swim']","{'hp': 40, 'attack': 50, 'defense': 40, 'special-attack': 40, 'special-defense': 40, 'speed': 90}",https://raw.githubusercontent.com/PokeAPI/sprites/master/sprites/pokemon/60.png,https://raw.githubusercontent.com/PokeAPI/sprites/master/sprites/pokemon/back/60.png
61,poliwhirl,10,200,['water'],"['water-absorb', 'damp', 'swift-swim']","{'hp': 65, 'attack': 65, 'defense': 65, 'special-attack': 50, 'special-defense': 50, 'speed': 90}",https://raw.githubusercontent.com/PokeAPI/sprites/master/sprites/pokemon/61.png,https://raw.githubusercontent.com/PokeAPI/sprites/master/sprites/pokemon/back/61.png
62,poliwrath,13,540,"['water', 'fighting']","['water-absorb', 'damp', 'swift-swim']","{'hp': 90, 'attack': 95, 'defense': 95, 'special-attack': 70, 'special-defense': 90, 'speed': 70}",https://raw.githubusercontent.com/PokeAPI/sprites/master/sprites/pokemon/62.png,https://raw.githubusercontent.com/PokeAPI/sprites/master/sprites/pokemon/back/62.png
63,abra,9,195,['psychic'],"['synchronize', 'inner-focus', 'magic-guard']","{'hp': 25, 'attack': 20, 'defense': 15, 'special-attack': 105, 'special-defense': 55, 'speed': 90}",https://raw.githubusercontent.com/PokeAPI/sprites/master/sprites/pokemon/63.png,https://raw.githubusercontent.com/PokeAPI/sprites/master/sprites/pokemon/back/63.png
64,kadabra,13,565,['psychic'],"['synchronize', 'inner-focus', 'magic-guard']","{'hp': 40, 'attack': 35, 'defense': 30, 'special-attack': 120, 'special-defense': 70, 'speed': 105}",https://raw.githubusercontent.com/PokeAPI/sprites/master/sprites/pokemon/64.png,https://raw.githubusercontent.com/PokeAPI/sprites/master/sprites/pokemon/back/64.png
65,alakazam,15,480,['psychic'],"['synchronize', 'inner-focus', 'magic-guard']","{'hp': 55, 'attack': 50, 'defense': 45, 'special-attack': 135, 'special-defense': 95, 'speed': 120}",https://raw.githubusercontent.com/PokeAPI/sprites/master/sprites/pokemon/65.png,https://raw.githubusercontent.com/PokeAPI/sprites/master/sprites/pokemon/back/65.png
66,machop,8,195,['fighting'],"['guts', 'no-guard', 'steadfast']","{'hp': 70, 'attack': 80, 'defense': 50, 'special-attack': 35, 'special-defense': 35, 'speed': 35}",https://raw.githubusercontent.com/PokeAPI/sprites/master/sprites/pokemon/66.png,https://raw.githubusercontent.com/PokeAPI/sprites/master/sprites/pokemon/back/66.png
67,machoke,15,705,['fighting'],"['guts', 'no-guard', 'steadfast']","{'hp': 80, 'attack': 100, 'defense': 70, 'special-attack': 50, 'special-defense': 60, 'speed': 45}",https://raw.githubusercontent.com/PokeAPI/sprites/master/sprites/pokemon/67.png,https://raw.githubusercontent.com/PokeAPI/sprites/master/sprites/pokemon/back/67.png
68,machamp,16,1300,['fighting'],"['guts', 'no-guard', 'steadfast']","{'hp': 90, 'attack': 130, 'defense': 80, 'special-attack': 65, 'special-defense': 85, 'speed': 55}",https://raw.githubusercontent.com/PokeAPI/sprites/master/sprites/pokemon/68.png,https://raw.githubusercontent.com/PokeAPI/sprites/master/sprites/pokemon/back/68.png
69,bellsprout,7,40,"['grass', 'poison']","['chlorophyll', 'gluttony']","{'hp': 50, 'attack': 75, 'defense': 35, 'special-attack': 70, 'special-defense': 30, 'speed': 40}",https://raw.githubusercontent.com/PokeAPI/sprites/master/sprites/pokemon/69.png,https://raw.githubusercontent.com/PokeAPI/sprites/master/sprites/pokemon/back/69.png
70,weepinbell,10,64,"['grass', 'poison']","['chlorophyll', 'gluttony']","{'hp': 65, 'attack': 90, 'defense': 50, 'special-attack': 85, 'special-defense': 45, 'speed': 55}",https://raw.githubusercontent.com/PokeAPI/sprites/master/sprites/pokemon/70.png,https://raw.githubusercontent.com/PokeAPI/sprites/master/sprites/pokemon/back/70.png
71,victreebel,17,155,"['grass', 'poison']","['chlorophyll', 'gluttony']","{'hp': 80, 'attack': 105, 'defense': 65, 'special-attack': 100, 'special-defense': 70, 'speed': 70}",https://raw.githubusercontent.com/PokeAPI/sprites/master/sprites/pokemon/71.png,https://raw.githubusercontent.com/PokeAPI/sprites/master/sprites/pokemon/back/71.png
72,tentacool,9,455,"['water', 'poison']","['clear-body', 'liquid-ooze', 'rain-dish']","{'hp': 40, 'attack': 40, 'defense': 35, 'special-attack': 50, 'special-defense': 100, 'speed': 70}",https://raw.githubusercontent.com/PokeAPI/sprites/master/sprites/pokemon/72.png,https://raw.githubusercontent.com/PokeAPI/sprites/master/sprites/pokemon/back/72.png
73,tentacruel,16,550,"['water', 'poison']","['clear-body', 'liquid-ooze', 'rain-dish']","{'hp': 80, 'attack': 70, 'defense': 65, 'special-attack': 80, 'special-defense': 120, 'speed': 100}",https://raw.githubusercontent.com/PokeAPI/sprites/master/sprites/pokemon/73.png,https://raw.githubusercontent.com/PokeAPI/sprites/master/sprites/pokemon/back/73.png
74,geodude,4,200,"['rock', 'ground']","['rock-head', 'sturdy', 'sand-veil']","{'hp': 40, 'attack': 80, 'defense': 100, 'special-attack': 30, 'special-defense': 30, 'speed': 20}",https://raw.githubusercontent.com/PokeAPI/sprites/master/sprites/pokemon/74.png,https://raw.githubusercontent.com/PokeAPI/sprites/master/sprites/pokemon/back/74.png
75,graveler,10,1050,"['rock', 'ground']","['rock-head', 'sturdy', 'sand-veil']","{'hp': 55, 'attack': 95, 'defense': 115, 'special-attack': 45, 'special-defense': 45, 'speed': 35}",https://raw.githubusercontent.com/PokeAPI/sprites/master/sprites/pokemon/75.png,https://raw.githubusercontent.com/PokeAPI/sprites/master/sprites/pokemon/back/75.png
76,golem,14,3000,"['rock', 'ground']","['rock-head', 'sturdy', 'sand-veil']","{'hp': 80, 'attack': 120, 'defense': 130, 'special-attack': 55, 'special-defense': 65, 'speed': 45}",https://raw.githubusercontent.com/PokeAPI/sprites/master/sprites/pokemon/76.png,https://raw.githubusercontent.com/PokeAPI/sprites/master/sprites/pokemon/back/76.png
77,ponyta,10,300,['fire'],"['run-away', 'flash-fire', 'flame-body']","{'hp': 50, 'attack': 85, 'defense': 55, 'special-attack': 65, 'special-defense': 65, 'speed': 90}",https://raw.githubusercontent.com/PokeAPI/sprites/master/sprites/pokemon/77.png,https://raw.githubusercontent.com/PokeAPI/sprites/master/sprites/pokemon/back/77.png
78,rapidash,17,950,['fire'],"['run-away', 'flash-fire', 'flame-body']","{'hp': 65, 'attack': 100, 'defense': 70, 'special-attack': 80, 'special-defense': 80, 'speed': 105}",https://raw.githubusercontent.com/PokeAPI/sprites/master/sprites/pokemon/78.png,https://raw.githubusercontent.com/PokeAPI/sprites/master/sprites/pokemon/back/78.png
79,slowpoke,12,360,"['water', 'psychic']","['oblivious', 'own-tempo', 'regenerator']","{'hp': 90, 'attack': 65, 'defense': 65, 'special-attack': 40, 'special-defense': 40, 'speed': 15}",https://raw.githubusercontent.com/PokeAPI/sprites/master/sprites/pokemon/79.png,https://raw.githubusercontent.com/PokeAPI/sprites/master/sprites/pokemon/back/79.png
80,slowbro,16,785,"['water', 'psychic']","['oblivious', 'own-tempo', 'regenerator']","{'hp': 95, 'attack': 75, 'defense': 110, 'special-attack': 100, 'special-defense': 80, 'speed': 30}",https://raw.githubusercontent.com/PokeAPI/sprites/master/sprites/pokemon/80.png,https://raw.githubusercontent.com/PokeAPI/sprites/master/sprites/pokemon/back/80.png
81,magnemite,3,60,"['electric', 'steel']","['magnet-pull', 'sturdy', 'analytic']","{'hp': 25, 'attack': 35, 'defense': 70, 'special-attack': 95, 'special-defense': 55, 'speed': 45}",https://raw.githubusercontent.com/PokeAPI/sprites/master/sprites/pokemon/81.png,https://raw.githubusercontent.com/PokeAPI/sprites/master/sprites/pokemon/back/81.png
82,magneton,10,600,"['electric', 'steel']","['magnet-pull', 'sturdy', 'analytic']","{'hp': 50, 'attack': 60, 'defense': 95, 'special-attack': 120, 'special-defense': 70, 'speed': 70}",https://raw.githubusercontent.com/PokeAPI/sprites/master/sprites/pokemon/82.png,https://raw.githubusercontent.com/PokeAPI/sprites/master/sprites/pokemon/back/82.png
83,farfetchd,8,150,"['normal', 'flying']","['keen-eye', 'inner-focus', 'defiant']","{'hp': 52, 'attack': 90, 'defense': 55, 'special-attack': 58, 'special-defense': 62, 'speed': 60}",https://raw.githubusercontent.com/PokeAPI/sprites/master/sprites/pokemon/83.png,https://raw.githubusercontent.com/PokeAPI/sprites/master/sprites/pokemon/back/83.png
84,doduo,14,392,"['normal', 'flying']","['run-away', 'early-bird', 'tangled-feet']","{'hp': 35, 'attack': 85, 'defense': 45, 'special-attack': 35, 'special-defense': 35, 'speed': 75}",https://raw.githubusercontent.com/PokeAPI/sprites/master/sprites/pokemon/84.png,https://raw.githubusercontent.com/PokeAPI/sprites/master/sprites/pokemon/back/84.png
85,dodrio,18,852,"['normal', 'flying']","['run-away', 'early-bird', 'tangled-feet']","{'hp': 60, 'attack': 110, 'defense': 70, 'special-attack': 60, 'special-defense': 60, 'speed': 110}",https://raw.githubusercontent.com/PokeAPI/sprites/master/sprites/pokemon/85.png,https://raw.githubusercontent.com/PokeAPI/sprites/master/sprites/pokemon/back/85.png
86,seel,11,900,['water'],"['thick-fat', 'hydration', 'ice-body']","{'hp': 65, 'attack': 45, 'defense': 55, 'special-attack': 45, 'special-defense': 70, 'speed': 45}",https://raw.githubusercontent.com/PokeAPI/sprites/master/sprites/pokemon/86.png,https://raw.githubusercontent.com/PokeAPI/sprites/master/sprites/pokemon/back/86.png
87,dewgong,17,1200,"['water', 'ice']","['thick-fat', 'hydration', 'ice-body']","{'hp': 90, 'attack': 70, 'defense': 80, 'special-attack': 70, 'special-defense': 95, 'speed': 70}",https://raw.githubusercontent.com/PokeAPI/sprites/master/sprites/pokemon/87.png,https://raw.githubusercontent.com/PokeAPI/sprites/master/sprites/pokemon/back/87.png
88,grimer,9,300,['poison'],"['stench', 'sticky-hold', 'poison-touch']","{'hp': 80, 'attack': 80, 'defense': 50, 'special-attack': 40, 'special-defense': 50, 'speed': 25}",https://raw.githubusercontent.com/PokeAPI/sprites/master/sprites/pokemon/88.png,https://raw.githubusercontent.com/PokeAPI/sprites/master/sprites/pokemon/back/88.png
89,muk,12,300,['poison'],"['stench', 'sticky-hold', 'poison-touch']","{'hp': 105, 'attack': 105, 'defense': 75, 'special-attack': 65, 'special-defense': 100, 'speed': 50}",https://raw.githubusercontent.com/PokeAPI/sprites/master/sprites/pokemon/89.png,https://raw.githubusercontent.com/PokeAPI/sprites/master/sprites/pokemon/back/89.png
90,shellder,3,40,['water'],"['shell-armor', 'skill-link', 'overcoat']","{'hp': 30, 'attack': 65, 'defense': 100, 'special-attack': 45, 'special-defense': 25, 'speed': 40}",https://raw.githubusercontent.com/PokeAPI/sprites/master/sprites/pokemon/90.png,https://raw.githubusercontent.com/PokeAPI/sprites/master/sprites/pokemon/back/90.png
91,cloyster,15,1325,"['water', 'ice']","['shell-armor', 'skill-link', 'overcoat']","{'hp': 50, 'attack': 95, 'defense': 180, 'special-attack': 85, 'special-defense': 45, 'speed': 70}",https://raw.githubusercontent.com/PokeAPI/sprites/master/sprites/pokemon/91.png,https://raw.githubusercontent.com/PokeAPI/sprites/master/sprites/pokemon/back/91.png
92,gastly,13,1,"['ghost', 'poison']",['levitate'],"{'hp': 30, 'attack': 35, 'defense': 30, 'special-attack': 100, 'special-defense': 35, 'speed': 80}",https://raw.githubusercontent.com/PokeAPI/sprites/master/sprites/pokemon/92.png,https://raw.githubusercontent.com/PokeAPI/sprites/master/sprites/pokemon/back/92.png
93,haunter,16,1,"['ghost', 'poison']",['levitate'],"{'hp': 45, 'attack': 50, 'defense': 45, 'special-attack': 115, 'special-defense': 55, 'speed': 95}",https://raw.githubusercontent.com/PokeAPI/sprites/master/sprites/pokemon/93.png,https://raw.githubusercontent.com/PokeAPI/sprites/master/sprites/pokemon/back/93.png
94,gengar,15,405,"['ghost', 'poison']",['cursed-body'],"{'hp': 60, 'attack': 65, 'defense': 60, 'special-attack': 130, 'special-defense': 75, 'speed': 110}",https://raw.githubusercontent.com/PokeAPI/sprites/master/sprites/pokemon/94.png,https://raw.githubusercontent.com/PokeAPI/sprites/master/sprites/pokemon/back/94.png
95,onix,88,2100,"['rock', 'ground']","['rock-head', 'sturdy', 'weak-armor']","{'hp': 35, 'attack': 45, 'defense': 160, 'special-attack': 30, 'special-defense': 45, 'speed': 70}",https://raw.githubusercontent.com/PokeAPI/sprites/master/sprites/pokemon/95.png,https://raw.githubusercontent.com/PokeAPI/sprites/master/sprites/pokemon/back/95.png
96,drowzee,10,324,['psychic'],"['insomnia', 'forewarn', 'inner-focus']","{'hp': 60, 'attack': 48, 'defense': 45, 'special-attack': 43, 'special-defense': 90, 'speed': 42}",https://raw.githubusercontent.com/PokeAPI/sprites/master/sprites/pokemon/96.png,https://raw.githubusercontent.com/PokeAPI/sprites/master/sprites/pokemon/back/96.png
97,hypno,16,756,['psychic'],"['insomnia', 'forewarn', 'inner-focus']","{'hp': 85, 'attack': 73, 'defense': 70, 'special-attack': 73, 'special-defense': 115, 'speed': 67}",https://raw.githubusercontent.com/PokeAPI/sprites/master/sprites/pokemon/97.png,https://raw.githubusercontent.com/PokeAPI/sprites/master/sprites/pokemon/back/97.png
98,krabby,4,65,['water'],"['hyper-cutter', 'shell-armor', 'sheer-force']","{'hp': 30, 'attack': 105, 'defense': 90, 'special-attack': 25, 'special-defense': 25, 'speed': 50}",https://raw.githubusercontent.com/PokeAPI/sprites/master/sprites/pokemon/98.png,https://raw.githubusercontent.com/PokeAPI/sprites/master/sprites/pokemon/back/98.png
99,kingler,13,600,['water'],"['hyper-cutter', 'shell-armor', 'sheer-force']","{'hp': 55, 'attack': 130, 'defense': 115, 'special-attack': 50, 'special-defense': 50, 'speed': 75}",https://raw.githubusercontent.com/PokeAPI/sprites/master/sprites/pokemon/99.png,https://raw.githubusercontent.com/PokeAPI/sprites/master/sprites/pokemon/back/99.png
100,voltorb,5,104,['electric'],"['soundproof', 'static', 'aftermath']","{'hp': 40, 'attack': 30, 'defense': 50, 'special-attack': 55, 'special-defense': 55, 'speed': 100}",https://raw.githubusercontent.com/PokeAPI/sprites/master/sprites/pokemon/100.png,https://raw.githubusercontent.com/PokeAPI/sprites/master/sprites/pokemon/back/100.png
101,electrode,12,666,['electric'],"['soundproof', 'static', 'aftermath']","{'hp': 60, 'attack': 50, 'defense': 70, 'special-attack': 80, 'special-defense': 80, 'speed': 150}",https://raw.githubusercontent.com/PokeAPI/sprites/master/sprites/pokemon/101.png,https://raw.githubusercontent.com/PokeAPI/sprites/master/sprites/pokemon/back/101.png
102,exeggcute,4,25,"['grass', 'psychic']","['chlorophyll', 'harvest']","{'hp': 60, 'attack': 40, 'defense': 80, 'special-attack': 60, 'special-defense': 45, 'speed': 40}",https://raw.githubusercontent.com/PokeAPI/sprites/master/sprites/pokemon/102.png,https://raw.githubusercontent.com/PokeAPI/sprites/master/sprites/pokemon/back/102.png
103,exeggutor,20,1200,"['grass', 'psychic']","['chlorophyll', 'harvest']","{'hp': 95, 'attack': 95, 'defense': 85, 'special-attack': 125, 'special-defense': 75, 'speed': 55}",https://raw.githubusercontent.com/PokeAPI/sprites/master/sprites/pokemon/103.png,https://raw.githubusercontent.com/PokeAPI/sprites/master/sprites/pokemon/back/103.png
104,cubone,4,65,['ground'],"['rock-head', 'lightning-rod', 'battle-armor']","{'hp': 50, 'attack': 50, 'defense': 95, 'special-attack': 40, 'special-defense': 50, 'speed': 35}",https://raw.githubusercontent.com/PokeAPI/sprites/master/sprites/pokemon/104.png,https://raw.githubusercontent.com/PokeAPI/sprites/master/sprites/pokemon/back/104.png
105,marowak,10,450,['ground'],"['rock-head', 'lightning-rod', 'battle-armor']","{'hp': 60, 'attack': 80, 'defense': 110, 'special-attack': 50, 'special-defense': 80, 'speed': 45}",https://raw.githubusercontent.com/PokeAPI/sprites/master/sprites/pokemon/105.png,https://raw.githubusercontent.com/PokeAPI/sprites/master/sprites/pokemon/back/105.png
106,hitmonlee,15,498,['fighting'],"['limber', 'reckless', 'unburden']","{'hp': 50, 'attack': 120, 'defense': 53, 'special-attack': 35, 'special-defense': 110, 'speed': 87}",https://raw.githubusercontent.com/PokeAPI/sprites/master/sprites/pokemon/106.png,https://raw.githubusercontent.com/PokeAPI/sprites/master/sprites/pokemon/back/106.png
107,hitmonchan,14,502,['fighting'],"['keen-eye', 'iron-fist', 'inner-focus']","{'hp': 50, 'attack': 105, 'defense': 79, 'special-attack': 35, 'special-defense': 110, 'speed': 76}",https://raw.githubusercontent.com/PokeAPI/sprites/master/sprites/pokemon/107.png,https://raw.githubusercontent.com/PokeAPI/sprites/master/sprites/pokemon/back/107.png
108,lickitung,12,655,['normal'],"['own-tempo', 'oblivious', 'cloud-nine']","{'hp': 90, 'attack': 55, 'defense': 75, 'special-attack': 60, 'special-defense': 75, 'speed': 30}",https://raw.githubusercontent.com/PokeAPI/sprites/master/sprites/pokemon/108.png,https://raw.githubusercontent.com/PokeAPI/sprites/master/sprites/pokemon/back/108.png
109,koffing,6,10,['poison'],"['levitate', 'neutralizing-gas', 'stench']","{'hp': 40, 'attack': 65, 'defense': 95, 'special-attack': 60, 'special-defense': 45, 'speed': 35}",https://raw.githubusercontent.com/PokeAPI/sprites/master/sprites/pokemon/109.png,https://raw.githubusercontent.com/PokeAPI/sprites/master/sprites/pokemon/back/109.png
110,weezing,12,95,['poison'],"['levitate', 'neutralizing-gas', 'stench']","{'hp': 65, 'attack': 90, 'defense': 120, 'special-attack': 85, 'special-defense': 70, 'speed': 60}",https://raw.githubusercontent.com/PokeAPI/sprites/master/sprites/pokemon/110.png,https://raw.githubusercontent.com/PokeAPI/sprites/master/sprites/pokemon/back/110.png
111,rhyhorn,10,1150,"['ground', 'rock']","['lightning-rod', 'rock-head', 'reckless']","{'hp': 80, 'attack': 85, 'defense': 95, 'special-attack': 30, 'special-defense': 30, 'speed': 25}",https://raw.githubusercontent.com/PokeAPI/sprites/master/sprites/pokemon/111.png,https://raw.githubusercontent.com/PokeAPI/sprites/master/sprites/pokemon/back/111.png
112,rhydon,19,1200,"['ground', 'rock']","['lightning-rod', 'rock-head', 'reckless']","{'hp': 105, 'attack': 130, 'defense': 120, 'special-attack': 45, 'special-defense': 45, 'speed': 40}",https://raw.githubusercontent.com/PokeAPI/sprites/master/sprites/pokemon/112.png,https://raw.githubusercontent.com/PokeAPI/sprites/master/sprites/pokemon/back/112.png
113,chansey,11,346,['normal'],"['natural-cure', 'serene-grace', 'healer']","{'hp': 250, 'attack': 5, 'defense': 5, 'special-attack': 35, 'special-defense': 105, 'speed': 50}",https://raw.githubusercontent.com/PokeAPI/sprites/master/sprites/pokemon/113.png,https://raw.githubusercontent.com/PokeAPI/sprites/master/sprites/pokemon/back/113.png
114,tangela,10,350,['grass'],"['chlorophyll', 'leaf-guard', 'regenerator']","{'hp': 65, 'attack': 55, 'defense': 115, 'special-attack': 100, 'special-defense': 40, 'speed': 60}",https://raw.githubusercontent.com/PokeAPI/sprites/master/sprites/pokemon/114.png,https://raw.githubusercontent.com/PokeAPI/sprites/master/sprites/pokemon/back/114.png
115,kangaskhan,22,800,['normal'],"['early-bird', 'scrappy', 'inner-focus']","{'hp': 105, 'attack': 95, 'defense': 80, 'special-attack': 40, 'special-defense': 80, 'speed': 90}",https://raw.githubusercontent.com/PokeAPI/sprites/master/sprites/pokemon/115.png,https://raw.githubusercontent.com/PokeAPI/sprites/master/sprites/pokemon/back/115.png
116,horsea,4,80,['water'],"['swift-swim', 'sniper', 'damp']","{'hp': 30, 'attack': 40, 'defense': 70, 'special-attack': 70, 'special-defense': 25, 'speed': 60}",https://raw.githubusercontent.com/PokeAPI/sprites/master/sprites/pokemon/116.png,https://raw.githubusercontent.com/PokeAPI/sprites/master/sprites/pokemon/back/116.png
117,seadra,12,250,['water'],"['poison-point', 'sniper', 'damp']","{'hp': 55, 'attack': 65, 'defense': 95, 'special-attack': 95, 'special-defense': 45, 'speed': 85}",https://raw.githubusercontent.com/PokeAPI/sprites/master/sprites/pokemon/117.png,https://raw.githubusercontent.com/PokeAPI/sprites/master/sprites/pokemon/back/117.png
118,goldeen,6,150,['water'],"['swift-swim', 'water-veil', 'lightning-rod']","{'hp': 45, 'attack': 67, 'defense': 60, 'special-attack': 35, 'special-defense': 50, 'speed': 63}",https://raw.githubusercontent.com/PokeAPI/sprites/master/sprites/pokemon/118.png,https://raw.githubusercontent.com/PokeAPI/sprites/master/sprites/pokemon/back/118.png
119,seaking,13,390,['water'],"['swift-swim', 'water-veil', 'lightning-rod']","{'hp': 80, 'attack': 92, 'defense': 65, 'special-attack': 65, 'special-defense': 80, 'speed': 68}",https://raw.githubusercontent.com/PokeAPI/sprites/master/sprites/pokemon/119.png,https://raw.githubusercontent.com/PokeAPI/sprites/master/sprites/pokemon/back/119.png
120,staryu,8,345,['water'],"['illuminate', 'natural-cure', 'analytic']","{'hp': 30, 'attack': 45, 'defense': 55, 'special-attack': 70, 'special-defense': 55, 'speed': 85}",https://raw.githubusercontent.com/PokeAPI/sprites/master/sprites/pokemon/120.png,https://raw.githubusercontent.com/PokeAPI/sprites/master/sprites/pokemon/back/120.png
121,starmie,11,800,"['water', 'psychic']","['illuminate', 'natural-cure', 'analytic']","{'hp': 60, 'attack': 75, 'defense': 85, 'special-attack': 100, 'special-defense': 85, 'speed': 115}",https://raw.githubusercontent.com/PokeAPI/sprites/master/sprites/pokemon/121.png,https://raw.githubusercontent.com/PokeAPI/sprites/master/sprites/pokemon/back/121.png
122,mr-mime,13,545,"['psychic', 'fairy']","['soundproof', 'filter', 'technician']","{'hp': 40, 'attack': 45, 'defense': 65, 'special-attack': 100, 'special-defense': 120, 'speed': 90}",https://raw.githubusercontent.com/PokeAPI/sprites/master/sprites/pokemon/122.png,https://raw.githubusercontent.com/PokeAPI/sprites/master/sprites/pokemon/back/122.png
123,scyther,15,560,"['bug', 'flying']","['swarm', 'technician', 'steadfast']","{'hp': 70, 'attack': 110, 'defense': 80, 'special-attack': 55, 'special-defense': 80, 'speed': 105}",https://raw.githubusercontent.com/PokeAPI/sprites/master/sprites/pokemon/123.png,https://raw.githubusercontent.com/PokeAPI/sprites/master/sprites/pokemon/back/123.png
124,jynx,14,406,"['ice', 'psychic']","['oblivious', 'forewarn', 'dry-skin']","{'hp': 65, 'attack': 50, 'defense': 35, 'special-attack': 115, 'special-defense': 95, 'speed': 95}",https://raw.githubusercontent.com/PokeAPI/sprites/master/sprites/pokemon/124.png,https://raw.githubusercontent.com/PokeAPI/sprites/master/sprites/pokemon/back/124.png
125,electabuzz,11,300,['electric'],"['static', 'vital-spirit']","{'hp': 65, 'attack': 83, 'defense': 57, 'special-attack': 95, 'special-defense': 85, 'speed': 105}",https://raw.githubusercontent.com/PokeAPI/sprites/master/sprites/pokemon/125.png,https://raw.githubusercontent.com/PokeAPI/sprites/master/sprites/pokemon/back/125.png
126,magmar,13,445,['fire'],"['flame-body', 'vital-spirit']","{'hp': 65, 'attack': 95, 'defense': 57, 'special-attack': 100, 'special-defense': 85, 'speed': 93}",https://raw.githubusercontent.com/PokeAPI/sprites/master/sprites/pokemon/126.png,https://raw.githubusercontent.com/PokeAPI/sprites/master/sprites/pokemon/back/126.png
127,pinsir,15,550,['bug'],"['hyper-cutter', 'mold-breaker', 'moxie']","{'hp': 65, 'attack': 125, 'defense': 100, 'special-attack': 55, 'special-defense': 70, 'speed': 85}",https://raw.githubusercontent.com/PokeAPI/sprites/master/sprites/pokemon/127.png,https://raw.githubusercontent.com/PokeAPI/sprites/master/sprites/pokemon/back/127.png
128,tauros,14,884,['normal'],"['intimidate', 'anger-point', 'sheer-force']","{'hp': 75, 'attack': 100, 'defense': 95, 'special-attack': 40, 'special-defense': 70, 'speed': 110}",https://raw.githubusercontent.com/PokeAPI/sprites/master/sprites/pokemon/128.png,https://raw.githubusercontent.com/PokeAPI/sprites/master/sprites/pokemon/back/128.png
129,magikarp,9,100,['water'],"['swift-swim', 'rattled']","{'hp': 20, 'attack': 10, 'defense': 55, 'special-attack': 15, 'special-defense': 20, 'speed': 80}",https://raw.githubusercontent.com/PokeAPI/sprites/master/sprites/pokemon/129.png,https://raw.githubusercontent.com/PokeAPI/sprites/master/sprites/pokemon/back/129.png
130,gyarados,65,2350,"['water', 'flying']","['intimidate', 'moxie']","{'hp': 95, 'attack': 125, 'defense': 79, 'special-attack': 60, 'special-defense': 100, 'speed': 81}",https://raw.githubusercontent.com/PokeAPI/sprites/master/sprites/pokemon/130.png,https://raw.githubusercontent.com/PokeAPI/sprites/master/sprites/pokemon/back/130.png
131,lapras,25,2200,"['water', 'ice']","['water-absorb', 'shell-armor', 'hydration']","{'hp': 130, 'attack': 85, 'defense': 80, 'special-attack': 85, 'special-defense': 95, 'speed': 60}",https://raw.githubusercontent.com/PokeAPI/sprites/master/sprites/pokemon/131.png,https://raw.githubusercontent.com/PokeAPI/sprites/master/sprites/pokemon/back/131.png
132,ditto,3,40,['normal'],"['limber', 'imposter']","{'hp': 48, 'attack': 48, 'defense': 48, 'special-attack': 48, 'special-defense': 48, 'speed': 48}",https://raw.githubusercontent.com/PokeAPI/sprites/master/sprites/pokemon/132.png,https://raw.githubusercontent.com/PokeAPI/sprites/master/sprites/pokemon/back/132.png
133,eevee,3,65,['normal'],"['run-away', 'adaptability', 'anticipation']","{'hp': 55, 'attack': 55, 'defense': 50, 'special-attack': 45, 'special-defense': 65, 'speed': 55}",https://raw.githubusercontent.com/PokeAPI/sprites/master/sprites/pokemon/133.png,https://raw.githubusercontent.com/PokeAPI/sprites/master/sprites/pokemon/back/133.png
134,vaporeon,10,290,['water'],"['water-absorb', 'hydration']","{'hp': 130, 'attack': 65, 'defense': 60, 'special-attack': 110, 'special-defense': 95, 'speed': 65}",https://raw.githubusercontent.com/PokeAPI/sprites/master/sprites/pokemon/134.png,https://raw.githubusercontent.com/PokeAPI/sprites/master/sprites/pokemon/back/134.png
135,jolteon,8,245,['electric'],"['volt-absorb', 'quick-feet']","{'hp': 65, 'attack': 65, 'defense': 60, 'special-attack': 110, 'special-defense': 95, 'speed': 130}",https://raw.githubusercontent.com/PokeAPI/sprites/master/sprites/pokemon/135.png,https://raw.githubusercontent.com/PokeAPI/sprites/master/sprites/pokemon/back/135.png
136,flareon,9,250,['fire'],"['flash-fire', 'guts']","{'hp': 65, 'attack': 130, 'defense': 60, 'special-attack': 95, 'special-defense': 110, 'speed': 65}",https://raw.githubusercontent.com/PokeAPI/sprites/master/sprites/pokemon/136.png,https://raw.githubusercontent.com/PokeAPI/sprites/master/sprites/pokemon/back/136.png
137,porygon,8,365,['normal'],"['trace', 'download', 'analytic']","{'hp': 65, 'attack': 60, 'defense': 70, 'special-attack': 85, 'special-defense': 75, 'speed': 40}",https://raw.githubusercontent.com/PokeAPI/sprites/master/sprites/pokemon/137.png,https://raw.githubusercontent.com/PokeAPI/sprites/master/sprites/pokemon/back/137.png
138,omanyte,4,75,"['rock', 'water']","['swift-swim', 'shell-armor', 'weak-armor']","{'hp': 35, 'attack': 40, 'defense': 100, 'special-attack': 90, 'special-defense': 55, 'speed': 35}",https://raw.githubusercontent.com/PokeAPI/sprites/master/sprites/pokemon/138.png,https://raw.githubusercontent.com/PokeAPI/sprites/master/sprites/pokemon/back/138.png
139,omastar,10,350,"['rock', 'water']","['swift-swim', 'shell-armor', 'weak-armor']","{'hp': 70, 'attack': 60, 'defense': 125, 'special-attack': 115, 'special-defense': 70, 'speed': 55}",https://raw.githubusercontent.com/PokeAPI/sprites/master/sprites/pokemon/139.png,https://raw.githubusercontent.com/PokeAPI/sprites/master/sprites/pokemon/back/139.png
140,kabuto,5,115,"['rock', 'water']","['swift-swim', 'battle-armor', 'weak-armor']","{'hp': 30, 'attack': 80, 'defense': 90, 'special-attack': 55, 'special-defense': 45, 'speed': 55}",https://raw.githubusercontent.com/PokeAPI/sprites/master/sprites/pokemon/140.png,https://raw.githubusercontent.com/PokeAPI/sprites/master/sprites/pokemon/back/140.png
141,kabutops,13,405,"['rock', 'water']","['swift-swim', 'battle-armor', 'weak-armor']","{'hp': 60, 'attack': 115, 'defense': 105, 'special-attack': 65, 'special-defense': 70, 'speed': 80}",https://raw.githubusercontent.com/PokeAPI/sprites/master/sprites/pokemon/141.png,https://raw.githubusercontent.com/PokeAPI/sprites/master/sprites/pokemon/back/141.png
142,aerodactyl,18,590,"['rock', 'flying']","['rock-head', 'pressure', 'unnerve']","{'hp': 80, 'attack': 105, 'defense': 65, 'special-attack': 60, 'special-defense': 75, 'speed': 130}",https://raw.githubusercontent.com/PokeAPI/sprites/master/sprites/pokemon/142.png,https://raw.githubusercontent.com/PokeAPI/sprites/master/sprites/pokemon/back/142.png
143,snorlax,21,4600,['normal'],"['immunity', 'thick-fat', 'gluttony']","{'hp': 160, 'attack': 110, 'defense': 65, 'special-attack': 65, 'special-defense': 110, 'speed': 30}",https://raw.githubusercontent.com/PokeAPI/sprites/master/sprites/pokemon/143.png,https://raw.githubusercontent.com/PokeAPI/sprites/master/sprites/pokemon/back/143.png
144,articuno,17,554,"['ice', 'flying']","['pressure', 'snow-cloak']","{'hp': 90, 'attack': 85, 'defense': 100, 'special-attack': 95, 'special-defense': 125, 'speed': 85}",https://raw.githubusercontent.com/PokeAPI/sprites/master/sprites/pokemon/144.png,https://raw.githubusercontent.com/PokeAPI/sprites/master/sprites/pokemon/back/144.png
145,zapdos,16,526,"['electric', 'flying']","['pressure', 'static']","{'hp': 90, 'attack': 90, 'defense': 85, 'special-attack': 125, 'special-defense': 90, 'speed': 100}",https://raw.githubusercontent.com/PokeAPI/sprites/master/sprites/pokemon/145.png,https://raw.githubusercontent.com/PokeAPI/sprites/master/sprites/pokemon/back/145.png
146,moltres,20,600,"['fire', 'flying']","['pressure', 'flame-body']","{'hp': 90, 'attack': 100, 'defense': 90, 'special-attack': 125, 'special-defense': 85, 'speed': 90}",https://raw.githubusercontent.com/PokeAPI/sprites/master/sprites/pokemon/146.png,https://raw.githubusercontent.com/PokeAPI/sprites/master/sprites/pokemon/back/146.png
147,dratini,18,33,['dragon'],"['shed-skin', 'marvel-scale']","{'hp': 41, 'attack': 64, 'defense': 45, 'special-attack': 50, 'special-defense': 50, 'speed': 50}",https://raw.githubusercontent.com/PokeAPI/sprites/master/sprites/pokemon/147.png,https://raw.githubusercontent.com/PokeAPI/sprites/master/sprites/pokemon/back/147.png
148,dragonair,40,165,['dragon'],"['shed-skin', 'marvel-scale']","{'hp': 61, 'attack': 84, 'defense': 65, 'special-attack': 70, 'special-defense': 70, 'speed': 70}",https://raw.githubusercontent.com/PokeAPI/sprites/master/sprites/pokemon/148.png,https://raw.githubusercontent.com/PokeAPI/sprites/master/sprites/pokemon/back/148.png
149,dragonite,22,2100,"['dragon', 'flying']","['inner-focus', 'multiscale']","{'hp': 91, 'attack': 134, 'defense': 95, 'special-attack': 100, 'special-defense': 100, 'speed': 80}",https://raw.githubusercontent.com/PokeAPI/sprites/master/sprites/pokemon/149.png,https://raw.githubusercontent.com/PokeAPI/sprites/master/sprites/pokemon/back/149.png
150,mewtwo,20,1220,['psychic'],"['pressure', 'unnerve']","{'hp': 106, 'attack': 110, 'defense': 90, 'special-attack': 154, 'special-defense': 90, 'speed': 130}",https://raw.githubusercontent.com/PokeAPI/sprites/master/sprites/pokemon/150.png,https://raw.githubusercontent.com/PokeAPI/sprites/master/sprites/pokemon/back/150.png
151,mew,4,40,['psychic'],['synchronize'],"{'hp': 100, 'attack': 100, 'defense': 100, 'special-attack': 100, 'special-defense': 100, 'speed': 100}",https://raw.githubusercontent.com/PokeAPI/sprites/master/sprites/pokemon/151.png,https://raw.githubusercontent.com/PokeAPI/sprites/master/sprites/pokemon/back/151.png
152,chikorita,9,64,['grass'],"['overgrow', 'leaf-guard']","{'hp': 45, 'attack': 49, 'defense': 65, 'special-attack': 49, 'special-defense': 65, 'speed': 45}",https://raw.githubusercontent.com/PokeAPI/sprites/master/sprites/pokemon/152.png,https://raw.githubusercontent.com/PokeAPI/sprites/master/sprites/pokemon/back/152.png
153,bayleef,12,158,['grass'],"['overgrow', 'leaf-guard']","{'hp': 60, 'attack': 62, 'defense': 80, 'special-attack': 63, 'special-defense': 80, 'speed': 60}",https://raw.githubusercontent.com/PokeAPI/sprites/master/sprites/pokemon/153.png,https://raw.githubusercontent.com/PokeAPI/sprites/master/sprites/pokemon/back/153.png
154,meganium,18,1005,['grass'],"['overgrow', 'leaf-guard']","{'hp': 80, 'attack': 82, 'defense': 100, 'special-attack': 83, 'special-defense': 100, 'speed': 80}",https://raw.githubusercontent.com/PokeAPI/sprites/master/sprites/pokemon/154.png,https://raw.githubusercontent.com/PokeAPI/sprites/master/sprites/pokemon/back/154.png
155,cyndaquil,5,79,['fire'],"['blaze', 'flash-fire']","{'hp': 39, 'attack': 52, 'defense': 43, 'special-attack': 60, 'special-defense': 50, 'speed': 65}",https://raw.githubusercontent.com/PokeAPI/sprites/master/sprites/pokemon/155.png,https://raw.githubusercontent.com/PokeAPI/sprites/master/sprites/pokemon/back/155.png
156,quilava,9,190,['fire'],"['blaze', 'flash-fire']","{'hp': 58, 'attack': 64, 'defense': 58, 'special-attack': 80, 'special-defense': 65, 'speed': 80}",https://raw.githubusercontent.com/PokeAPI/sprites/master/sprites/pokemon/156.png,https://raw.githubusercontent.com/PokeAPI/sprites/master/sprites/pokemon/back/156.png
157,typhlosion,17,795,['fire'],"['blaze', 'flash-fire']","{'hp': 78, 'attack': 84, 'defense': 78, 'special-attack': 109, 'special-defense': 85, 'speed': 100}",https://raw.githubusercontent.com/PokeAPI/sprites/master/sprites/pokemon/157.png,https://raw.githubusercontent.com/PokeAPI/sprites/master/sprites/pokemon/back/157.png
158,totodile,6,95,['water'],"['torrent', 'sheer-force']","{'hp': 50, 'attack': 65, 'defense': 64, 'special-attack': 44, 'special-defense': 48, 'speed': 43}",https://raw.githubusercontent.com/PokeAPI/sprites/master/sprites/pokemon/158.png,https://raw.githubusercontent.com/PokeAPI/sprites/master/sprites/pokemon/back/158.png
159,croconaw,11,250,['water'],"['torrent', 'sheer-force']","{'hp': 65, 'attack': 80, 'defense': 80, 'special-attack': 59, 'special-defense': 63, 'speed': 58}",https://raw.githubusercontent.com/PokeAPI/sprites/master/sprites/pokemon/159.png,https://raw.githubusercontent.com/PokeAPI/sprites/master/sprites/pokemon/back/159.png
160,feraligatr,23,888,['water'],"['torrent', 'sheer-force']","{'hp': 85, 'attack': 105, 'defense': 100, 'special-attack': 79, 'special-defense': 83, 'speed': 78}",https://raw.githubusercontent.com/PokeAPI/sprites/master/sprites/pokemon/160.png,https://raw.githubusercontent.com/PokeAPI/sprites/master/sprites/pokemon/back/160.png
161,sentret,8,60,['normal'],"['run-away', 'keen-eye', 'frisk']","{'hp': 35, 'attack': 46, 'defense': 34, 'special-attack': 35, 'special-defense': 45, 'speed': 20}",https://raw.githubusercontent.com/PokeAPI/sprites/master/sprites/pokemon/161.png,https://raw.githubusercontent.com/PokeAPI/sprites/master/sprites/pokemon/back/161.png
162,furret,18,325,['normal'],"['run-away', 'keen-eye', 'frisk']","{'hp': 85, 'attack': 76, 'defense': 64, 'special-attack': 45, 'special-defense': 55, 'speed': 90}",https://raw.githubusercontent.com/PokeAPI/sprites/master/sprites/pokemon/162.png,https://raw.githubusercontent.com/PokeAPI/sprites/master/sprites/pokemon/back/162.png
163,hoothoot,7,212,"['normal', 'flying']","['insomnia', 'keen-eye', 'tinted-lens']","{'hp': 60, 'attack': 30, 'defense': 30, 'special-attack': 36, 'special-defense': 56, 'speed': 50}",https://raw.githubusercontent.com/PokeAPI/sprites/master/sprites/pokemon/163.png,https://raw.githubusercontent.com/PokeAPI/sprites/master/sprites/pokemon/back/163.png
164,noctowl,16,408,"['normal', 'flying']","['insomnia', 'keen-eye', 'tinted-lens']","{'hp': 100, 'attack': 50, 'defense': 50, 'special-attack': 86, 'special-defense': 96, 'speed': 70}",https://raw.githubusercontent.com/PokeAPI/sprites/master/sprites/pokemon/164.png,https://raw.githubusercontent.com/PokeAPI/sprites/master/sprites/pokemon/back/164.png
165,ledyba,10,108,"['bug', 'flying']","['swarm', 'early-bird', 'rattled']","{'hp': 40, 'attack': 20, 'defense': 30, 'special-attack': 40, 'special-defense': 80, 'speed': 55}",https://raw.githubusercontent.com/PokeAPI/sprites/master/sprites/pokemon/165.png,https://raw.githubusercontent.com/PokeAPI/sprites/master/sprites/pokemon/back/165.png
166,ledian,14,356,"['bug', 'flying']","['swarm', 'early-bird', 'iron-fist']","{'hp': 55, 'attack': 35, 'defense': 50, 'special-attack': 55, 'special-defense': 110, 'speed': 85}",https://raw.githubusercontent.com/PokeAPI/sprites/master/sprites/pokemon/166.png,https://raw.githubusercontent.com/PokeAPI/sprites/master/sprites/pokemon/back/166.png
167,spinarak,5,85,"['bug', 'poison']","['swarm', 'insomnia', 'sniper']","{'hp': 40, 'attack': 60, 'defense': 40, 'special-attack': 40, 'special-defense': 40, 'speed': 30}",https://raw.githubusercontent.com/PokeAPI/sprites/master/sprites/pokemon/167.png,https://raw.githubusercontent.com/PokeAPI/sprites/master/sprites/pokemon/back/167.png
168,ariados,11,335,"['bug', 'poison']","['swarm', 'insomnia', 'sniper']","{'hp': 70, 'attack': 90, 'defense': 70, 'special-attack': 60, 'special-defense': 70, 'speed': 40}",https://raw.githubusercontent.com/PokeAPI/sprites/master/sprites/pokemon/168.png,https://raw.githubusercontent.com/PokeAPI/sprites/master/sprites/pokemon/back/168.png
169,crobat,18,750,"['poison', 'flying']","['inner-focus', 'infiltrator']","{'hp': 85, 'attack': 90, 'defense': 80, 'special-attack': 70, 'special-defense': 80, 'speed': 130}",https://raw.githubusercontent.com/PokeAPI/sprites/master/sprites/pokemon/169.png,https://raw.githubusercontent.com/PokeAPI/sprites/master/sprites/pokemon/back/169.png
170,chinchou,5,120,"['water', 'electric']","['volt-absorb', 'illuminate', 'water-absorb']","{'hp': 75, 'attack': 38, 'defense': 38, 'special-attack': 56, 'special-defense': 56, 'speed': 67}",https://raw.githubusercontent.com/PokeAPI/sprites/master/sprites/pokemon/170.png,https://raw.githubusercontent.com/PokeAPI/sprites/master/sprites/pokemon/back/170.png
171,lanturn,12,225,"['water', 'electric']","['volt-absorb', 'illuminate', 'water-absorb']","{'hp': 125, 'attack': 58, 'defense': 58, 'special-attack': 76, 'special-defense': 76, 'speed': 67}",https://raw.githubusercontent.com/PokeAPI/sprites/master/sprites/pokemon/171.png,https://raw.githubusercontent.com/PokeAPI/sprites/master/sprites/pokemon/back/171.png
172,pichu,3,20,['electric'],"['static', 'lightning-rod']","{'hp': 20, 'attack': 40, 'defense': 15, 'special-attack': 35, 'special-defense': 35, 'speed': 60}",https://raw.githubusercontent.com/PokeAPI/sprites/master/sprites/pokemon/172.png,https://raw.githubusercontent.com/PokeAPI/sprites/master/sprites/pokemon/back/172.png
173,cleffa,3,30,['fairy'],"['cute-charm', 'magic-guard', 'friend-guard']","{'hp': 50, 'attack': 25, 'defense': 28, 'special-attack': 45, 'special-defense': 55, 'speed': 15}",https://raw.githubusercontent.com/PokeAPI/sprites/master/sprites/pokemon/173.png,https://raw.githubusercontent.com/PokeAPI/sprites/master/sprites/pokemon/back/173.png
174,igglybuff,3,10,"['normal', 'fairy']","['cute-charm', 'competitive', 'friend-guard']","{'hp': 90, 'attack': 30, 'defense': 15, 'special-attack': 40, 'special-defense': 20, 'speed': 15}",https://raw.githubusercontent.com/PokeAPI/sprites/master/sprites/pokemon/174.png,https://raw.githubusercontent.com/PokeAPI/sprites/master/sprites/pokemon/back/174.png
175,togepi,3,15,['fairy'],"['hustle', 'serene-grace', 'super-luck']","{'hp': 35, 'attack': 20, 'defense': 65, 'special-attack': 40, 'special-defense': 65, 'speed': 20}",https://raw.githubusercontent.com/PokeAPI/sprites/master/sprites/pokemon/175.png,https://raw.githubusercontent.com/PokeAPI/sprites/master/sprites/pokemon/back/175.png
176,togetic,6,32,"['fairy', 'flying']","['hustle', 'serene-grace', 'super-luck']","{'hp': 55, 'attack': 40, 'defense': 85, 'special-attack': 80, 'special-defense': 105, 'speed': 40}",https://raw.githubusercontent.com/PokeAPI/sprites/master/sprites/pokemon/176.png,https://raw.githubusercontent.com/PokeAPI/sprites/master/sprites/pokemon/back/176.png
177,natu,2,20,"['psychic', 'flying']","['synchronize', 'early-bird', 'magic-bounce']","{'hp': 40, 'attack': 50, 'defense': 45, 'special-attack': 70, 'special-defense': 45, 'speed': 70}",https://raw.githubusercontent.com/PokeAPI/sprites/master/sprites/pokemon/177.png,https://raw.githubusercontent.com/PokeAPI/sprites/master/sprites/pokemon/back/177.png
178,xatu,15,150,"['psychic', 'flying']","['synchronize', 'early-bird', 'magic-bounce']","{'hp': 65, 'attack': 75, 'defense': 70, 'special-attack': 95, 'special-defense': 70, 'speed': 95}",https://raw.githubusercontent.com/PokeAPI/sprites/master/sprites/pokemon/178.png,https://raw.githubusercontent.com/PokeAPI/sprites/master/sprites/pokemon/back/178.png
179,mareep,6,78,['electric'],"['static', 'plus']","{'hp': 55, 'attack': 40, 'defense': 40, 'special-attack': 65, 'special-defense': 45, 'speed': 35}",https://raw.githubusercontent.com/PokeAPI/sprites/master/sprites/pokemon/179.png,https://raw.githubusercontent.com/PokeAPI/sprites/master/sprites/pokemon/back/179.png
180,flaaffy,8,133,['electric'],"['static', 'plus']","{'hp': 70, 'attack': 55, 'defense': 55, 'special-attack': 80, 'special-defense': 60, 'speed': 45}",https://raw.githubusercontent.com/PokeAPI/sprites/master/sprites/pokemon/180.png,https://raw.githubusercontent.com/PokeAPI/sprites/master/sprites/pokemon/back/180.png
181,ampharos,14,615,['electric'],"['static', 'plus']","{'hp': 90, 'attack': 75, 'defense': 85, 'special-attack': 115, 'special-defense': 90, 'speed': 55}",https://raw.githubusercontent.com/PokeAPI/sprites/master/sprites/pokemon/181.png,https://raw.githubusercontent.com/PokeAPI/sprites/master/sprites/pokemon/back/181.png
182,bellossom,4,58,['grass'],"['chlorophyll', 'healer']","{'hp': 75, 'attack': 80, 'defense': 95, 'special-attack': 90, 'special-defense': 100, 'speed': 50}",https://raw.githubusercontent.com/PokeAPI/sprites/master/sprites/pokemon/182.png,https://raw.githubusercontent.com/PokeAPI/sprites/master/sprites/pokemon/back/182.png
183,marill,4,85,"['water', 'fairy']","['thick-fat', 'huge-power', 'sap-sipper']","{'hp': 70, 'attack': 20, 'defense': 50, 'special-attack': 20, 'special-defense': 50, 'speed': 40}",https://raw.githubusercontent.com/PokeAPI/sprites/master/sprites/pokemon/183.png,https://raw.githubusercontent.com/PokeAPI/sprites/master/sprites/pokemon/back/183.png
184,azumarill,8,285,"['water', 'fairy']","['thick-fat', 'huge-power', 'sap-sipper']","{'hp': 100, 'attack': 50, 'defense': 80, 'special-attack': 60, 'special-defense': 80, 'speed': 50}",https://raw.githubusercontent.com/PokeAPI/sprites/master/sprites/pokemon/184.png,https://raw.githubusercontent.com/PokeAPI/sprites/master/sprites/pokemon/back/184.png
185,sudowoodo,12,380,['rock'],"['sturdy', 'rock-head', 'rattled']","{'hp': 70, 'attack': 100, 'defense': 115, 'special-attack': 30, 'special-defense': 65, 'speed': 30}",https://raw.githubusercontent.com/PokeAPI/sprites/master/sprites/pokemon/185.png,https://raw.githubusercontent.com/PokeAPI/sprites/master/sprites/pokemon/back/185.png
186,politoed,11,339,['water'],"['water-absorb', 'damp', 'drizzle']","{'hp': 90, 'attack': 75, 'defense': 75, 'special-attack': 90, 'special-defense': 100, 'speed': 70}",https://raw.githubusercontent.com/PokeAPI/sprites/master/sprites/pokemon/186.png,https://raw.githubusercontent.com/PokeAPI/sprites/master/sprites/pokemon/back/186.png
187,hoppip,4,5,"['grass', 'flying']","['chlorophyll', 'leaf-guard', 'infiltrator']","{'hp': 35, 'attack': 35, 'defense': 40, 'special-attack': 35, 'special-defense': 55, 'speed': 50}",https://raw.githubusercontent.com/PokeAPI/sprites/master/sprites/pokemon/187.png,https://raw.githubusercontent.com/PokeAPI/sprites/master/sprites/pokemon/back/187.png
188,skiploom,6,10,"['grass', 'flying']","['chlorophyll', 'leaf-guard', 'infiltrator']","{'hp': 55, 'attack': 45, 'defense': 50, 'special-attack': 45, 'special-defense': 65, 'speed': 80}",https://raw.githubusercontent.com/PokeAPI/sprites/master/sprites/pokemon/188.png,https://raw.githubusercontent.com/PokeAPI/sprites/master/sprites/pokemon/back/188.png
189,jumpluff,8,30,"['grass', 'flying']","['chlorophyll', 'leaf-guard', 'infiltrator']","{'hp': 75, 'attack': 55, 'defense': 70, 'special-attack': 55, 'special-defense': 95, 'speed': 110}",https://raw.githubusercontent.com/PokeAPI/sprites/master/sprites/pokemon/189.png,https://raw.githubusercontent.com/PokeAPI/sprites/master/sprites/pokemon/back/189.png
190,aipom,8,115,['normal'],"['run-away', 'pickup', 'skill-link']","{'hp': 55, 'attack': 70, 'defense': 55, 'special-attack': 40, 'special-defense': 55, 'speed': 85}",https://raw.githubusercontent.com/PokeAPI/sprites/master/sprites/pokemon/190.png,https://raw.githubusercontent.com/PokeAPI/sprites/master/sprites/pokemon/back/190.png
191,sunkern,3,18,['grass'],"['chlorophyll', 'solar-power', 'early-bird']","{'hp': 30, 'attack': 30, 'defense': 30, 'special-attack': 30, 'special-defense': 30, 'speed': 30}",https://raw.githubusercontent.com/PokeAPI/sprites/master/sprites/pokemon/191.png,https://raw.githubusercontent.com/PokeAPI/sprites/master/sprites/pokemon/back/191.png
192,sunflora,8,85,['grass'],"['chlorophyll', 'solar-power', 'early-bird']","{'hp': 75, 'attack': 75, 'defense': 55, 'special-attack': 105, 'special-defense': 85, 'speed': 30}",https://raw.githubusercontent.com/PokeAPI/sprites/master/sprites/pokemon/192.png,https://raw.githubusercontent.com/PokeAPI/sprites/master/sprites/pokemon/back/192.png
193,yanma,12,380,"['bug', 'flying']","['speed-boost', 'compound-eyes', 'frisk']","{'hp': 65, 'attack': 65, 'defense': 45, 'special-attack': 75, 'special-defense': 45, 'speed': 95}",https://raw.githubusercontent.com/PokeAPI/sprites/master/sprites/pokemon/193.png,https://raw.githubusercontent.com/PokeAPI/sprites/master/sprites/pokemon/back/193.png
194,wooper,4,85,"['water', 'ground']","['damp', 'water-absorb', 'unaware']","{'hp': 55, 'attack': 45, 'defense': 45, 'special-attack': 25, 'special-defense': 25, 'speed': 15}",https://raw.githubusercontent.com/PokeAPI/sprites/master/sprites/pokemon/194.png,https://raw.githubusercontent.com/PokeAPI/sprites/master/sprites/pokemon/back/194.png
195,quagsire,14,750,"['water', 'ground']","['damp', 'water-absorb', 'unaware']","{'hp': 95, 'attack': 85, 'defense': 85, 'special-attack': 65, 'special-defense': 65, 'speed': 35}",https://raw.githubusercontent.com/PokeAPI/sprites/master/sprites/pokemon/195.png,https://raw.githubusercontent.com/PokeAPI/sprites/master/sprites/pokemon/back/195.png
196,espeon,9,265,['psychic'],"['synchronize', 'magic-bounce']","{'hp': 65, 'attack': 65, 'defense': 60, 'special-attack': 130, 'special-defense': 95, 'speed': 110}",https://raw.githubusercontent.com/PokeAPI/sprites/master/sprites/pokemon/196.png,https://raw.githubusercontent.com/PokeAPI/sprites/master/sprites/pokemon/back/196.png
197,umbreon,10,270,['dark'],"['synchronize', 'inner-focus']","{'hp': 95, 'attack': 65, 'defense': 110, 'special-attack': 60, 'special-defense': 130, 'speed': 65}",https://raw.githubusercontent.com/PokeAPI/sprites/master/sprites/pokemon/197.png,https://raw.githubusercontent.com/PokeAPI/sprites/master/sprites/pokemon/back/197.png
198,murkrow,5,21,"['dark', 'flying']","['insomnia', 'super-luck', 'prankster']","{'hp': 60, 'attack': 85, 'defense': 42, 'special-attack': 85, 'special-defense': 42, 'speed': 91}",https://raw.githubusercontent.com/PokeAPI/sprites/master/sprites/pokemon/198.png,https://raw.githubusercontent.com/PokeAPI/sprites/master/sprites/pokemon/back/198.png
199,slowking,20,795,"['water', 'psychic']","['oblivious', 'own-tempo', 'regenerator']","{'hp': 95, 'attack': 75, 'defense': 80, 'special-attack': 100, 'special-defense': 110, 'speed': 30}",https://raw.githubusercontent.com/PokeAPI/sprites/master/sprites/pokemon/199.png,https://raw.githubusercontent.com/PokeAPI/sprites/master/sprites/pokemon/back/199.png
200,misdreavus,7,10,['ghost'],['levitate'],"{'hp': 60, 'attack': 60, 'defense': 60, 'special-attack': 85, 'special-defense': 85, 'speed': 85}",https://raw.githubusercontent.com/PokeAPI/sprites/master/sprites/pokemon/200.png,https://raw.githubusercontent.com/PokeAPI/sprites/master/sprites/pokemon/back/200.png
201,unown,5,50,['psychic'],['levitate'],"{'hp': 48, 'attack': 72, 'defense': 48, 'special-attack': 72, 'special-defense': 48, 'speed': 48}",https://raw.githubusercontent.com/PokeAPI/sprites/master/sprites/pokemon/201.png,https://raw.githubusercontent.com/PokeAPI/sprites/master/sprites/pokemon/back/201.png
202,wobbuffet,13,285,['psychic'],"['shadow-tag', 'telepathy']","{'hp': 190, 'attack': 33, 'defense': 58, 'special-attack': 33, 'special-defense': 58, 'speed': 33}",https://raw.githubusercontent.com/PokeAPI/sprites/master/sprites/pokemon/202.png,https://raw.githubusercontent.com/PokeAPI/sprites/master/sprites/pokemon/back/202.png
203,girafarig,15,415,"['normal', 'psychic']","['inner-focus', 'early-bird', 'sap-sipper']","{'hp': 70, 'attack': 80, 'defense': 65, 'special-attack': 90, 'special-defense': 65, 'speed': 85}",https://raw.githubusercontent.com/PokeAPI/sprites/master/sprites/pokemon/203.png,https://raw.githubusercontent.com/PokeAPI/sprites/master/sprites/pokemon/back/203.png
204,pineco,6,72,['bug'],"['sturdy', 'overcoat']","{'hp': 50, 'attack': 65, 'defense': 90, 'special-attack': 35, 'special-defense': 35, 'speed': 15}",https://raw.githubusercontent.com/PokeAPI/sprites/master/sprites/pokemon/204.png,https://raw.githubusercontent.com/PokeAPI/sprites/master/sprites/pokemon/back/204.png
205,forretress,12,1258,"['bug', 'steel']","['sturdy', 'overcoat']","{'hp': 75, 'attack': 90, 'defense': 140, 'special-attack': 60, 'special-defense': 60, 'speed': 40}",https://raw.githubusercontent.com/PokeAPI/sprites/master/sprites/pokemon/205.png,https://raw.githubusercontent.com/PokeAPI/sprites/master/sprites/pokemon/back/205.png
206,dunsparce,15,140,['normal'],"['serene-grace', 'run-away', 'rattled']","{'hp': 100, 'attack': 70, 'defense': 70, 'special-attack': 65, 'special-defense': 65, 'speed': 45}",https://raw.githubusercontent.com/PokeAPI/sprites/master/sprites/pokemon/206.png,https://raw.githubusercontent.com/PokeAPI/sprites/master/sprites/pokemon/back/206.png
207,gligar,11,648,"['ground', 'flying']","['hyper-cutter', 'sand-veil', 'immunity']","{'hp': 65, 'attack': 75, 'defense': 105, 'special-attack': 35, 'special-defense': 65, 'speed': 85}",https://raw.githubusercontent.com/PokeAPI/sprites/master/sprites/pokemon/207.png,https://raw.githubusercontent.com/PokeAPI/sprites/master/sprites/pokemon/back/207.png
208,steelix,92,4000,"['steel', 'ground']","['rock-head', 'sturdy', 'sheer-force']","{'hp': 75, 'attack': 85, 'defense': 200, 'special-attack': 55, 'special-defense': 65, 'speed': 30}",https://raw.githubusercontent.com/PokeAPI/sprites/master/sprites/pokemon/208.png,https://raw.githubusercontent.com/PokeAPI/sprites/master/sprites/pokemon/back/208.png
209,snubbull,6,78,['fairy'],"['intimidate', 'run-away', 'rattled']","{'hp': 60, 'attack': 80, 'defense': 50, 'special-attack': 40, 'special-defense': 40, 'speed': 30}",https://raw.githubusercontent.com/PokeAPI/sprites/master/sprites/pokemon/209.png,https://raw.githubusercontent.com/PokeAPI/sprites/master/sprites/pokemon/back/209.png
210,granbull,14,487,['fairy'],"['intimidate', 'quick-feet', 'rattled']","{'hp': 90, 'attack': 120, 'defense': 75, 'special-attack': 60, 'special-defense': 60, 'speed': 45}",https://raw.githubusercontent.com/PokeAPI/sprites/master/sprites/pokemon/210.png,https://raw.githubusercontent.com/PokeAPI/sprites/master/sprites/pokemon/back/210.png
211,qwilfish,5,39,"['water', 'poison']","['poison-point', 'swift-swim', 'intimidate']","{'hp': 65, 'attack': 95, 'defense': 85, 'special-attack': 55, 'special-defense': 55, 'speed': 85}",https://raw.githubusercontent.com/PokeAPI/sprites/master/sprites/pokemon/211.png,https://raw.githubusercontent.com/PokeAPI/sprites/master/sprites/pokemon/back/211.png
212,scizor,18,1180,"['bug', 'steel']","['swarm', 'technician', 'light-metal']","{'hp': 70, 'attack': 130, 'defense': 100, 'special-attack': 55, 'special-defense': 80, 'speed': 65}",https://raw.githubusercontent.com/PokeAPI/sprites/master/sprites/pokemon/212.png,https://raw.githubusercontent.com/PokeAPI/sprites/master/sprites/pokemon/back/212.png
213,shuckle,6,205,"['bug', 'rock']","['sturdy', 'gluttony', 'contrary']","{'hp': 20, 'attack': 10, 'defense': 230, 'special-attack': 10, 'special-defense': 230, 'speed': 5}",https://raw.githubusercontent.com/PokeAPI/sprites/master/sprites/pokemon/213.png,https://raw.githubusercontent.com/PokeAPI/sprites/master/sprites/pokemon/back/213.png
214,heracross,15,540,"['bug', 'fighting']","['swarm', 'guts', 'moxie']","{'hp': 80, 'attack': 125, 'defense': 75, 'special-attack': 40, 'special-defense': 95, 'speed': 85}",https://raw.githubusercontent.com/PokeAPI/sprites/master/sprites/pokemon/214.png,https://raw.githubusercontent.com/PokeAPI/sprites/master/sprites/pokemon/back/214.png
215,sneasel,9,280,"['dark', 'ice']","['inner-focus', 'keen-eye', 'pickpocket']","{'hp': 55, 'attack': 95, 'defense': 55, 'special-attack': 35, 'special-defense': 75, 'speed': 115}",https://raw.githubusercontent.com/PokeAPI/sprites/master/sprites/pokemon/215.png,https://raw.githubusercontent.com/PokeAPI/sprites/master/sprites/pokemon/back/215.png
216,teddiursa,6,88,['normal'],"['pickup', 'quick-feet', 'honey-gather']","{'hp': 60, 'attack': 80, 'defense': 50, 'special-attack': 50, 'special-defense': 50, 'speed': 40}",https://raw.githubusercontent.com/PokeAPI/sprites/master/sprites/pokemon/216.png,https://raw.githubusercontent.com/PokeAPI/sprites/master/sprites/pokemon/back/216.png
217,ursaring,18,1258,['normal'],"['guts', 'quick-feet', 'unnerve']","{'hp': 90, 'attack': 130, 'defense': 75, 'special-attack': 75, 'special-defense': 75, 'speed': 55}",https://raw.githubusercontent.com/PokeAPI/sprites/master/sprites/pokemon/217.png,https://raw.githubusercontent.com/PokeAPI/sprites/master/sprites/pokemon/back/217.png
218,slugma,7,350,['fire'],"['magma-armor', 'flame-body', 'weak-armor']","{'hp': 40, 'attack': 40, 'defense': 40, 'special-attack': 70, 'special-defense': 40, 'speed': 20}",https://raw.githubusercontent.com/PokeAPI/sprites/master/sprites/pokemon/218.png,https://raw.githubusercontent.com/PokeAPI/sprites/master/sprites/pokemon/back/218.png
219,magcargo,8,550,"['fire', 'rock']","['magma-armor', 'flame-body', 'weak-armor']","{'hp': 60, 'attack': 50, 'defense': 120, 'special-attack': 90, 'special-defense': 80, 'speed': 30}",https://raw.githubusercontent.com/PokeAPI/sprites/master/sprites/pokemon/219.png,https://raw.githubusercontent.com/PokeAPI/sprites/master/sprites/pokemon/back/219.png
220,swinub,4,65,"['ice', 'ground']","['oblivious', 'snow-cloak', 'thick-fat']","{'hp': 50, 'attack': 50, 'defense': 40, 'special-attack': 30, 'special-defense': 30, 'speed': 50}",https://raw.githubusercontent.com/PokeAPI/sprites/master/sprites/pokemon/220.png,https://raw.githubusercontent.com/PokeAPI/sprites/master/sprites/pokemon/back/220.png
221,piloswine,11,558,"['ice', 'ground']","['oblivious', 'snow-cloak', 'thick-fat']","{'hp': 100, 'attack': 100, 'defense': 80, 'special-attack': 60, 'special-defense': 60, 'speed': 50}",https://raw.githubusercontent.com/PokeAPI/sprites/master/sprites/pokemon/221.png,https://raw.githubusercontent.com/PokeAPI/sprites/master/sprites/pokemon/back/221.png
222,corsola,6,50,"['water', 'rock']","['hustle', 'natural-cure', 'regenerator']","{'hp': 65, 'attack': 55, 'defense': 95, 'special-attack': 65, 'special-defense': 95, 'speed': 35}",https://raw.githubusercontent.com/PokeAPI/sprites/master/sprites/pokemon/222.png,https://raw.githubusercontent.com/PokeAPI/sprites/master/sprites/pokemon/back/222.png
223,remoraid,6,120,['water'],"['hustle', 'sniper', 'moody']","{'hp': 35, 'attack': 65, 'defense': 35, 'special-attack': 65, 'special-defense': 35, 'speed': 65}",https://raw.githubusercontent.com/PokeAPI/sprites/master/sprites/pokemon/223.png,https://raw.githubusercontent.com/PokeAPI/sprites/master/sprites/pokemon/back/223.png
224,octillery,9,285,['water'],"['suction-cups', 'sniper', 'moody']","{'hp': 75, 'attack': 105, 'defense': 75, 'special-attack': 105, 'special-defense': 75, 'speed': 45}",https://raw.githubusercontent.com/PokeAPI/sprites/master/sprites/pokemon/224.png,https://raw.githubusercontent.com/PokeAPI/sprites/master/sprites/pokemon/back/224.png
225,delibird,9,160,"['ice', 'flying']","['vital-spirit', 'hustle', 'insomnia']","{'hp': 45, 'attack': 55, 'defense': 45, 'special-attack': 65, 'special-defense': 45, 'speed': 75}",https://raw.githubusercontent.com/PokeAPI/sprites/master/sprites/pokemon/225.png,https://raw.githubusercontent.com/PokeAPI/sprites/master/sprites/pokemon/back/225.png
226,mantine,21,2200,"['water', 'flying']","['swift-swim', 'water-absorb', 'water-veil']","{'hp': 85, 'attack': 40, 'defense': 70, 'special-attack': 80, 'special-defense': 140, 'speed': 70}",https://raw.githubusercontent.com/PokeAPI/sprites/master/sprites/pokemon/226.png,https://raw.githubusercontent.com/PokeAPI/sprites/master/sprites/pokemon/back/226.png
227,skarmory,17,505,"['steel', 'flying']","['keen-eye', 'sturdy', 'weak-armor']","{'hp': 65, 'attack': 80, 'defense': 140, 'special-attack': 40, 'special-defense': 70, 'speed': 70}",https://raw.githubusercontent.com/PokeAPI/sprites/master/sprites/pokemon/227.png,https://raw.githubusercontent.com/PokeAPI/sprites/master/sprites/pokemon/back/227.png
228,houndour,6,108,"['dark', 'fire']","['early-bird', 'flash-fire', 'unnerve']","{'hp': 45, 'attack': 60, 'defense': 30, 'special-attack': 80, 'special-defense': 50, 'speed': 65}",https://raw.githubusercontent.com/PokeAPI/sprites/master/sprites/pokemon/228.png,https://raw.githubusercontent.com/PokeAPI/sprites/master/sprites/pokemon/back/228.png
229,houndoom,14,350,"['dark', 'fire']","['early-bird', 'flash-fire', 'unnerve']","{'hp': 75, 'attack': 90, 'defense': 50, 'special-attack': 110, 'special-defense': 80, 'speed': 95}",https://raw.githubusercontent.com/PokeAPI/sprites/master/sprites/pokemon/229.png,https://raw.githubusercontent.com/PokeAPI/sprites/master/sprites/pokemon/back/229.png
230,kingdra,18,1520,"['water', 'dragon']","['swift-swim', 'sniper', 'damp']","{'hp': 75, 'attack': 95, 'defense': 95, 'special-attack': 95, 'special-defense': 95, 'speed': 85}",https://raw.githubusercontent.com/PokeAPI/sprites/master/sprites/pokemon/230.png,https://raw.githubusercontent.com/PokeAPI/sprites/master/sprites/pokemon/back/230.png
231,phanpy,5,335,['ground'],"['pickup', 'sand-veil']","{'hp': 90, 'attack': 60, 'defense': 60, 'special-attack': 40, 'special-defense': 40, 'speed': 40}",https://raw.githubusercontent.com/PokeAPI/sprites/master/sprites/pokemon/231.png,https://raw.githubusercontent.com/PokeAPI/sprites/master/sprites/pokemon/back/231.png
232,donphan,11,1200,['ground'],"['sturdy', 'sand-veil']","{'hp': 90, 'attack': 120, 'defense': 120, 'special-attack': 60, 'special-defense': 60, 'speed': 50}",https://raw.githubusercontent.com/PokeAPI/sprites/master/sprites/pokemon/232.png,https://raw.githubusercontent.com/PokeAPI/sprites/master/sprites/pokemon/back/232.png
233,porygon2,6,325,['normal'],"['trace', 'download', 'analytic']","{'hp': 85, 'attack': 80, 'defense': 90, 'special-attack': 105, 'special-defense': 95, 'speed': 60}",https://raw.githubusercontent.com/PokeAPI/sprites/master/sprites/pokemon/233.png,https://raw.githubusercontent.com/PokeAPI/sprites/master/sprites/pokemon/back/233.png
234,stantler,14,712,['normal'],"['intimidate', 'frisk', 'sap-sipper']","{'hp': 73, 'attack': 95, 'defense': 62, 'special-attack': 85, 'special-defense': 65, 'speed': 85}",https://raw.githubusercontent.com/PokeAPI/sprites/master/sprites/pokemon/234.png,https://raw.githubusercontent.com/PokeAPI/sprites/master/sprites/pokemon/back/234.png
235,smeargle,12,580,['normal'],"['own-tempo', 'technician', 'moody']","{'hp': 55, 'attack': 20, 'defense': 35, 'special-attack': 20, 'special-defense': 45, 'speed': 75}",https://raw.githubusercontent.com/PokeAPI/sprites/master/sprites/pokemon/235.png,https://raw.githubusercontent.com/PokeAPI/sprites/master/sprites/pokemon/back/235.png
236,tyrogue,7,210,['fighting'],"['guts', 'steadfast', 'vital-spirit']","{'hp': 35, 'attack': 35, 'defense': 35, 'special-attack': 35, 'special-defense': 35, 'speed': 35}",https://raw.githubusercontent.com/PokeAPI/sprites/master/sprites/pokemon/236.png,https://raw.githubusercontent.com/PokeAPI/sprites/master/sprites/pokemon/back/236.png
237,hitmontop,14,480,['fighting'],"['intimidate', 'technician', 'steadfast']","{'hp': 50, 'attack': 95, 'defense': 95, 'special-attack': 35, 'special-defense': 110, 'speed': 70}",https://raw.githubusercontent.com/PokeAPI/sprites/master/sprites/pokemon/237.png,https://raw.githubusercontent.com/PokeAPI/sprites/master/sprites/pokemon/back/237.png
238,smoochum,4,60,"['ice', 'psychic']","['oblivious', 'forewarn', 'hydration']","{'hp': 45, 'attack': 30, 'defense': 15, 'special-attack': 85, 'special-defense': 65, 'speed': 65}",https://raw.githubusercontent.com/PokeAPI/sprites/master/sprites/pokemon/238.png,https://raw.githubusercontent.com/PokeAPI/sprites/master/sprites/pokemon/back/238.png
239,elekid,6,235,['electric'],"['static', 'vital-spirit']","{'hp': 45, 'attack': 63, 'defense': 37, 'special-attack': 65, 'special-defense': 55, 'speed': 95}",https://raw.githubusercontent.com/PokeAPI/sprites/master/sprites/pokemon/239.png,https://raw.githubusercontent.com/PokeAPI/sprites/master/sprites/pokemon/back/239.png
240,magby,7,214,['fire'],"['flame-body', 'vital-spirit']","{'hp': 45, 'attack': 75, 'defense': 37, 'special-attack': 70, 'special-defense': 55, 'speed': 83}",https://raw.githubusercontent.com/PokeAPI/sprites/master/sprites/pokemon/240.png,https://raw.githubusercontent.com/PokeAPI/sprites/master/sprites/pokemon/back/240.png
241,miltank,12,755,['normal'],"['thick-fat', 'scrappy', 'sap-sipper']","{'hp': 95, 'attack': 80, 'defense': 105, 'special-attack': 40, 'special-defense': 70, 'speed': 100}",https://raw.githubusercontent.com/PokeAPI/sprites/master/sprites/pokemon/241.png,https://raw.githubusercontent.com/PokeAPI/sprites/master/sprites/pokemon/back/241.png
242,blissey,15,468,['normal'],"['natural-cure', 'serene-grace', 'healer']","{'hp': 255, 'attack': 10, 'defense': 10, 'special-attack': 75, 'special-defense': 135, 'speed': 55}",https://raw.githubusercontent.com/PokeAPI/sprites/master/sprites/pokemon/242.png,https://raw.githubusercontent.com/PokeAPI/sprites/master/sprites/pokemon/back/242.png
243,raikou,19,1780,['electric'],"['pressure', 'inner-focus']","{'hp': 90, 'attack': 85, 'defense': 75, 'special-attack': 115, 'special-defense': 100, 'speed': 115}",https://raw.githubusercontent.com/PokeAPI/sprites/master/sprites/pokemon/243.png,https://raw.githubusercontent.com/PokeAPI/sprites/master/sprites/pokemon/back/243.png
244,entei,21,1980,['fire'],"['pressure', 'inner-focus']","{'hp': 115, 'attack': 115, 'defense': 85, 'special-attack': 90, 'special-defense': 75, 'speed': 100}",https://raw.githubusercontent.com/PokeAPI/sprites/master/sprites/pokemon/244.png,https://raw.githubusercontent.com/PokeAPI/sprites/master/sprites/pokemon/back/244.png
245,suicune,20,1870,['water'],"['pressure', 'inner-focus']","{'hp': 100, 'attack': 75, 'defense': 115, 'special-attack': 90, 'special-defense': 115, 'speed': 85}",https://raw.githubusercontent.com/PokeAPI/sprites/master/sprites/pokemon/245.png,https://raw.githubusercontent.com/PokeAPI/sprites/master/sprites/pokemon/back/245.png
246,larvitar,6,720,"['rock', 'ground']","['guts', 'sand-veil']","{'hp': 50, 'attack': 64, 'defense': 50, 'special-attack': 45, 'special-defense': 50, 'speed': 41}",https://raw.githubusercontent.com/PokeAPI/sprites/master/sprites/pokemon/246.png,https://raw.githubusercontent.com/PokeAPI/sprites/master/sprites/pokemon/back/246.png
247,pupitar,12,1520,"['rock', 'ground']",['shed-skin'],"{'hp': 70, 'attack': 84, 'defense': 70, 'special-attack': 65, 'special-defense': 70, 'speed': 51}",https://raw.githubusercontent.com/PokeAPI/sprites/master/sprites/pokemon/247.png,https://raw.githubusercontent.com/PokeAPI/sprites/master/sprites/pokemon/back/247.png
248,tyranitar,20,2020,"['rock', 'dark']","['sand-stream', 'unnerve']","{'hp': 100, 'attack': 134, 'defense': 110, 'special-attack': 95, 'special-defense': 100, 'speed': 61}",https://raw.githubusercontent.com/PokeAPI/sprites/master/sprites/pokemon/248.png,https://raw.githubusercontent.com/PokeAPI/sprites/master/sprites/pokemon/back/248.png
249,lugia,52,2160,"['psychic', 'flying']","['pressure', 'multiscale']","{'hp': 106, 'attack': 90, 'defense': 130, 'special-attack': 90, 'special-defense': 154, 'speed': 110}",https://raw.githubusercontent.com/PokeAPI/sprites/master/sprites/pokemon/249.png,https://raw.githubusercontent.com/PokeAPI/sprites/master/sprites/pokemon/back/249.png
250,ho-oh,38,1990,"['fire', 'flying']","['pressure', 'regenerator']","{'hp': 106, 'attack': 130, 'defense': 90, 'special-attack': 110, 'special-defense': 154, 'speed': 90}",https://raw.githubusercontent.com/PokeAPI/sprites/master/sprites/pokemon/250.png,https://raw.githubusercontent.com/PokeAPI/sprites/master/sprites/pokemon/back/250.png
251,celebi,6,50,"['psychic', 'grass']",['natural-cure'],"{'hp': 100, 'attack': 100, 'defense': 100, 'special-attack': 100, 'special-defense': 100, 'speed': 100}",https://raw.githubusercontent.com/PokeAPI/sprites/master/sprites/pokemon/251.png,https://raw.githubusercontent.com/PokeAPI/sprites/master/sprites/pokemon/back/251.png
252,treecko,5,50,['grass'],"['overgrow', 'unburden']","{'hp': 40, 'attack': 45, 'defense': 35, 'special-attack': 65, 'special-defense': 55, 'speed': 70}",https://raw.githubusercontent.com/PokeAPI/sprites/master/sprites/pokemon/252.png,https://raw.githubusercontent.com/PokeAPI/sprites/master/sprites/pokemon/back/252.png
253,grovyle,9,216,['grass'],"['overgrow', 'unburden']","{'hp': 50, 'attack': 65, 'defense': 45, 'special-attack': 85, 'special-defense': 65, 'speed': 95}",https://raw.githubusercontent.com/PokeAPI/sprites/master/sprites/pokemon/253.png,https://raw.githubusercontent.com/PokeAPI/sprites/master/sprites/pokemon/back/253.png
254,sceptile,17,522,['grass'],"['overgrow', 'unburden']","{'hp': 70, 'attack': 85, 'defense': 65, 'special-attack': 105, 'special-defense': 85, 'speed': 120}",https://raw.githubusercontent.com/PokeAPI/sprites/master/sprites/pokemon/254.png,https://raw.githubusercontent.com/PokeAPI/sprites/master/sprites/pokemon/back/254.png
255,torchic,4,25,['fire'],"['blaze', 'speed-boost']","{'hp': 45, 'attack': 60, 'defense': 40, 'special-attack': 70, 'special-defense': 50, 'speed': 45}",https://raw.githubusercontent.com/PokeAPI/sprites/master/sprites/pokemon/255.png,https://raw.githubusercontent.com/PokeAPI/sprites/master/sprites/pokemon/back/255.png
256,combusken,9,195,"['fire', 'fighting']","['blaze', 'speed-boost']","{'hp': 60, 'attack': 85, 'defense': 60, 'special-attack': 85, 'special-defense': 60, 'speed': 55}",https://raw.githubusercontent.com/PokeAPI/sprites/master/sprites/pokemon/256.png,https://raw.githubusercontent.com/PokeAPI/sprites/master/sprites/pokemon/back/256.png
257,blaziken,19,520,"['fire', 'fighting']","['blaze', 'speed-boost']","{'hp': 80, 'attack': 120, 'defense': 70, 'special-attack': 110, 'special-defense': 70, 'speed': 80}",https://raw.githubusercontent.com/PokeAPI/sprites/master/sprites/pokemon/257.png,https://raw.githubusercontent.com/PokeAPI/sprites/master/sprites/pokemon/back/257.png
258,mudkip,4,76,['water'],"['torrent', 'damp']","{'hp': 50, 'attack': 70, 'defense': 50, 'special-attack': 50, 'special-defense': 50, 'speed': 40}",https://raw.githubusercontent.com/PokeAPI/sprites/master/sprites/pokemon/258.png,https://raw.githubusercontent.com/PokeAPI/sprites/master/sprites/pokemon/back/258.png
259,marshtomp,7,280,"['water', 'ground']","['torrent', 'damp']","{'hp': 70, 'attack': 85, 'defense': 70, 'special-attack': 60, 'special-defense': 70, 'speed': 50}",https://raw.githubusercontent.com/PokeAPI/sprites/master/sprites/pokemon/259.png,https://raw.githubusercontent.com/PokeAPI/sprites/master/sprites/pokemon/back/259.png
260,swampert,15,819,"['water', 'ground']","['torrent', 'damp']","{'hp': 100, 'attack': 110, 'defense': 90, 'special-attack': 85, 'special-defense': 90, 'speed': 60}",https://raw.githubusercontent.com/PokeAPI/sprites/master/sprites/pokemon/260.png,https://raw.githubusercontent.com/PokeAPI/sprites/master/sprites/pokemon/back/260.png
261,poochyena,5,136,['dark'],"['run-away', 'quick-feet', 'rattled']","{'hp': 35, 'attack': 55, 'defense': 35, 'special-attack': 30, 'special-defense': 30, 'speed': 35}",https://raw.githubusercontent.com/PokeAPI/sprites/master/sprites/pokemon/261.png,https://raw.githubusercontent.com/PokeAPI/sprites/master/sprites/pokemon/back/261.png
262,mightyena,10,370,['dark'],"['intimidate', 'quick-feet', 'moxie']","{'hp': 70, 'attack': 90, 'defense': 70, 'special-attack': 60, 'special-defense': 60, 'speed': 70}",https://raw.githubusercontent.com/PokeAPI/sprites/master/sprites/pokemon/262.png,https://raw.githubusercontent.com/PokeAPI/sprites/master/sprites/pokemon/back/262.png
263,zigzagoon,4,175,['normal'],"['pickup', 'gluttony', 'quick-feet']","{'hp': 38, 'attack': 30, 'defense': 41, 'special-attack': 30, 'special-defense': 41, 'speed': 60}",https://raw.githubusercontent.com/PokeAPI/sprites/master/sprites/pokemon/263.png,https://raw.githubusercontent.com/PokeAPI/sprites/master/sprites/pokemon/back/263.png
264,linoone,5,325,['normal'],"['pickup', 'gluttony', 'quick-feet']","{'hp': 78, 'attack': 70, 'defense': 61, 'special-attack': 50, 'special-defense': 61, 'speed': 100}",https://raw.githubusercontent.com/PokeAPI/sprites/master/sprites/pokemon/264.png,https://raw.githubusercontent.com/PokeAPI/sprites/master/sprites/pokemon/back/264.png
265,wurmple,3,36,['bug'],"['shield-dust', 'run-away']","{'hp': 45, 'attack': 45, 'defense': 35, 'special-attack': 20, 'special-defense': 30, 'speed': 20}",https://raw.githubusercontent.com/PokeAPI/sprites/master/sprites/pokemon/265.png,https://raw.githubusercontent.com/PokeAPI/sprites/master/sprites/pokemon/back/265.png
266,silcoon,6,100,['bug'],['shed-skin'],"{'hp': 50, 'attack': 35, 'defense': 55, 'special-attack': 25, 'special-defense': 25, 'speed': 15}",https://raw.githubusercontent.com/PokeAPI/sprites/master/sprites/pokemon/266.png,https://raw.githubusercontent.com/PokeAPI/sprites/master/sprites/pokemon/back/266.png
267,beautifly,10,284,"['bug', 'flying']","['swarm', 'rivalry']","{'hp': 60, 'attack': 70, 'defense': 50, 'special-attack': 100, 'special-defense': 50, 'speed': 65}",https://raw.githubusercontent.com/PokeAPI/sprites/master/sprites/pokemon/267.png,https://raw.githubusercontent.com/PokeAPI/sprites/master/sprites/pokemon/back/267.png
268,cascoon,7,115,['bug'],['shed-skin'],"{'hp': 50, 'attack': 35, 'defense': 55, 'special-attack': 25, 'special-defense': 25, 'speed': 15}",https://raw.githubusercontent.com/PokeAPI/sprites/master/sprites/pokemon/268.png,https://raw.githubusercontent.com/PokeAPI/sprites/master/sprites/pokemon/back/268.png
269,dustox,12,316,"['bug', 'poison']","['shield-dust', 'compound-eyes']","{'hp': 60, 'attack': 50, 'defense': 70, 'special-attack': 50, 'special-defense': 90, 'speed': 65}",https://raw.githubusercontent.com/PokeAPI/sprites/master/sprites/pokemon/269.png,https://raw.githubusercontent.com/PokeAPI/sprites/master/sprites/pokemon/back/269.png
270,lotad,5,26,"['water', 'grass']","['swift-swim', 'rain-dish', 'own-tempo']","{'hp': 40, 'attack': 30, 'defense': 30, 'special-attack': 40, 'special-defense': 50, 'speed': 30}",https://raw.githubusercontent.com/PokeAPI/sprites/master/sprites/pokemon/270.png,https://raw.githubusercontent.com/PokeAPI/sprites/master/sprites/pokemon/back/270.png
271,lombre,12,325,"['water', 'grass']","['swift-swim', 'rain-dish', 'own-tempo']","{'hp': 60, 'attack': 50, 'defense': 50, 'special-attack': 60, 'special-defense': 70, 'speed': 50}",https://raw.githubusercontent.com/PokeAPI/sprites/master/sprites/pokemon/271.png,https://raw.githubusercontent.com/PokeAPI/sprites/master/sprites/pokemon/back/271.png
272,ludicolo,15,550,"['water', 'grass']","['swift-swim', 'rain-dish', 'own-tempo']","{'hp': 80, 'attack': 70, 'defense': 70, 'special-attack': 90, 'special-defense': 100, 'speed': 70}",https://raw.githubusercontent.com/PokeAPI/sprites/master/sprites/pokemon/272.png,https://raw.githubusercontent.com/PokeAPI/sprites/master/sprites/pokemon/back/272.png
273,seedot,5,40,['grass'],"['chlorophyll', 'early-bird', 'pickpocket']","{'hp': 40, 'attack': 40, 'defense': 50, 'special-attack': 30, 'special-defense': 30, 'speed': 30}",https://raw.githubusercontent.com/PokeAPI/sprites/master/sprites/pokemon/273.png,https://raw.githubusercontent.com/PokeAPI/sprites/master/sprites/pokemon/back/273.png
274,nuzleaf,10,280,"['grass', 'dark']","['chlorophyll', 'early-bird', 'pickpocket']","{'hp': 70, 'attack': 70, 'defense': 40, 'special-attack': 60, 'special-defense': 40, 'speed': 60}",https://raw.githubusercontent.com/PokeAPI/sprites/master/sprites/pokemon/274.png,https://raw.githubusercontent.com/PokeAPI/sprites/master/sprites/pokemon/back/274.png
275,shiftry,13,596,"['grass', 'dark']","['chlorophyll', 'wind-rider', 'pickpocket']","{'hp': 90, 'attack': 100, 'defense': 60, 'special-attack': 90, 'special-defense': 60, 'speed': 80}",https://raw.githubusercontent.com/PokeAPI/sprites/master/sprites/pokemon/275.png,https://raw.githubusercontent.com/PokeAPI/sprites/master/sprites/pokemon/back/275.png
276,taillow,3,23,"['normal', 'flying']","['guts', 'scrappy']","{'hp': 40, 'attack': 55, 'defense': 30, 'special-attack': 30, 'special-defense': 30, 'speed': 85}",https://raw.githubusercontent.com/PokeAPI/sprites/master/sprites/pokemon/276.png,https://raw.githubusercontent.com/PokeAPI/sprites/master/sprites/pokemon/back/276.png
277,swellow,7,198,"['normal', 'flying']","['guts', 'scrappy']","{'hp': 60, 'attack': 85, 'defense': 60, 'special-attack': 75, 'special-defense': 50, 'speed': 125}",https://raw.githubusercontent.com/PokeAPI/sprites/master/sprites/pokemon/277.png,https://raw.githubusercontent.com/PokeAPI/sprites/master/sprites/pokemon/back/277.png
278,wingull,6,95,"['water', 'flying']","['keen-eye', 'hydration', 'rain-dish']","{'hp': 40, 'attack': 30, 'defense': 30, 'special-attack': 55, 'special-defense': 30, 'speed': 85}",https://raw.githubusercontent.com/PokeAPI/sprites/master/sprites/pokemon/278.png,https://raw.githubusercontent.com/PokeAPI/sprites/master/sprites/pokemon/back/278.png
279,pelipper,12,280,"['water', 'flying']","['keen-eye', 'drizzle', 'rain-dish']","{'hp': 60, 'attack': 50, 'defense': 100, 'special-attack': 95, 'special-defense': 70, 'speed': 65}",https://raw.githubusercontent.com/PokeAPI/sprites/master/sprites/pokemon/279.png,https://raw.githubusercontent.com/PokeAPI/sprites/master/sprites/pokemon/back/279.png
280,ralts,4,66,"['psychic', 'fairy']","['synchronize', 'trace', 'telepathy']","{'hp': 28, 'attack': 25, 'defense': 25, 'special-attack': 45, 'special-defense': 35, 'speed': 40}",https://raw.githubusercontent.com/PokeAPI/sprites/master/sprites/pokemon/280.png,https://raw.githubusercontent.com/PokeAPI/sprites/master/sprites/pokemon/back/280.png
281,kirlia,8,202,"['psychic', 'fairy']","['synchronize', 'trace', 'telepathy']","{'hp': 38, 'attack': 35, 'defense': 35, 'special-attack': 65, 'special-defense': 55, 'speed': 50}",https://raw.githubusercontent.com/PokeAPI/sprites/master/sprites/pokemon/281.png,https://raw.githubusercontent.com/PokeAPI/sprites/master/sprites/pokemon/back/281.png
282,gardevoir,16,484,"['psychic', 'fairy']","['synchronize', 'trace', 'telepathy']","{'hp': 68, 'attack': 65, 'defense': 65, 'special-attack': 125, 'special-defense': 115, 'speed': 80}",https://raw.githubusercontent.com/PokeAPI/sprites/master/sprites/pokemon/282.png,https://raw.githubusercontent.com/PokeAPI/sprites/master/sprites/pokemon/back/282.png
283,surskit,5,17,"['bug', 'water']","['swift-swim', 'rain-dish']","{'hp': 40, 'attack': 30, 'defense': 32, 'special-attack': 50, 'special-defense': 52, 'speed': 65}",https://raw.githubusercontent.com/PokeAPI/sprites/master/sprites/pokemon/283.png,https://raw.githubusercontent.com/PokeAPI/sprites/master/sprites/pokemon/back/283.png
284,masquerain,8,36,"['bug', 'flying']","['intimidate', 'unnerve']","{'hp': 70, 'attack': 60, 'defense': 62, 'special-attack': 100, 'special-defense': 82, 'speed': 80}",https://raw.githubusercontent.com/PokeAPI/sprites/master/sprites/pokemon/284.png,https://raw.githubusercontent.com/PokeAPI/sprites/master/sprites/pokemon/back/284.png
285,shroomish,4,45,['grass'],"['effect-spore', 'poison-heal', 'quick-feet']","{'hp': 60, 'attack': 40, 'defense': 60, 'special-attack': 40, 'special-defense': 60, 'speed': 35}",https://raw.githubusercontent.com/PokeAPI/sprites/master/sprites/pokemon/285.png,https://raw.githubusercontent.com/PokeAPI/sprites/master/sprites/pokemon/back/285.png
286,breloom,12,392,"['grass', 'fighting']","['effect-spore', 'poison-heal', 'technician']","{'hp': 60, 'attack': 130, 'defense': 80, 'special-attack': 60, 'special-defense': 60, 'speed': 70}",https://raw.githubusercontent.com/PokeAPI/sprites/master/sprites/pokemon/286.png,https://raw.githubusercontent.com/PokeAPI/sprites/master/sprites/pokemon/back/286.png
287,slakoth,8,240,['normal'],['truant'],"{'hp': 60, 'attack': 60, 'defense': 60, 'special-attack': 35, 'special-defense': 35, 'speed': 30}",https://raw.githubusercontent.com/PokeAPI/sprites/master/sprites/pokemon/287.png,https://raw.githubusercontent.com/PokeAPI/sprites/master/sprites/pokemon/back/287.png
288,vigoroth,14,465,['normal'],['vital-spirit'],"{'hp': 80, 'attack': 80, 'defense': 80, 'special-attack': 55, 'special-defense': 55, 'speed': 90}",https://raw.githubusercontent.com/PokeAPI/sprites/master/sprites/pokemon/288.png,https://raw.githubusercontent.com/PokeAPI/sprites/master/sprites/pokemon/back/288.png
289,slaking,20,1305,['normal'],['truant'],"{'hp': 150, 'attack': 160, 'defense': 100, 'special-attack': 95, 'special-defense': 65, 'speed': 100}",https://raw.githubusercontent.com/PokeAPI/sprites/master/sprites/pokemon/289.png,https://raw.githubusercontent.com/PokeAPI/sprites/master/sprites/pokemon/back/289.png
290,nincada,5,55,"['bug', 'ground']","['compound-eyes', 'run-away']","{'hp': 31, 'attack': 45, 'defense': 90, 'special-attack': 30, 'special-defense': 30, 'speed': 40}",https://raw.githubusercontent.com/PokeAPI/sprites/master/sprites/pokemon/290.png,https://raw.githubusercontent.com/PokeAPI/sprites/master/sprites/pokemon/back/290.png
291,ninjask,8,120,"['bug', 'flying']","['speed-boost', 'infiltrator']","{'hp': 61, 'attack': 90, 'defense': 45, 'special-attack': 50, 'special-defense': 50, 'speed': 160}",https://raw.githubusercontent.com/PokeAPI/sprites/master/sprites/pokemon/291.png,https://raw.githubusercontent.com/PokeAPI/sprites/master/sprites/pokemon/back/291.png
292,shedinja,8,12,"['bug', 'ghost']",['wonder-guard'],"{'hp': 1, 'attack': 90, 'defense': 45, 'special-attack': 30, 'special-defense': 30, 'speed': 40}",https://raw.githubusercontent.com/PokeAPI/sprites/master/sprites/pokemon/292.png,https://raw.githubusercontent.com/PokeAPI/sprites/master/sprites/pokemon/back/292.png
293,whismur,6,163,['normal'],"['soundproof', 'rattled']","{'hp': 64, 'attack': 51, 'defense': 23, 'special-attack': 51, 'special-defense': 23, 'speed': 28}",https://raw.githubusercontent.com/PokeAPI/sprites/master/sprites/pokemon/293.png,https://raw.githubusercontent.com/PokeAPI/sprites/master/sprites/pokemon/back/293.png
294,loudred,10,405,['normal'],"['soundproof', 'scrappy']","{'hp': 84, 'attack': 71, 'defense': 43, 'special-attack': 71, 'special-defense': 43, 'speed': 48}",https://raw.githubusercontent.com/PokeAPI/sprites/master/sprites/pokemon/294.png,https://raw.githubusercontent.com/PokeAPI/sprites/master/sprites/pokemon/back/294.png
295,exploud,15,840,['normal'],"['soundproof', 'scrappy']","{'hp': 104, 'attack': 91, 'defense': 63, 'special-attack': 91, 'special-defense': 73, 'speed': 68}",https://raw.githubusercontent.com/PokeAPI/sprites/master/sprites/pokemon/295.png,https://raw.githubusercontent.com/PokeAPI/sprites/master/sprites/pokemon/back/295.png
296,makuhita,10,864,['fighting'],"['thick-fat', 'guts', 'sheer-force']","{'hp': 72, 'attack': 60, 'defense': 30, 'special-attack': 20, 'special-defense': 30, 'speed': 25}",https://raw.githubusercontent.com/PokeAPI/sprites/master/sprites/pokemon/296.png,https://raw.githubusercontent.com/PokeAPI/sprites/master/sprites/pokemon/back/296.png
297,hariyama,23,2538,['fighting'],"['thick-fat', 'guts', 'sheer-force']","{'hp': 144, 'attack': 120, 'defense': 60, 'special-attack': 40, 'special-defense': 60, 'speed': 50}",https://raw.githubusercontent.com/PokeAPI/sprites/master/sprites/pokemon/297.png,https://raw.githubusercontent.com/PokeAPI/sprites/master/sprites/pokemon/back/297.png
298,azurill,2,20,"['normal', 'fairy']","['thick-fat', 'huge-power', 'sap-sipper']","{'hp': 50, 'attack': 20, 'defense': 40, 'special-attack': 20, 'special-defense': 40, 'speed': 20}",https://raw.githubusercontent.com/PokeAPI/sprites/master/sprites/pokemon/298.png,https://raw.githubusercontent.com/PokeAPI/sprites/master/sprites/pokemon/back/298.png
299,nosepass,10,970,['rock'],"['sturdy', 'magnet-pull', 'sand-force']","{'hp': 30, 'attack': 45, 'defense': 135, 'special-attack': 45, 'special-defense': 90, 'speed': 30}",https://raw.githubusercontent.com/PokeAPI/sprites/master/sprites/pokemon/299.png,https://raw.githubusercontent.com/PokeAPI/sprites/master/sprites/pokemon/back/299.png
300,skitty,6,110,['normal'],"['cute-charm', 'normalize', 'wonder-skin']","{'hp': 50, 'attack': 45, 'defense': 45, 'special-attack': 35, 'special-defense': 35, 'speed': 50}",https://raw.githubusercontent.com/PokeAPI/sprites/master/sprites/pokemon/300.png,https://raw.githubusercontent.com/PokeAPI/sprites/master/sprites/pokemon/back/300.png
301,delcatty,11,326,['normal'],"['cute-charm', 'normalize', 'wonder-skin']","{'hp': 70, 'attack': 65, 'defense': 65, 'special-attack': 55, 'special-defense': 55, 'speed': 90}",https://raw.githubusercontent.com/PokeAPI/sprites/master/sprites/pokemon/301.png,https://raw.githubusercontent.com/PokeAPI/sprites/master/sprites/pokemon/back/301.png
302,sableye,5,110,"['dark', 'ghost']","['keen-eye', 'stall', 'prankster']","{'hp': 50, 'attack': 75, 'defense': 75, 'special-attack': 65, 'special-defense': 65, 'speed': 50}",https://raw.githubusercontent.com/PokeAPI/sprites/master/sprites/pokemon/302.png,https://raw.githubusercontent.com/PokeAPI/sprites/master/sprites/pokemon/back/302.png
303,mawile,6,115,"['steel', 'fairy']","['hyper-cutter', 'intimidate', 'sheer-force']","{'hp': 50, 'attack': 85, 'defense': 85, 'special-attack': 55, 'special-defense': 55, 'speed': 50}",https://raw.githubusercontent.com/PokeAPI/sprites/master/sprites/pokemon/303.png,https://raw.githubusercontent.com/PokeAPI/sprites/master/sprites/pokemon/back/303.png
304,aron,4,600,"['steel', 'rock']","['sturdy', 'rock-head', 'heavy-metal']","{'hp': 50, 'attack': 70, 'defense': 100, 'special-attack': 40, 'special-defense': 40, 'speed': 30}",https://raw.githubusercontent.com/PokeAPI/sprites/master/sprites/pokemon/304.png,https://raw.githubusercontent.com/PokeAPI/sprites/master/sprites/pokemon/back/304.png
305,lairon,9,1200,"['steel', 'rock']","['sturdy', 'rock-head', 'heavy-metal']","{'hp': 60, 'attack': 90, 'defense': 140, 'special-attack': 50, 'special-defense': 50, 'speed': 40}",https://raw.githubusercontent.com/PokeAPI/sprites/master/sprites/pokemon/305.png,https://raw.githubusercontent.com/PokeAPI/sprites/master/sprites/pokemon/back/305.png
306,aggron,21,3600,"['steel', 'rock']","['sturdy', 'rock-head', 'heavy-metal']","{'hp': 70, 'attack': 110, 'defense': 180, 'special-attack': 60, 'special-defense': 60, 'speed': 50}",https://raw.githubusercontent.com/PokeAPI/sprites/master/sprites/pokemon/306.png,https://raw.githubusercontent.com/PokeAPI/sprites/master/sprites/pokemon/back/306.png
307,meditite,6,112,"['fighting', 'psychic']","['pure-power', 'telepathy']","{'hp': 30, 'attack': 40, 'defense': 55, 'special-attack': 40, 'special-defense': 55, 'speed': 60}",https://raw.githubusercontent.com/PokeAPI/sprites/master/sprites/pokemon/307.png,https://raw.githubusercontent.com/PokeAPI/sprites/master/sprites/pokemon/back/307.png
308,medicham,13,315,"['fighting', 'psychic']","['pure-power', 'telepathy']","{'hp': 60, 'attack': 60, 'defense': 75, 'special-attack': 60, 'special-defense': 75, 'speed': 80}",https://raw.githubusercontent.com/PokeAPI/sprites/master/sprites/pokemon/308.png,https://raw.githubusercontent.com/PokeAPI/sprites/master/sprites/pokemon/back/308.png
309,electrike,6,152,['electric'],"['static', 'lightning-rod', 'minus']","{'hp': 40, 'attack': 45, 'defense': 40, 'special-attack': 65, 'special-defense': 40, 'speed': 65}",https://raw.githubusercontent.com/PokeAPI/sprites/master/sprites/pokemon/309.png,https://raw.githubusercontent.com/PokeAPI/sprites/master/sprites/pokemon/back/309.png
310,manectric,15,402,['electric'],"['static', 'lightning-rod', 'minus']","{'hp': 70, 'attack': 75, 'defense': 60, 'special-attack': 105, 'special-defense': 60, 'speed': 105}",https://raw.githubusercontent.com/PokeAPI/sprites/master/sprites/pokemon/310.png,https://raw.githubusercontent.com/PokeAPI/sprites/master/sprites/pokemon/back/310.png
311,plusle,4,42,['electric'],"['plus', 'lightning-rod']","{'hp': 60, 'attack': 50, 'defense': 40, 'special-attack': 85, 'special-defense': 75, 'speed': 95}",https://raw.githubusercontent.com/PokeAPI/sprites/master/sprites/pokemon/311.png,https://raw.githubusercontent.com/PokeAPI/sprites/master/sprites/pokemon/back/311.png
312,minun,4,42,['electric'],"['minus', 'volt-absorb']","{'hp': 60, 'attack': 40, 'defense': 50, 'special-attack': 75, 'special-defense': 85, 'speed': 95}",https://raw.githubusercontent.com/PokeAPI/sprites/master/sprites/pokemon/312.png,https://raw.githubusercontent.com/PokeAPI/sprites/master/sprites/pokemon/back/312.png
313,volbeat,7,177,['bug'],"['illuminate', 'swarm', 'prankster']","{'hp': 65, 'attack': 73, 'defense': 75, 'special-attack': 47, 'special-defense': 85, 'speed': 85}",https://raw.githubusercontent.com/PokeAPI/sprites/master/sprites/pokemon/313.png,https://raw.githubusercontent.com/PokeAPI/sprites/master/sprites/pokemon/back/313.png
314,illumise,6,177,['bug'],"['oblivious', 'tinted-lens', 'prankster']","{'hp': 65, 'attack': 47, 'defense': 75, 'special-attack': 73, 'special-defense': 85, 'speed': 85}",https://raw.githubusercontent.com/PokeAPI/sprites/master/sprites/pokemon/314.png,https://raw.githubusercontent.com/PokeAPI/sprites/master/sprites/pokemon/back/314.png
315,roselia,3,20,"['grass', 'poison']","['natural-cure', 'poison-point', 'leaf-guard']","{'hp': 50, 'attack': 60, 'defense': 45, 'special-attack': 100, 'special-defense': 80, 'speed': 65}",https://raw.githubusercontent.com/PokeAPI/sprites/master/sprites/pokemon/315.png,https://raw.githubusercontent.com/PokeAPI/sprites/master/sprites/pokemon/back/315.png
316,gulpin,4,103,['poison'],"['liquid-ooze', 'sticky-hold', 'gluttony']","{'hp': 70, 'attack': 43, 'defense': 53, 'special-attack': 43, 'special-defense': 53, 'speed': 40}",https://raw.githubusercontent.com/PokeAPI/sprites/master/sprites/pokemon/316.png,https://raw.githubusercontent.com/PokeAPI/sprites/master/sprites/pokemon/back/316.png
317,swalot,17,800,['poison'],"['liquid-ooze', 'sticky-hold', 'gluttony']","{'hp': 100, 'attack': 73, 'defense': 83, 'special-attack': 73, 'special-defense': 83, 'speed': 55}",https://raw.githubusercontent.com/PokeAPI/sprites/master/sprites/pokemon/317.png,https://raw.githubusercontent.com/PokeAPI/sprites/master/sprites/pokemon/back/317.png
318,carvanha,8,208,"['water', 'dark']","['rough-skin', 'speed-boost']","{'hp': 45, 'attack': 90, 'defense': 20, 'special-attack': 65, 'special-defense': 20, 'speed': 65}",https://raw.githubusercontent.com/PokeAPI/sprites/master/sprites/pokemon/318.png,https://raw.githubusercontent.com/PokeAPI/sprites/master/sprites/pokemon/back/318.png
319,sharpedo,18,888,"['water', 'dark']","['rough-skin', 'speed-boost']","{'hp': 70, 'attack': 120, 'defense': 40, 'special-attack': 95, 'special-defense': 40, 'speed': 95}",https://raw.githubusercontent.com/PokeAPI/sprites/master/sprites/pokemon/319.png,https://raw.githubusercontent.com/PokeAPI/sprites/master/sprites/pokemon/back/319.png
320,wailmer,20,1300,['water'],"['water-veil', 'oblivious', 'pressure']","{'hp': 130, 'attack': 70, 'defense': 35, 'special-attack': 70, 'special-defense': 35, 'speed': 60}",https://raw.githubusercontent.com/PokeAPI/sprites/master/sprites/pokemon/320.png,https://raw.githubusercontent.com/PokeAPI/sprites/master/sprites/pokemon/back/320.png
321,wailord,145,3980,['water'],"['water-veil', 'oblivious', 'pressure']","{'hp': 170, 'attack': 90, 'defense': 45, 'special-attack': 90, 'special-defense': 45, 'speed': 60}",https://raw.githubusercontent.com/PokeAPI/sprites/master/sprites/pokemon/321.png,https://raw.githubusercontent.com/PokeAPI/sprites/master/sprites/pokemon/back/321.png
322,numel,7,240,"['fire', 'ground']","['oblivious', 'simple', 'own-tempo']","{'hp': 60, 'attack': 60, 'defense': 40, 'special-attack': 65, 'special-defense': 45, 'speed': 35}",https://raw.githubusercontent.com/PokeAPI/sprites/master/sprites/pokemon/322.png,https://raw.githubusercontent.com/PokeAPI/sprites/master/sprites/pokemon/back/322.png
323,camerupt,19,2200,"['fire', 'ground']","['magma-armor', 'solid-rock', 'anger-point']","{'hp': 70, 'attack': 100, 'defense': 70, 'special-attack': 105, 'special-defense': 75, 'speed': 40}",https://raw.githubusercontent.com/PokeAPI/sprites/master/sprites/pokemon/323.png,https://raw.githubusercontent.com/PokeAPI/sprites/master/sprites/pokemon/back/323.png
324,torkoal,5,804,['fire'],"['white-smoke', 'drought', 'shell-armor']","{'hp': 70, 'attack': 85, 'defense': 140, 'special-attack': 85, 'special-defense': 70, 'speed': 20}",https://raw.githubusercontent.com/PokeAPI/sprites/master/sprites/pokemon/324.png,https://raw.githubusercontent.com/PokeAPI/sprites/master/sprites/pokemon/back/324.png
325,spoink,7,306,['psychic'],"['thick-fat', 'own-tempo', 'gluttony']","{'hp': 60, 'attack': 25, 'defense': 35, 'special-attack': 70, 'special-defense': 80, 'speed': 60}",https://raw.githubusercontent.com/PokeAPI/sprites/master/sprites/pokemon/325.png,https://raw.githubusercontent.com/PokeAPI/sprites/master/sprites/pokemon/back/325.png
326,grumpig,9,715,['psychic'],"['thick-fat', 'own-tempo', 'gluttony']","{'hp': 80, 'attack': 45, 'defense': 65, 'special-attack': 90, 'special-defense': 110, 'speed': 80}",https://raw.githubusercontent.com/PokeAPI/sprites/master/sprites/pokemon/326.png,https://raw.githubusercontent.com/PokeAPI/sprites/master/sprites/pokemon/back/326.png
327,spinda,11,50,['normal'],"['own-tempo', 'tangled-feet', 'contrary']","{'hp': 60, 'attack': 60, 'defense': 60, 'special-attack': 60, 'special-defense': 60, 'speed': 60}",https://raw.githubusercontent.com/PokeAPI/sprites/master/sprites/pokemon/327.png,https://raw.githubusercontent.com/PokeAPI/sprites/master/sprites/pokemon/back/327.png
328,trapinch,7,150,['ground'],"['hyper-cutter', 'arena-trap', 'sheer-force']","{'hp': 45, 'attack': 100, 'defense': 45, 'special-attack': 45, 'special-defense': 45, 'speed': 10}",https://raw.githubusercontent.com/PokeAPI/sprites/master/sprites/pokemon/328.png,https://raw.githubusercontent.com/PokeAPI/sprites/master/sprites/pokemon/back/328.png
329,vibrava,11,153,"['ground', 'dragon']",['levitate'],"{'hp': 50, 'attack': 70, 'defense': 50, 'special-attack': 50, 'special-defense': 50, 'speed': 70}",https://raw.githubusercontent.com/PokeAPI/sprites/master/sprites/pokemon/329.png,https://raw.githubusercontent.com/PokeAPI/sprites/master/sprites/pokemon/back/329.png
330,flygon,20,820,"['ground', 'dragon']",['levitate'],"{'hp': 80, 'attack': 100, 'defense': 80, 'special-attack': 80, 'special-defense': 80, 'speed': 100}",https://raw.githubusercontent.com/PokeAPI/sprites/master/sprites/pokemon/330.png,https://raw.githubusercontent.com/PokeAPI/sprites/master/sprites/pokemon/back/330.png
331,cacnea,4,513,['grass'],"['sand-veil', 'water-absorb']","{'hp': 50, 'attack': 85, 'defense': 40, 'special-attack': 85, 'special-defense': 40, 'speed': 35}",https://raw.githubusercontent.com/PokeAPI/sprites/master/sprites/pokemon/331.png,https://raw.githubusercontent.com/PokeAPI/sprites/master/sprites/pokemon/back/331.png
332,cacturne,13,774,"['grass', 'dark']","['sand-veil', 'water-absorb']","{'hp': 70, 'attack': 115, 'defense': 60, 'special-attack': 115, 'special-defense': 60, 'speed': 55}",https://raw.githubusercontent.com/PokeAPI/sprites/master/sprites/pokemon/332.png,https://raw.githubusercontent.com/PokeAPI/sprites/master/sprites/pokemon/back/332.png
333,swablu,4,12,"['normal', 'flying']","['natural-cure', 'cloud-nine']","{'hp': 45, 'attack': 40, 'defense': 60, 'special-attack': 40, 'special-defense': 75, 'speed': 50}",https://raw.githubusercontent.com/PokeAPI/sprites/master/sprites/pokemon/333.png,https://raw.githubusercontent.com/PokeAPI/sprites/master/sprites/pokemon/back/333.png
334,altaria,11,206,"['dragon', 'flying']","['natural-cure', 'cloud-nine']","{'hp': 75, 'attack': 70, 'defense': 90, 'special-attack': 70, 'special-defense': 105, 'speed': 80}",https://raw.githubusercontent.com/PokeAPI/sprites/master/sprites/pokemon/334.png,https://raw.githubusercontent.com/PokeAPI/sprites/master/sprites/pokemon/back/334.png
335,zangoose,13,403,['normal'],"['immunity', 'toxic-boost']","{'hp': 73, 'attack': 115, 'defense': 60, 'special-attack': 60, 'special-defense': 60, 'speed': 90}",https://raw.githubusercontent.com/PokeAPI/sprites/master/sprites/pokemon/335.png,https://raw.githubusercontent.com/PokeAPI/sprites/master/sprites/pokemon/back/335.png
336,seviper,27,525,['poison'],"['shed-skin', 'infiltrator']","{'hp': 73, 'attack': 100, 'defense': 60, 'special-attack': 100, 'special-defense': 60, 'speed': 65}",https://raw.githubusercontent.com/PokeAPI/sprites/master/sprites/pokemon/336.png,https://raw.githubusercontent.com/PokeAPI/sprites/master/sprites/pokemon/back/336.png
337,lunatone,10,1680,"['rock', 'psychic']",['levitate'],"{'hp': 90, 'attack': 55, 'defense': 65, 'special-attack': 95, 'special-defense': 85, 'speed': 70}",https://raw.githubusercontent.com/PokeAPI/sprites/master/sprites/pokemon/337.png,https://raw.githubusercontent.com/PokeAPI/sprites/master/sprites/pokemon/back/337.png
338,solrock,12,1540,"['rock', 'psychic']",['levitate'],"{'hp': 90, 'attack': 95, 'defense': 85, 'special-attack': 55, 'special-defense': 65, 'speed': 70}",https://raw.githubusercontent.com/PokeAPI/sprites/master/sprites/pokemon/338.png,https://raw.githubusercontent.com/PokeAPI/sprites/master/sprites/pokemon/back/338.png
339,barboach,4,19,"['water', 'ground']","['oblivious', 'anticipation', 'hydration']","{'hp': 50, 'attack': 48, 'defense': 43, 'special-attack': 46, 'special-defense': 41, 'speed': 60}",https://raw.githubusercontent.com/PokeAPI/sprites/master/sprites/pokemon/339.png,https://raw.githubusercontent.com/PokeAPI/sprites/master/sprites/pokemon/back/339.png
340,whiscash,9,236,"['water', 'ground']","['oblivious', 'anticipation', 'hydration']","{'hp': 110, 'attack': 78, 'defense': 73, 'special-attack': 76, 'special-defense': 71, 'speed': 60}",https://raw.githubusercontent.com/PokeAPI/sprites/master/sprites/pokemon/340.png,https://raw.githubusercontent.com/PokeAPI/sprites/master/sprites/pokemon/back/340.png
341,corphish,6,115,['water'],"['hyper-cutter', 'shell-armor', 'adaptability']","{'hp': 43, 'attack': 80, 'defense': 65, 'special-attack': 50, 'special-defense': 35, 'speed': 35}",https://raw.githubusercontent.com/PokeAPI/sprites/master/sprites/pokemon/341.png,https://raw.githubusercontent.com/PokeAPI/sprites/master/sprites/pokemon/back/341.png
342,crawdaunt,11,328,"['water', 'dark']","['hyper-cutter', 'shell-armor', 'adaptability']","{'hp': 63, 'attack': 120, 'defense': 85, 'special-attack': 90, 'special-defense': 55, 'speed': 55}",https://raw.githubusercontent.com/PokeAPI/sprites/master/sprites/pokemon/342.png,https://raw.githubusercontent.com/PokeAPI/sprites/master/sprites/pokemon/back/342.png
343,baltoy,5,215,"['ground', 'psychic']",['levitate'],"{'hp': 40, 'attack': 40, 'defense': 55, 'special-attack': 40, 'special-defense': 70, 'speed': 55}",https://raw.githubusercontent.com/PokeAPI/sprites/master/sprites/pokemon/343.png,https://raw.githubusercontent.com/PokeAPI/sprites/master/sprites/pokemon/back/343.png
344,claydol,15,1080,"['ground', 'psychic']",['levitate'],"{'hp': 60, 'attack': 70, 'defense': 105, 'special-attack': 70, 'special-defense': 120, 'speed': 75}",https://raw.githubusercontent.com/PokeAPI/sprites/master/sprites/pokemon/344.png,https://raw.githubusercontent.com/PokeAPI/sprites/master/sprites/pokemon/back/344.png
345,lileep,10,238,"['rock', 'grass']","['suction-cups', 'storm-drain']","{'hp': 66, 'attack': 41, 'defense': 77, 'special-attack': 61, 'special-defense': 87, 'speed': 23}",https://raw.githubusercontent.com/PokeAPI/sprites/master/sprites/pokemon/345.png,https://raw.githubusercontent.com/PokeAPI/sprites/master/sprites/pokemon/back/345.png
346,cradily,15,604,"['rock', 'grass']","['suction-cups', 'storm-drain']","{'hp': 86, 'attack': 81, 'defense': 97, 'special-attack': 81, 'special-defense': 107, 'speed': 43}",https://raw.githubusercontent.com/PokeAPI/sprites/master/sprites/pokemon/346.png,https://raw.githubusercontent.com/PokeAPI/sprites/master/sprites/pokemon/back/346.png
347,anorith,7,125,"['rock', 'bug']","['battle-armor', 'swift-swim']","{'hp': 45, 'attack': 95, 'defense': 50, 'special-attack': 40, 'special-defense': 50, 'speed': 75}",https://raw.githubusercontent.com/PokeAPI/sprites/master/sprites/pokemon/347.png,https://raw.githubusercontent.com/PokeAPI/sprites/master/sprites/pokemon/back/347.png
348,armaldo,15,682,"['rock', 'bug']","['battle-armor', 'swift-swim']","{'hp': 75, 'attack': 125, 'defense': 100, 'special-attack': 70, 'special-defense': 80, 'speed': 45}",https://raw.githubusercontent.com/PokeAPI/sprites/master/sprites/pokemon/348.png,https://raw.githubusercontent.com/PokeAPI/sprites/master/sprites/pokemon/back/348.png
349,feebas,6,74,['water'],"['swift-swim', 'oblivious', 'adaptability']","{'hp': 20, 'attack': 15, 'defense': 20, 'special-attack': 10, 'special-defense': 55, 'speed': 80}",https://raw.githubusercontent.com/PokeAPI/sprites/master/sprites/pokemon/349.png,https://raw.githubusercontent.com/PokeAPI/sprites/master/sprites/pokemon/back/349.png
350,milotic,62,1620,['water'],"['marvel-scale', 'competitive', 'cute-charm']","{'hp': 95, 'attack': 60, 'defense': 79, 'special-attack': 100, 'special-defense': 125, 'speed': 81}",https://raw.githubusercontent.com/PokeAPI/sprites/master/sprites/pokemon/350.png,https://raw.githubusercontent.com/PokeAPI/sprites/master/sprites/pokemon/back/350.png
351,castform,3,8,['normal'],['forecast'],"{'hp': 70, 'attack': 70, 'defense': 70, 'special-attack': 70, 'special-defense': 70, 'speed': 70}",https://raw.githubusercontent.com/PokeAPI/sprites/master/sprites/pokemon/351.png,https://raw.githubusercontent.com/PokeAPI/sprites/master/sprites/pokemon/back/351.png
352,kecleon,10,220,['normal'],"['color-change', 'protean']","{'hp': 60, 'attack': 90, 'defense': 70, 'special-attack': 60, 'special-defense': 120, 'speed': 40}",https://raw.githubusercontent.com/PokeAPI/sprites/master/sprites/pokemon/352.png,https://raw.githubusercontent.com/PokeAPI/sprites/master/sprites/pokemon/back/352.png
353,shuppet,6,23,['ghost'],"['insomnia', 'frisk', 'cursed-body']","{'hp': 44, 'attack': 75, 'defense': 35, 'special-attack': 63, 'special-defense': 33, 'speed': 45}",https://raw.githubusercontent.com/PokeAPI/sprites/master/sprites/pokemon/353.png,https://raw.githubusercontent.com/PokeAPI/sprites/master/sprites/pokemon/back/353.png
354,banette,11,125,['ghost'],"['insomnia', 'frisk', 'cursed-body']","{'hp': 64, 'attack': 115, 'defense': 65, 'special-attack': 83, 'special-defense': 63, 'speed': 65}",https://raw.githubusercontent.com/PokeAPI/sprites/master/sprites/pokemon/354.png,https://raw.githubusercontent.com/PokeAPI/sprites/master/sprites/pokemon/back/354.png
355,duskull,8,150,['ghost'],"['levitate', 'frisk']","{'hp': 20, 'attack': 40, 'defense': 90, 'special-attack': 30, 'special-defense': 90, 'speed': 25}",https://raw.githubusercontent.com/PokeAPI/sprites/master/sprites/pokemon/355.png,https://raw.githubusercontent.com/PokeAPI/sprites/master/sprites/pokemon/back/355.png
356,dusclops,16,306,['ghost'],"['pressure', 'frisk']","{'hp': 40, 'attack': 70, 'defense': 130, 'special-attack': 60, 'special-defense': 130, 'speed': 25}",https://raw.githubusercontent.com/PokeAPI/sprites/master/sprites/pokemon/356.png,https://raw.githubusercontent.com/PokeAPI/sprites/master/sprites/pokemon/back/356.png
357,tropius,20,1000,"['grass', 'flying']","['chlorophyll', 'solar-power', 'harvest']","{'hp': 99, 'attack': 68, 'defense': 83, 'special-attack': 72, 'special-defense': 87, 'speed': 51}",https://raw.githubusercontent.com/PokeAPI/sprites/master/sprites/pokemon/357.png,https://raw.githubusercontent.com/PokeAPI/sprites/master/sprites/pokemon/back/357.png
358,chimecho,6,10,['psychic'],['levitate'],"{'hp': 75, 'attack': 50, 'defense': 80, 'special-attack': 95, 'special-defense': 90, 'speed': 65}",https://raw.githubusercontent.com/PokeAPI/sprites/master/sprites/pokemon/358.png,https://raw.githubusercontent.com/PokeAPI/sprites/master/sprites/pokemon/back/358.png
359,absol,12,470,['dark'],"['pressure', 'super-luck', 'justified']","{'hp': 65, 'attack': 130, 'defense': 60, 'special-attack': 75, 'special-defense': 60, 'speed': 75}",https://raw.githubusercontent.com/PokeAPI/sprites/master/sprites/pokemon/359.png,https://raw.githubusercontent.com/PokeAPI/sprites/master/sprites/pokemon/back/359.png
360,wynaut,6,140,['psychic'],"['shadow-tag', 'telepathy']","{'hp': 95, 'attack': 23, 'defense': 48, 'special-attack': 23, 'special-defense': 48, 'speed': 23}",https://raw.githubusercontent.com/PokeAPI/sprites/master/sprites/pokemon/360.png,https://raw.githubusercontent.com/PokeAPI/sprites/master/sprites/pokemon/back/360.png
361,snorunt,7,168,['ice'],"['inner-focus', 'ice-body', 'moody']","{'hp': 50, 'attack': 50, 'defense': 50, 'special-attack': 50, 'special-defense': 50, 'speed': 50}",https://raw.githubusercontent.com/PokeAPI/sprites/master/sprites/pokemon/361.png,https://raw.githubusercontent.com/PokeAPI/sprites/master/sprites/pokemon/back/361.png
362,glalie,15,2565,['ice'],"['inner-focus', 'ice-body', 'moody']","{'hp': 80, 'attack': 80, 'defense': 80, 'special-attack': 80, 'special-defense': 80, 'speed': 80}",https://raw.githubusercontent.com/PokeAPI/sprites/master/sprites/pokemon/362.png,https://raw.githubusercontent.com/PokeAPI/sprites/master/sprites/pokemon/back/362.png
363,spheal,8,395,"['ice', 'water']","['thick-fat', 'ice-body', 'oblivious']","{'hp': 70, 'attack': 40, 'defense': 50, 'special-attack': 55, 'special-defense': 50, 'speed': 25}",https://raw.githubusercontent.com/PokeAPI/sprites/master/sprites/pokemon/363.png,https://raw.githubusercontent.com/PokeAPI/sprites/master/sprites/pokemon/back/363.png
364,sealeo,11,876,"['ice', 'water']","['thick-fat', 'ice-body', 'oblivious']","{'hp': 90, 'attack': 60, 'defense': 70, 'special-attack': 75, 'special-defense': 70, 'speed': 45}",https://raw.githubusercontent.com/PokeAPI/sprites/master/sprites/pokemon/364.png,https://raw.githubusercontent.com/PokeAPI/sprites/master/sprites/pokemon/back/364.png
365,walrein,14,1506,"['ice', 'water']","['thick-fat', 'ice-body', 'oblivious']","{'hp': 110, 'attack': 80, 'defense': 90, 'special-attack': 95, 'special-defense': 90, 'speed': 65}",https://raw.githubusercontent.com/PokeAPI/sprites/master/sprites/pokemon/365.png,https://raw.githubusercontent.com/PokeAPI/sprites/master/sprites/pokemon/back/365.png
366,clamperl,4,525,['water'],"['shell-armor', 'rattled']","{'hp': 35, 'attack': 64, 'defense': 85, 'special-attack': 74, 'special-defense': 55, 'speed': 32}",https://raw.githubusercontent.com/PokeAPI/sprites/master/sprites/pokemon/366.png,https://raw.githubusercontent.com/PokeAPI/sprites/master/sprites/pokemon/back/366.png
367,huntail,17,270,['water'],"['swift-swim', 'water-veil']","{'hp': 55, 'attack': 104, 'defense': 105, 'special-attack': 94, 'special-defense': 75, 'speed': 52}",https://raw.githubusercontent.com/PokeAPI/sprites/master/sprites/pokemon/367.png,https://raw.githubusercontent.com/PokeAPI/sprites/master/sprites/pokemon/back/367.png
368,gorebyss,18,226,['water'],"['swift-swim', 'hydration']","{'hp': 55, 'attack': 84, 'defense': 105, 'special-attack': 114, 'special-defense': 75, 'speed': 52}",https://raw.githubusercontent.com/PokeAPI/sprites/master/sprites/pokemon/368.png,https://raw.githubusercontent.com/PokeAPI/sprites/master/sprites/pokemon/back/368.png
369,relicanth,10,234,"['water', 'rock']","['swift-swim', 'rock-head', 'sturdy']","{'hp': 100, 'attack': 90, 'defense': 130, 'special-attack': 45, 'special-defense': 65, 'speed': 55}",https://raw.githubusercontent.com/PokeAPI/sprites/master/sprites/pokemon/369.png,https://raw.githubusercontent.com/PokeAPI/sprites/master/sprites/pokemon/back/369.png
370,luvdisc,6,87,['water'],"['swift-swim', 'hydration']","{'hp': 43, 'attack': 30, 'defense': 55, 'special-attack': 40, 'special-defense': 65, 'speed': 97}",https://raw.githubusercontent.com/PokeAPI/sprites/master/sprites/pokemon/370.png,https://raw.githubusercontent.com/PokeAPI/sprites/master/sprites/pokemon/back/370.png
371,bagon,6,421,['dragon'],"['rock-head', 'sheer-force']","{'hp': 45, 'attack': 75, 'defense': 60, 'special-attack': 40, 'special-defense': 30, 'speed': 50}",https://raw.githubusercontent.com/PokeAPI/sprites/master/sprites/pokemon/371.png,https://raw.githubusercontent.com/PokeAPI/sprites/master/sprites/pokemon/back/371.png
372,shelgon,11,1105,['dragon'],"['rock-head', 'overcoat']","{'hp': 65, 'attack': 95, 'defense': 100, 'special-attack': 60, 'special-defense': 50, 'speed': 50}",https://raw.githubusercontent.com/PokeAPI/sprites/master/sprites/pokemon/372.png,https://raw.githubusercontent.com/PokeAPI/sprites/master/sprites/pokemon/back/372.png
373,salamence,15,1026,"['dragon', 'flying']","['intimidate', 'moxie']","{'hp': 95, 'attack': 135, 'defense': 80, 'special-attack': 110, 'special-defense': 80, 'speed': 100}",https://raw.githubusercontent.com/PokeAPI/sprites/master/sprites/pokemon/373.png,https://raw.githubusercontent.com/PokeAPI/sprites/master/sprites/pokemon/back/373.png
374,beldum,6,952,"['steel', 'psychic']","['clear-body', 'light-metal']","{'hp': 40, 'attack': 55, 'defense': 80, 'special-attack': 35, 'special-defense': 60, 'speed': 30}",https://raw.githubusercontent.com/PokeAPI/sprites/master/sprites/pokemon/374.png,https://raw.githubusercontent.com/PokeAPI/sprites/master/sprites/pokemon/back/374.png
375,metang,12,2025,"['steel', 'psychic']","['clear-body', 'light-metal']","{'hp': 60, 'attack': 75, 'defense': 100, 'special-attack': 55, 'special-defense': 80, 'speed': 50}",https://raw.githubusercontent.com/PokeAPI/sprites/master/sprites/pokemon/375.png,https://raw.githubusercontent.com/PokeAPI/sprites/master/sprites/pokemon/back/375.png
376,metagross,16,5500,"['steel', 'psychic']","['clear-body', 'light-metal']","{'hp': 80, 'attack': 135, 'defense': 130, 'special-attack': 95, 'special-defense': 90, 'speed': 70}",https://raw.githubusercontent.com/PokeAPI/sprites/master/sprites/pokemon/376.png,https://raw.githubusercontent.com/PokeAPI/sprites/master/sprites/pokemon/back/376.png
377,regirock,17,2300,['rock'],"['clear-body', 'sturdy']","{'hp': 80, 'attack': 100, 'defense': 200, 'special-attack': 50, 'special-defense': 100, 'speed': 50}",https://raw.githubusercontent.com/PokeAPI/sprites/master/sprites/pokemon/377.png,https://raw.githubusercontent.com/PokeAPI/sprites/master/sprites/pokemon/back/377.png
378,regice,18,1750,['ice'],"['clear-body', 'ice-body']","{'hp': 80, 'attack': 50, 'defense': 100, 'special-attack': 100, 'special-defense': 200, 'speed': 50}",https://raw.githubusercontent.com/PokeAPI/sprites/master/sprites/pokemon/378.png,https://raw.githubusercontent.com/PokeAPI/sprites/master/sprites/pokemon/back/378.png
379,registeel,19,2050,['steel'],"['clear-body', 'light-metal']","{'hp': 80, 'attack': 75, 'defense': 150, 'special-attack': 75, 'special-defense': 150, 'speed': 50}",https://raw.githubusercontent.com/PokeAPI/sprites/master/sprites/pokemon/379.png,https://raw.githubusercontent.com/PokeAPI/sprites/master/sprites/pokemon/back/379.png
380,latias,14,400,"['dragon', 'psychic']",['levitate'],"{'hp': 80, 'attack': 80, 'defense': 90, 'special-attack': 110, 'special-defense': 130, 'speed': 110}",https://raw.githubusercontent.com/PokeAPI/sprites/master/sprites/pokemon/380.png,https://raw.githubusercontent.com/PokeAPI/sprites/master/sprites/pokemon/back/380.png
381,latios,20,600,"['dragon', 'psychic']",['levitate'],"{'hp': 80, 'attack': 90, 'defense': 80, 'special-attack': 130, 'special-defense': 110, 'speed': 110}",https://raw.githubusercontent.com/PokeAPI/sprites/master/sprites/pokemon/381.png,https://raw.githubusercontent.com/PokeAPI/sprites/master/sprites/pokemon/back/381.png
382,kyogre,45,3520,['water'],['drizzle'],"{'hp': 100, 'attack': 100, 'defense': 90, 'special-attack': 150, 'special-defense': 140, 'speed': 90}",https://raw.githubusercontent.com/PokeAPI/sprites/master/sprites/pokemon/382.png,https://raw.githubusercontent.com/PokeAPI/sprites/master/sprites/pokemon/back/382.png
383,groudon,35,9500,['ground'],['drought'],"{'hp': 100, 'attack': 150, 'defense': 140, 'special-attack': 100, 'special-defense': 90, 'speed': 90}",https://raw.githubusercontent.com/PokeAPI/sprites/master/sprites/pokemon/383.png,https://raw.githubusercontent.com/PokeAPI/sprites/master/sprites/pokemon/back/383.png
384,rayquaza,70,2065,"['dragon', 'flying']",['air-lock'],"{'hp': 105, 'attack': 150, 'defense': 90, 'special-attack': 150, 'special-defense': 90, 'speed': 95}",https://raw.githubusercontent.com/PokeAPI/sprites/master/sprites/pokemon/384.png,https://raw.githubusercontent.com/PokeAPI/sprites/master/sprites/pokemon/back/384.png
385,jirachi,3,11,"['steel', 'psychic']",['serene-grace'],"{'hp': 100, 'attack': 100, 'defense': 100, 'special-attack': 100, 'special-defense': 100, 'speed': 100}",https://raw.githubusercontent.com/PokeAPI/sprites/master/sprites/pokemon/385.png,https://raw.githubusercontent.com/PokeAPI/sprites/master/sprites/pokemon/back/385.png
386,deoxys-normal,17,608,['psychic'],['pressure'],"{'hp': 50, 'attack': 150, 'defense': 50, 'special-attack': 150, 'special-defense': 50, 'speed': 150}",https://raw.githubusercontent.com/PokeAPI/sprites/master/sprites/pokemon/386.png,https://raw.githubusercontent.com/PokeAPI/sprites/master/sprites/pokemon/back/386.png
387,turtwig,4,102,['grass'],"['overgrow', 'shell-armor']","{'hp': 55, 'attack': 68, 'defense': 64, 'special-attack': 45, 'special-defense': 55, 'speed': 31}",https://raw.githubusercontent.com/PokeAPI/sprites/master/sprites/pokemon/387.png,https://raw.githubusercontent.com/PokeAPI/sprites/master/sprites/pokemon/back/387.png
388,grotle,11,970,['grass'],"['overgrow', 'shell-armor']","{'hp': 75, 'attack': 89, 'defense': 85, 'special-attack': 55, 'special-defense': 65, 'speed': 36}",https://raw.githubusercontent.com/PokeAPI/sprites/master/sprites/pokemon/388.png,https://raw.githubusercontent.com/PokeAPI/sprites/master/sprites/pokemon/back/388.png
389,torterra,22,3100,"['grass', 'ground']","['overgrow', 'shell-armor']","{'hp': 95, 'attack': 109, 'defense': 105, 'special-attack': 75, 'special-defense': 85, 'speed': 56}",https://raw.githubusercontent.com/PokeAPI/sprites/master/sprites/pokemon/389.png,https://raw.githubusercontent.com/PokeAPI/sprites/master/sprites/pokemon/back/389.png
390,chimchar,5,62,['fire'],"['blaze', 'iron-fist']","{'hp': 44, 'attack': 58, 'defense': 44, 'special-attack': 58, 'special-defense': 44, 'speed': 61}",https://raw.githubusercontent.com/PokeAPI/sprites/master/sprites/pokemon/390.png,https://raw.githubusercontent.com/PokeAPI/sprites/master/sprites/pokemon/back/390.png
391,monferno,9,220,"['fire', 'fighting']","['blaze', 'iron-fist']","{'hp': 64, 'attack': 78, 'defense': 52, 'special-attack': 78, 'special-defense': 52, 'speed': 81}",https://raw.githubusercontent.com/PokeAPI/sprites/master/sprites/pokemon/391.png,https://raw.githubusercontent.com/PokeAPI/sprites/master/sprites/pokemon/back/391.png
392,infernape,12,550,"['fire', 'fighting']","['blaze', 'iron-fist']","{'hp': 76, 'attack': 104, 'defense': 71, 'special-attack': 104, 'special-defense': 71, 'speed': 108}",https://raw.githubusercontent.com/PokeAPI/sprites/master/sprites/pokemon/392.png,https://raw.githubusercontent.com/PokeAPI/sprites/master/sprites/pokemon/back/392.png
393,piplup,4,52,['water'],"['torrent', 'competitive']","{'hp': 53, 'attack': 51, 'defense': 53, 'special-attack': 61, 'special-defense': 56, 'speed': 40}",https://raw.githubusercontent.com/PokeAPI/sprites/master/sprites/pokemon/393.png,https://raw.githubusercontent.com/PokeAPI/sprites/master/sprites/pokemon/back/393.png
394,prinplup,8,230,['water'],"['torrent', 'competitive']","{'hp': 64, 'attack': 66, 'defense': 68, 'special-attack': 81, 'special-defense': 76, 'speed': 50}",https://raw.githubusercontent.com/PokeAPI/sprites/master/sprites/pokemon/394.png,https://raw.githubusercontent.com/PokeAPI/sprites/master/sprites/pokemon/back/394.png
395,empoleon,17,845,"['water', 'steel']","['torrent', 'competitive']","{'hp': 84, 'attack': 86, 'defense': 88, 'special-attack': 111, 'special-defense': 101, 'speed': 60}",https://raw.githubusercontent.com/PokeAPI/sprites/master/sprites/pokemon/395.png,https://raw.githubusercontent.com/PokeAPI/sprites/master/sprites/pokemon/back/395.png
396,starly,3,20,"['normal', 'flying']","['keen-eye', 'reckless']","{'hp': 40, 'attack': 55, 'defense': 30, 'special-attack': 30, 'special-defense': 30, 'speed': 60}",https://raw.githubusercontent.com/PokeAPI/sprites/master/sprites/pokemon/396.png,https://raw.githubusercontent.com/PokeAPI/sprites/master/sprites/pokemon/back/396.png
397,staravia,6,155,"['normal', 'flying']","['intimidate', 'reckless']","{'hp': 55, 'attack': 75, 'defense': 50, 'special-attack': 40, 'special-defense': 40, 'speed': 80}",https://raw.githubusercontent.com/PokeAPI/sprites/master/sprites/pokemon/397.png,https://raw.githubusercontent.com/PokeAPI/sprites/master/sprites/pokemon/back/397.png
398,staraptor,12,249,"['normal', 'flying']","['intimidate', 'reckless']","{'hp': 85, 'attack': 120, 'defense': 70, 'special-attack': 50, 'special-defense': 60, 'speed': 100}",https://raw.githubusercontent.com/PokeAPI/sprites/master/sprites/pokemon/398.png,https://raw.githubusercontent.com/PokeAPI/sprites/master/sprites/pokemon/back/398.png
399,bidoof,5,200,['normal'],"['simple', 'unaware', 'moody']","{'hp': 59, 'attack': 45, 'defense': 40, 'special-attack': 35, 'special-defense': 40, 'speed': 31}",https://raw.githubusercontent.com/PokeAPI/sprites/master/sprites/pokemon/399.png,https://raw.githubusercontent.com/PokeAPI/sprites/master/sprites/pokemon/back/399.png
400,bibarel,10,315,"['normal', 'water']","['simple', 'unaware', 'moody']","{'hp': 79, 'attack': 85, 'defense': 60, 'special-attack': 55, 'special-defense': 60, 'speed': 71}",https://raw.githubusercontent.com/PokeAPI/sprites/master/sprites/pokemon/400.png,https://raw.githubusercontent.com/PokeAPI/sprites/master/sprites/pokemon/back/400.png
401,kricketot,3,22,['bug'],"['shed-skin', 'run-away']","{'hp': 37, 'attack': 25, 'defense': 41, 'special-attack': 25, 'special-defense': 41, 'speed': 25}",https://raw.githubusercontent.com/PokeAPI/sprites/master/sprites/pokemon/401.png,https://raw.githubusercontent.com/PokeAPI/sprites/master/sprites/pokemon/back/401.png
402,kricketune,10,255,['bug'],"['swarm', 'technician']","{'hp': 77, 'attack': 85, 'defense': 51, 'special-attack': 55, 'special-defense': 51, 'speed': 65}",https://raw.githubusercontent.com/PokeAPI/sprites/master/sprites/pokemon/402.png,https://raw.githubusercontent.com/PokeAPI/sprites/master/sprites/pokemon/back/402.png
403,shinx,5,95,['electric'],"['rivalry', 'intimidate', 'guts']","{'hp': 45, 'attack': 65, 'defense': 34, 'special-attack': 40, 'special-defense': 34, 'speed': 45}",https://raw.githubusercontent.com/PokeAPI/sprites/master/sprites/pokemon/403.png,https://raw.githubusercontent.com/PokeAPI/sprites/master/sprites/pokemon/back/403.png
404,luxio,9,305,['electric'],"['rivalry', 'intimidate', 'guts']","{'hp': 60, 'attack': 85, 'defense': 49, 'special-attack': 60, 'special-defense': 49, 'speed': 60}",https://raw.githubusercontent.com/PokeAPI/sprites/master/sprites/pokemon/404.png,https://raw.githubusercontent.com/PokeAPI/sprites/master/sprites/pokemon/back/404.png
405,luxray,14,420,['electric'],"['rivalry', 'intimidate', 'guts']","{'hp': 80, 'attack': 120, 'defense': 79, 'special-attack': 95, 'special-defense': 79, 'speed': 70}",https://raw.githubusercontent.com/PokeAPI/sprites/master/sprites/pokemon/405.png,https://raw.githubusercontent.com/PokeAPI/sprites/master/sprites/pokemon/back/405.png
406,budew,2,12,"['grass', 'poison']","['natural-cure', 'poison-point', 'leaf-guard']","{'hp': 40, 'attack': 30, 'defense': 35, 'special-attack': 50, 'special-defense': 70, 'speed': 55}",https://raw.githubusercontent.com/PokeAPI/sprites/master/sprites/pokemon/406.png,https://raw.githubusercontent.com/PokeAPI/sprites/master/sprites/pokemon/back/406.png
407,roserade,9,145,"['grass', 'poison']","['natural-cure', 'poison-point', 'technician']","{'hp': 60, 'attack': 70, 'defense': 65, 'special-attack': 125, 'special-defense': 105, 'speed': 90}",https://raw.githubusercontent.com/PokeAPI/sprites/master/sprites/pokemon/407.png,https://raw.githubusercontent.com/PokeAPI/sprites/master/sprites/pokemon/back/407.png
408,cranidos,9,315,['rock'],"['mold-breaker', 'sheer-force']","{'hp': 67, 'attack': 125, 'defense': 40, 'special-attack': 30, 'special-defense': 30, 'speed': 58}",https://raw.githubusercontent.com/PokeAPI/sprites/master/sprites/pokemon/408.png,https://raw.githubusercontent.com/PokeAPI/sprites/master/sprites/pokemon/back/408.png
409,rampardos,16,1025,['rock'],"['mold-breaker', 'sheer-force']","{'hp': 97, 'attack': 165, 'defense': 60, 'special-attack': 65, 'special-defense': 50, 'speed': 58}",https://raw.githubusercontent.com/PokeAPI/sprites/master/sprites/pokemon/409.png,https://raw.githubusercontent.com/PokeAPI/sprites/master/sprites/pokemon/back/409.png
410,shieldon,5,570,"['rock', 'steel']","['sturdy', 'soundproof']","{'hp': 30, 'attack': 42, 'defense': 118, 'special-attack': 42, 'special-defense': 88, 'speed': 30}",https://raw.githubusercontent.com/PokeAPI/sprites/master/sprites/pokemon/410.png,https://raw.githubusercontent.com/PokeAPI/sprites/master/sprites/pokemon/back/410.png
411,bastiodon,13,1495,"['rock', 'steel']","['sturdy', 'soundproof']","{'hp': 60, 'attack': 52, 'defense': 168, 'special-attack': 47, 'special-defense': 138, 'speed': 30}",https://raw.githubusercontent.com/PokeAPI/sprites/master/sprites/pokemon/411.png,https://raw.githubusercontent.com/PokeAPI/sprites/master/sprites/pokemon/back/411.png
412,burmy,2,34,['bug'],"['shed-skin', 'overcoat']","{'hp': 40, 'attack': 29, 'defense': 45, 'special-attack': 29, 'special-defense': 45, 'speed': 36}",https://raw.githubusercontent.com/PokeAPI/sprites/master/sprites/pokemon/412.png,https://raw.githubusercontent.com/PokeAPI/sprites/master/sprites/pokemon/back/412.png
413,wormadam-plant,5,65,"['bug', 'grass']","['anticipation', 'overcoat']","{'hp': 60, 'attack': 59, 'defense': 85, 'special-attack': 79, 'special-defense': 105, 'speed': 36}",https://raw.githubusercontent.com/PokeAPI/sprites/master/sprites/pokemon/413.png,https://raw.githubusercontent.com/PokeAPI/sprites/master/sprites/pokemon/back/413.png
414,mothim,9,233,"['bug', 'flying']","['swarm', 'tinted-lens']","{'hp': 70, 'attack': 94, 'defense': 50, 'special-attack': 94, 'special-defense': 50, 'speed': 66}",https://raw.githubusercontent.com/PokeAPI/sprites/master/sprites/pokemon/414.png,https://raw.githubusercontent.com/PokeAPI/sprites/master/sprites/pokemon/back/414.png
415,combee,3,55,"['bug', 'flying']","['honey-gather', 'hustle']","{'hp': 30, 'attack': 30, 'defense': 42, 'special-attack': 30, 'special-defense': 42, 'speed': 70}",https://raw.githubusercontent.com/PokeAPI/sprites/master/sprites/pokemon/415.png,https://raw.githubusercontent.com/PokeAPI/sprites/master/sprites/pokemon/back/415.png
416,vespiquen,12,385,"['bug', 'flying']","['pressure', 'unnerve']","{'hp': 70, 'attack': 80, 'defense': 102, 'special-attack': 80, 'special-defense': 102, 'speed': 40}",https://raw.githubusercontent.com/PokeAPI/sprites/master/sprites/pokemon/416.png,https://raw.githubusercontent.com/PokeAPI/sprites/master/sprites/pokemon/back/416.png
417,pachirisu,4,39,['electric'],"['run-away', 'pickup', 'volt-absorb']","{'hp': 60, 'attack': 45, 'defense': 70, 'special-attack': 45, 'special-defense': 90, 'speed': 95}",https://raw.githubusercontent.com/PokeAPI/sprites/master/sprites/pokemon/417.png,https://raw.githubusercontent.com/PokeAPI/sprites/master/sprites/pokemon/back/417.png
418,buizel,7,295,['water'],"['swift-swim', 'water-veil']","{'hp': 55, 'attack': 65, 'defense': 35, 'special-attack': 60, 'special-defense': 30, 'speed': 85}",https://raw.githubusercontent.com/PokeAPI/sprites/master/sprites/pokemon/418.png,https://raw.githubusercontent.com/PokeAPI/sprites/master/sprites/pokemon/back/418.png
419,floatzel,11,335,['water'],"['swift-swim', 'water-veil']","{'hp': 85, 'attack': 105, 'defense': 55, 'special-attack': 85, 'special-defense': 50, 'speed': 115}",https://raw.githubusercontent.com/PokeAPI/sprites/master/sprites/pokemon/419.png,https://raw.githubusercontent.com/PokeAPI/sprites/master/sprites/pokemon/back/419.png
420,cherubi,4,33,['grass'],['chlorophyll'],"{'hp': 45, 'attack': 35, 'defense': 45, 'special-attack': 62, 'special-defense': 53, 'speed': 35}",https://raw.githubusercontent.com/PokeAPI/sprites/master/sprites/pokemon/420.png,https://raw.githubusercontent.com/PokeAPI/sprites/master/sprites/pokemon/back/420.png
421,cherrim,5,93,['grass'],['flower-gift'],"{'hp': 70, 'attack': 60, 'defense': 70, 'special-attack': 87, 'special-defense': 78, 'speed': 85}",https://raw.githubusercontent.com/PokeAPI/sprites/master/sprites/pokemon/421.png,https://raw.githubusercontent.com/PokeAPI/sprites/master/sprites/pokemon/back/421.png
422,shellos,3,63,['water'],"['sticky-hold', 'storm-drain', 'sand-force']","{'hp': 76, 'attack': 48, 'defense': 48, 'special-attack': 57, 'special-defense': 62, 'speed': 34}",https://raw.githubusercontent.com/PokeAPI/sprites/master/sprites/pokemon/422.png,https://raw.githubusercontent.com/PokeAPI/sprites/master/sprites/pokemon/back/422.png
423,gastrodon,9,299,"['water', 'ground']","['sticky-hold', 'storm-drain', 'sand-force']","{'hp': 111, 'attack': 83, 'defense': 68, 'special-attack': 92, 'special-defense': 82, 'speed': 39}",https://raw.githubusercontent.com/PokeAPI/sprites/master/sprites/pokemon/423.png,https://raw.githubusercontent.com/PokeAPI/sprites/master/sprites/pokemon/back/423.png
424,ambipom,12,203,['normal'],"['technician', 'pickup', 'skill-link']","{'hp': 75, 'attack': 100, 'defense': 66, 'special-attack': 60, 'special-defense': 66, 'speed': 115}",https://raw.githubusercontent.com/PokeAPI/sprites/master/sprites/pokemon/424.png,https://raw.githubusercontent.com/PokeAPI/sprites/master/sprites/pokemon/back/424.png
425,drifloon,4,12,"['ghost', 'flying']","['aftermath', 'unburden', 'flare-boost']","{'hp': 90, 'attack': 50, 'defense': 34, 'special-attack': 60, 'special-defense': 44, 'speed': 70}",https://raw.githubusercontent.com/PokeAPI/sprites/master/sprites/pokemon/425.png,https://raw.githubusercontent.com/PokeAPI/sprites/master/sprites/pokemon/back/425.png
426,drifblim,12,150,"['ghost', 'flying']","['aftermath', 'unburden', 'flare-boost']","{'hp': 150, 'attack': 80, 'defense': 44, 'special-attack': 90, 'special-defense': 54, 'speed': 80}",https://raw.githubusercontent.com/PokeAPI/sprites/master/sprites/pokemon/426.png,https://raw.githubusercontent.com/PokeAPI/sprites/master/sprites/pokemon/back/426.png
427,buneary,4,55,['normal'],"['run-away', 'klutz', 'limber']","{'hp': 55, 'attack': 66, 'defense': 44, 'special-attack': 44, 'special-defense': 56, 'speed': 85}",https://raw.githubusercontent.com/PokeAPI/sprites/master/sprites/pokemon/427.png,https://raw.githubusercontent.com/PokeAPI/sprites/master/sprites/pokemon/back/427.png
428,lopunny,12,333,['normal'],"['cute-charm', 'klutz', 'limber']","{'hp': 65, 'attack': 76, 'defense': 84, 'special-attack': 54, 'special-defense': 96, 'speed': 105}",https://raw.githubusercontent.com/PokeAPI/sprites/master/sprites/pokemon/428.png,https://raw.githubusercontent.com/PokeAPI/sprites/master/sprites/pokemon/back/428.png
429,mismagius,9,44,['ghost'],['levitate'],"{'hp': 60, 'attack': 60, 'defense': 60, 'special-attack': 105, 'special-defense': 105, 'speed': 105}",https://raw.githubusercontent.com/PokeAPI/sprites/master/sprites/pokemon/429.png,https://raw.githubusercontent.com/PokeAPI/sprites/master/sprites/pokemon/back/429.png
430,honchkrow,9,273,"['dark', 'flying']","['insomnia', 'super-luck', 'moxie']","{'hp': 100, 'attack': 125, 'defense': 52, 'special-attack': 105, 'special-defense': 52, 'speed': 71}",https://raw.githubusercontent.com/PokeAPI/sprites/master/sprites/pokemon/430.png,https://raw.githubusercontent.com/PokeAPI/sprites/master/sprites/pokemon/back/430.png
431,glameow,5,39,['normal'],"['limber', 'own-tempo', 'keen-eye']","{'hp': 49, 'attack': 55, 'defense': 42, 'special-attack': 42, 'special-defense': 37, 'speed': 85}",https://raw.githubusercontent.com/PokeAPI/sprites/master/sprites/pokemon/431.png,https://raw.githubusercontent.com/PokeAPI/sprites/master/sprites/pokemon/back/431.png
432,purugly,10,438,['normal'],"['thick-fat', 'own-tempo', 'defiant']","{'hp': 71, 'attack': 82, 'defense': 64, 'special-attack': 64, 'special-defense': 59, 'speed': 112}",https://raw.githubusercontent.com/PokeAPI/sprites/master/sprites/pokemon/432.png,https://raw.githubusercontent.com/PokeAPI/sprites/master/sprites/pokemon/back/432.png
433,chingling,2,6,['psychic'],['levitate'],"{'hp': 45, 'attack': 30, 'defense': 50, 'special-attack': 65, 'special-defense': 50, 'speed': 45}",https://raw.githubusercontent.com/PokeAPI/sprites/master/sprites/pokemon/433.png,https://raw.githubusercontent.com/PokeAPI/sprites/master/sprites/pokemon/back/433.png
434,stunky,4,192,"['poison', 'dark']","['stench', 'aftermath', 'keen-eye']","{'hp': 63, 'attack': 63, 'defense': 47, 'special-attack': 41, 'special-defense': 41, 'speed': 74}",https://raw.githubusercontent.com/PokeAPI/sprites/master/sprites/pokemon/434.png,https://raw.githubusercontent.com/PokeAPI/sprites/master/sprites/pokemon/back/434.png
435,skuntank,10,380,"['poison', 'dark']","['stench', 'aftermath', 'keen-eye']","{'hp': 103, 'attack': 93, 'defense': 67, 'special-attack': 71, 'special-defense': 61, 'speed': 84}",https://raw.githubusercontent.com/PokeAPI/sprites/master/sprites/pokemon/435.png,https://raw.githubusercontent.com/PokeAPI/sprites/master/sprites/pokemon/back/435.png
436,bronzor,5,605,"['steel', 'psychic']","['levitate', 'heatproof', 'heavy-metal']","{'hp': 57, 'attack': 24, 'defense': 86, 'special-attack': 24, 'special-defense': 86, 'speed': 23}",https://raw.githubusercontent.com/PokeAPI/sprites/master/sprites/pokemon/436.png,https://raw.githubusercontent.com/PokeAPI/sprites/master/sprites/pokemon/back/436.png
437,bronzong,13,1870,"['steel', 'psychic']","['levitate', 'heatproof', 'heavy-metal']","{'hp': 67, 'attack': 89, 'defense': 116, 'special-attack': 79, 'special-defense': 116, 'speed': 33}",https://raw.githubusercontent.com/PokeAPI/sprites/master/sprites/pokemon/437.png,https://raw.githubusercontent.com/PokeAPI/sprites/master/sprites/pokemon/back/437.png
438,bonsly,5,150,['rock'],"['sturdy', 'rock-head', 'rattled']","{'hp': 50, 'attack': 80, 'defense': 95, 'special-attack': 10, 'special-defense': 45, 'speed': 10}",https://raw.githubusercontent.com/PokeAPI/sprites/master/sprites/pokemon/438.png,https://raw.githubusercontent.com/PokeAPI/sprites/master/sprites/pokemon/back/438.png
439,mime-jr,6,130,"['psychic', 'fairy']","['soundproof', 'filter', 'technician']","{'hp': 20, 'attack': 25, 'defense': 45, 'special-attack': 70, 'special-defense': 90, 'speed': 60}",https://raw.githubusercontent.com/PokeAPI/sprites/master/sprites/pokemon/439.png,https://raw.githubusercontent.com/PokeAPI/sprites/master/sprites/pokemon/back/439.png
440,happiny,6,244,['normal'],"['natural-cure', 'serene-grace', 'friend-guard']","{'hp': 100, 'attack': 5, 'defense': 5, 'special-attack': 15, 'special-defense': 65, 'speed': 30}",https://raw.githubusercontent.com/PokeAPI/sprites/master/sprites/pokemon/440.png,https://raw.githubusercontent.com/PokeAPI/sprites/master/sprites/pokemon/back/440.png
441,chatot,5,19,"['normal', 'flying']","['keen-eye', 'tangled-feet', 'big-pecks']","{'hp': 76, 'attack': 65, 'defense': 45, 'special-attack': 92, 'special-defense': 42, 'speed': 91}",https://raw.githubusercontent.com/PokeAPI/sprites/master/sprites/pokemon/441.png,https://raw.githubusercontent.com/PokeAPI/sprites/master/sprites/pokemon/back/441.png
442,spiritomb,10,1080,"['ghost', 'dark']","['pressure', 'infiltrator']","{'hp': 50, 'attack': 92, 'defense': 108, 'special-attack': 92, 'special-defense': 108, 'speed': 35}",https://raw.githubusercontent.com/PokeAPI/sprites/master/sprites/pokemon/442.png,https://raw.githubusercontent.com/PokeAPI/sprites/master/sprites/pokemon/back/442.png
443,gible,7,205,"['dragon', 'ground']","['sand-veil', 'rough-skin']","{'hp': 58, 'attack': 70, 'defense': 45, 'special-attack': 40, 'special-defense': 45, 'speed': 42}",https://raw.githubusercontent.com/PokeAPI/sprites/master/sprites/pokemon/443.png,https://raw.githubusercontent.com/PokeAPI/sprites/master/sprites/pokemon/back/443.png
444,gabite,14,560,"['dragon', 'ground']","['sand-veil', 'rough-skin']","{'hp': 68, 'attack': 90, 'defense': 65, 'special-attack': 50, 'special-defense': 55, 'speed': 82}",https://raw.githubusercontent.com/PokeAPI/sprites/master/sprites/pokemon/444.png,https://raw.githubusercontent.com/PokeAPI/sprites/master/sprites/pokemon/back/444.png
445,garchomp,19,950,"['dragon', 'ground']","['sand-veil', 'rough-skin']","{'hp': 108, 'attack': 130, 'defense': 95, 'special-attack': 80, 'special-defense': 85, 'speed': 102}",https://raw.githubusercontent.com/PokeAPI/sprites/master/sprites/pokemon/445.png,https://raw.githubusercontent.com/PokeAPI/sprites/master/sprites/pokemon/back/445.png
446,munchlax,6,1050,['normal'],"['pickup', 'thick-fat', 'gluttony']","{'hp': 135, 'attack': 85, 'defense': 40, 'special-attack': 40, 'special-defense': 85, 'speed': 5}",https://raw.githubusercontent.com/PokeAPI/sprites/master/sprites/pokemon/446.png,https://raw.githubusercontent.com/PokeAPI/sprites/master/sprites/pokemon/back/446.png
447,riolu,7,202,['fighting'],"['steadfast', 'inner-focus', 'prankster']","{'hp': 40, 'attack': 70, 'defense': 40, 'special-attack': 35, 'special-defense': 40, 'speed': 60}",https://raw.githubusercontent.com/PokeAPI/sprites/master/sprites/pokemon/447.png,https://raw.githubusercontent.com/PokeAPI/sprites/master/sprites/pokemon/back/447.png
448,lucario,12,540,"['fighting', 'steel']","['steadfast', 'inner-focus', 'justified']","{'hp': 70, 'attack': 110, 'defense': 70, 'special-attack': 115, 'special-defense': 70, 'speed': 90}",https://raw.githubusercontent.com/PokeAPI/sprites/master/sprites/pokemon/448.png,https://raw.githubusercontent.com/PokeAPI/sprites/master/sprites/pokemon/back/448.png
449,hippopotas,8,495,['ground'],"['sand-stream', 'sand-force']","{'hp': 68, 'attack': 72, 'defense': 78, 'special-attack': 38, 'special-defense': 42, 'speed': 32}",https://raw.githubusercontent.com/PokeAPI/sprites/master/sprites/pokemon/449.png,https://raw.githubusercontent.com/PokeAPI/sprites/master/sprites/pokemon/back/449.png
450,hippowdon,20,3000,['ground'],"['sand-stream', 'sand-force']","{'hp': 108, 'attack': 112, 'defense': 118, 'special-attack': 68, 'special-defense': 72, 'speed': 47}",https://raw.githubusercontent.com/PokeAPI/sprites/master/sprites/pokemon/450.png,https://raw.githubusercontent.com/PokeAPI/sprites/master/sprites/pokemon/back/450.png
451,skorupi,8,120,"['poison', 'bug']","['battle-armor', 'sniper', 'keen-eye']","{'hp': 40, 'attack': 50, 'defense': 90, 'special-attack': 30, 'special-defense': 55, 'speed': 65}",https://raw.githubusercontent.com/PokeAPI/sprites/master/sprites/pokemon/451.png,https://raw.githubusercontent.com/PokeAPI/sprites/master/sprites/pokemon/back/451.png
452,drapion,13,615,"['poison', 'dark']","['battle-armor', 'sniper', 'keen-eye']","{'hp': 70, 'attack': 90, 'defense': 110, 'special-attack': 60, 'special-defense': 75, 'speed': 95}",https://raw.githubusercontent.com/PokeAPI/sprites/master/sprites/pokemon/452.png,https://raw.githubusercontent.com/PokeAPI/sprites/master/sprites/pokemon/back/452.png
453,croagunk,7,230,"['poison', 'fighting']","['anticipation', 'dry-skin', 'poison-touch']","{'hp': 48, 'attack': 61, 'defense': 40, 'special-attack': 61, 'special-defense': 40, 'speed': 50}",https://raw.githubusercontent.com/PokeAPI/sprites/master/sprites/pokemon/453.png,https://raw.githubusercontent.com/PokeAPI/sprites/master/sprites/pokemon/back/453.png
454,toxicroak,13,444,"['poison', 'fighting']","['anticipation', 'dry-skin', 'poison-touch']","{'hp': 83, 'attack': 106, 'defense': 65, 'special-attack': 86, 'special-defense': 65, 'speed': 85}",https://raw.githubusercontent.com/PokeAPI/sprites/master/sprites/pokemon/454.png,https://raw.githubusercontent.com/PokeAPI/sprites/master/sprites/pokemon/back/454.png
455,carnivine,14,270,['grass'],['levitate'],"{'hp': 74, 'attack': 100, 'defense': 72, 'special-attack': 90, 'special-defense': 72, 'speed': 46}",https://raw.githubusercontent.com/PokeAPI/sprites/master/sprites/pokemon/455.png,https://raw.githubusercontent.com/PokeAPI/sprites/master/sprites/pokemon/back/455.png
456,finneon,4,70,['water'],"['swift-swim', 'storm-drain', 'water-veil']","{'hp': 49, 'attack': 49, 'defense': 56, 'special-attack': 49, 'special-defense': 61, 'speed': 66}",https://raw.githubusercontent.com/PokeAPI/sprites/master/sprites/pokemon/456.png,https://raw.githubusercontent.com/PokeAPI/sprites/master/sprites/pokemon/back/456.png
457,lumineon,12,240,['water'],"['swift-swim', 'storm-drain', 'water-veil']","{'hp': 69, 'attack': 69, 'defense': 76, 'special-attack': 69, 'special-defense': 86, 'speed': 91}",https://raw.githubusercontent.com/PokeAPI/sprites/master/sprites/pokemon/457.png,https://raw.githubusercontent.com/PokeAPI/sprites/master/sprites/pokemon/back/457.png
458,mantyke,10,650,"['water', 'flying']","['swift-swim', 'water-absorb', 'water-veil']","{'hp': 45, 'attack': 20, 'defense': 50, 'special-attack': 60, 'special-defense': 120, 'speed': 50}",https://raw.githubusercontent.com/PokeAPI/sprites/master/sprites/pokemon/458.png,https://raw.githubusercontent.com/PokeAPI/sprites/master/sprites/pokemon/back/458.png
459,snover,10,505,"['grass', 'ice']","['snow-warning', 'soundproof']","{'hp': 60, 'attack': 62, 'defense': 50, 'special-attack': 62, 'special-defense': 60, 'speed': 40}",https://raw.githubusercontent.com/PokeAPI/sprites/master/sprites/pokemon/459.png,https://raw.githubusercontent.com/PokeAPI/sprites/master/sprites/pokemon/back/459.png
460,abomasnow,22,1355,"['grass', 'ice']","['snow-warning', 'soundproof']","{'hp': 90, 'attack': 92, 'defense': 75, 'special-attack': 92, 'special-defense': 85, 'speed': 60}",https://raw.githubusercontent.com/PokeAPI/sprites/master/sprites/pokemon/460.png,https://raw.githubusercontent.com/PokeAPI/sprites/master/sprites/pokemon/back/460.png
461,weavile,11,340,"['dark', 'ice']","['pressure', 'pickpocket']","{'hp': 70, 'attack': 120, 'defense': 65, 'special-attack': 45, 'special-defense': 85, 'speed': 125}",https://raw.githubusercontent.com/PokeAPI/sprites/master/sprites/pokemon/461.png,https://raw.githubusercontent.com/PokeAPI/sprites/master/sprites/pokemon/back/461.png
462,magnezone,12,1800,"['electric', 'steel']","['magnet-pull', 'sturdy', 'analytic']","{'hp': 70, 'attack': 70, 'defense': 115, 'special-attack': 130, 'special-defense': 90, 'speed': 60}",https://raw.githubusercontent.com/PokeAPI/sprites/master/sprites/pokemon/462.png,https://raw.githubusercontent.com/PokeAPI/sprites/master/sprites/pokemon/back/462.png
463,lickilicky,17,1400,['normal'],"['own-tempo', 'oblivious', 'cloud-nine']","{'hp': 110, 'attack': 85, 'defense': 95, 'special-attack': 80, 'special-defense': 95, 'speed': 50}",https://raw.githubusercontent.com/PokeAPI/sprites/master/sprites/pokemon/463.png,https://raw.githubusercontent.com/PokeAPI/sprites/master/sprites/pokemon/back/463.png
464,rhyperior,24,2828,"['ground', 'rock']","['lightning-rod', 'solid-rock', 'reckless']","{'hp': 115, 'attack': 140, 'defense': 130, 'special-attack': 55, 'special-defense': 55, 'speed': 40}",https://raw.githubusercontent.com/PokeAPI/sprites/master/sprites/pokemon/464.png,https://raw.githubusercontent.com/PokeAPI/sprites/master/sprites/pokemon/back/464.png
465,tangrowth,20,1286,['grass'],"['chlorophyll', 'leaf-guard', 'regenerator']","{'hp': 100, 'attack': 100, 'defense': 125, 'special-attack': 110, 'special-defense': 50, 'speed': 50}",https://raw.githubusercontent.com/PokeAPI/sprites/master/sprites/pokemon/465.png,https://raw.githubusercontent.com/PokeAPI/sprites/master/sprites/pokemon/back/465.png
466,electivire,18,1386,['electric'],"['motor-drive', 'vital-spirit']","{'hp': 75, 'attack': 123, 'defense': 67, 'special-attack': 95, 'special-defense': 85, 'speed': 95}",https://raw.githubusercontent.com/PokeAPI/sprites/master/sprites/pokemon/466.png,https://raw.githubusercontent.com/PokeAPI/sprites/master/sprites/pokemon/back/466.png
467,magmortar,16,680,['fire'],"['flame-body', 'vital-spirit']","{'hp': 75, 'attack': 95, 'defense': 67, 'special-attack': 125, 'special-defense': 95, 'speed': 83}",https://raw.githubusercontent.com/PokeAPI/sprites/master/sprites/pokemon/467.png,https://raw.githubusercontent.com/PokeAPI/sprites/master/sprites/pokemon/back/467.png
468,togekiss,15,380,"['fairy', 'flying']","['hustle', 'serene-grace', 'super-luck']","{'hp': 85, 'attack': 50, 'defense': 95, 'special-attack': 120, 'special-defense': 115, 'speed': 80}",https://raw.githubusercontent.com/PokeAPI/sprites/master/sprites/pokemon/468.png,https://raw.githubusercontent.com/PokeAPI/sprites/master/sprites/pokemon/back/468.png
469,yanmega,19,515,"['bug', 'flying']","['speed-boost', 'tinted-lens', 'frisk']","{'hp': 86, 'attack': 76, 'defense': 86, 'special-attack': 116, 'special-defense': 56, 'speed': 95}",https://raw.githubusercontent.com/PokeAPI/sprites/master/sprites/pokemon/469.png,https://raw.githubusercontent.com/PokeAPI/sprites/master/sprites/pokemon/back/469.png
470,leafeon,10,255,['grass'],"['leaf-guard', 'chlorophyll']","{'hp': 65, 'attack': 110, 'defense': 130, 'special-attack': 60, 'special-defense': 65, 'speed': 95}",https://raw.githubusercontent.com/PokeAPI/sprites/master/sprites/pokemon/470.png,https://raw.githubusercontent.com/PokeAPI/sprites/master/sprites/pokemon/back/470.png
471,glaceon,8,259,['ice'],"['snow-cloak', 'ice-body']","{'hp': 65, 'attack': 60, 'defense': 110, 'special-attack': 130, 'special-defense': 95, 'speed': 65}",https://raw.githubusercontent.com/PokeAPI/sprites/master/sprites/pokemon/471.png,https://raw.githubusercontent.com/PokeAPI/sprites/master/sprites/pokemon/back/471.png
472,gliscor,20,425,"['ground', 'flying']","['hyper-cutter', 'sand-veil', 'poison-heal']","{'hp': 75, 'attack': 95, 'defense': 125, 'special-attack': 45, 'special-defense': 75, 'speed': 95}",https://raw.githubusercontent.com/PokeAPI/sprites/master/sprites/pokemon/472.png,https://raw.githubusercontent.com/PokeAPI/sprites/master/sprites/pokemon/back/472.png
473,mamoswine,25,2910,"['ice', 'ground']","['oblivious', 'snow-cloak', 'thick-fat']","{'hp': 110, 'attack': 130, 'defense': 80, 'special-attack': 70, 'special-defense': 60, 'speed': 80}",https://raw.githubusercontent.com/PokeAPI/sprites/master/sprites/pokemon/473.png,https://raw.githubusercontent.com/PokeAPI/sprites/master/sprites/pokemon/back/473.png
474,porygon-z,9,340,['normal'],"['adaptability', 'download', 'analytic']","{'hp': 85, 'attack': 80, 'defense': 70, 'special-attack': 135, 'special-defense': 75, 'speed': 90}",https://raw.githubusercontent.com/PokeAPI/sprites/master/sprites/pokemon/474.png,https://raw.githubusercontent.com/PokeAPI/sprites/master/sprites/pokemon/back/474.png
475,gallade,16,520,"['psychic', 'fighting']","['steadfast', 'sharpness', 'justified']","{'hp': 68, 'attack': 125, 'defense': 65, 'special-attack': 65, 'special-defense': 115, 'speed': 80}",https://raw.githubusercontent.com/PokeAPI/sprites/master/sprites/pokemon/475.png,https://raw.githubusercontent.com/PokeAPI/sprites/master/sprites/pokemon/back/475.png
476,probopass,14,3400,"['rock', 'steel']","['sturdy', 'magnet-pull', 'sand-force']","{'hp': 60, 'attack': 55, 'defense': 145, 'special-attack': 75, 'special-defense': 150, 'speed': 40}",https://raw.githubusercontent.com/PokeAPI/sprites/master/sprites/pokemon/476.png,https://raw.githubusercontent.com/PokeAPI/sprites/master/sprites/pokemon/back/476.png
477,dusknoir,22,1066,['ghost'],"['pressure', 'frisk']","{'hp': 45, 'attack': 100, 'defense': 135, 'special-attack': 65, 'special-defense': 135, 'speed': 45}",https://raw.githubusercontent.com/PokeAPI/sprites/master/sprites/pokemon/477.png,https://raw.githubusercontent.com/PokeAPI/sprites/master/sprites/pokemon/back/477.png
478,froslass,13,266,"['ice', 'ghost']","['snow-cloak', 'cursed-body']","{'hp': 70, 'attack': 80, 'defense': 70, 'special-attack': 80, 'special-defense': 70, 'speed': 110}",https://raw.githubusercontent.com/PokeAPI/sprites/master/sprites/pokemon/478.png,https://raw.githubusercontent.com/PokeAPI/sprites/master/sprites/pokemon/back/478.png
479,rotom,3,3,"['electric', 'ghost']",['levitate'],"{'hp': 50, 'attack': 50, 'defense': 77, 'special-attack': 95, 'special-defense': 77, 'speed': 91}",https://raw.githubusercontent.com/PokeAPI/sprites/master/sprites/pokemon/479.png,https://raw.githubusercontent.com/PokeAPI/sprites/master/sprites/pokemon/back/479.png
480,uxie,3,3,['psychic'],['levitate'],"{'hp': 75, 'attack': 75, 'defense': 130, 'special-attack': 75, 'special-defense': 130, 'speed': 95}",https://raw.githubusercontent.com/PokeAPI/sprites/master/sprites/pokemon/480.png,https://raw.githubusercontent.com/PokeAPI/sprites/master/sprites/pokemon/back/480.png
481,mesprit,3,3,['psychic'],['levitate'],"{'hp': 80, 'attack': 105, 'defense': 105, 'special-attack': 105, 'special-defense': 105, 'speed': 80}",https://raw.githubusercontent.com/PokeAPI/sprites/master/sprites/pokemon/481.png,https://raw.githubusercontent.com/PokeAPI/sprites/master/sprites/pokemon/back/481.png
482,azelf,3,3,['psychic'],['levitate'],"{'hp': 75, 'attack': 125, 'defense': 70, 'special-attack': 125, 'special-defense': 70, 'speed': 115}",https://raw.githubusercontent.com/PokeAPI/sprites/master/sprites/pokemon/482.png,https://raw.githubusercontent.com/PokeAPI/sprites/master/sprites/pokemon/back/482.png
483,dialga,54,6830,"['steel', 'dragon']","['pressure', 'telepathy']","{'hp': 100, 'attack': 120, 'defense': 120, 'special-attack': 150, 'special-defense': 100, 'speed': 90}",https://raw.githubusercontent.com/PokeAPI/sprites/master/sprites/pokemon/483.png,https://raw.githubusercontent.com/PokeAPI/sprites/master/sprites/pokemon/back/483.png
484,palkia,42,3360,"['water', 'dragon']","['pressure', 'telepathy']","{'hp': 90, 'attack': 120, 'defense': 100, 'special-attack': 150, 'special-defense': 120, 'speed': 100}",https://raw.githubusercontent.com/PokeAPI/sprites/master/sprites/pokemon/484.png,https://raw.githubusercontent.com/PokeAPI/sprites/master/sprites/pokemon/back/484.png
485,heatran,17,4300,"['fire', 'steel']","['flash-fire', 'flame-body']","{'hp': 91, 'attack': 90, 'defense': 106, 'special-attack': 130, 'special-defense': 106, 'speed': 77}",https://raw.githubusercontent.com/PokeAPI/sprites/master/sprites/pokemon/485.png,https://raw.githubusercontent.com/PokeAPI/sprites/master/sprites/pokemon/back/485.png
486,regigigas,37,4200,['normal'],['slow-start'],"{'hp': 110, 'attack': 160, 'defense': 110, 'special-attack': 80, 'special-defense': 110, 'speed': 100}",https://raw.githubusercontent.com/PokeAPI/sprites/master/sprites/pokemon/486.png,https://raw.githubusercontent.com/PokeAPI/sprites/master/sprites/pokemon/back/486.png
487,giratina-altered,45,7500,"['ghost', 'dragon']","['pressure', 'telepathy']","{'hp': 150, 'attack': 100, 'defense': 120, 'special-attack': 100, 'special-defense': 120, 'speed': 90}",https://raw.githubusercontent.com/PokeAPI/sprites/master/sprites/pokemon/487.png,https://raw.githubusercontent.com/PokeAPI/sprites/master/sprites/pokemon/back/487.png
488,cresselia,15,856,['psychic'],['levitate'],"{'hp': 120, 'attack': 70, 'defense': 110, 'special-attack': 75, 'special-defense': 120, 'speed': 85}",https://raw.githubusercontent.com/PokeAPI/sprites/master/sprites/pokemon/488.png,https://raw.githubusercontent.com/PokeAPI/sprites/master/sprites/pokemon/back/488.png
489,phione,4,31,['water'],['hydration'],"{'hp': 80, 'attack': 80, 'defense': 80, 'special-attack': 80, 'special-defense': 80, 'speed': 80}",https://raw.githubusercontent.com/PokeAPI/sprites/master/sprites/pokemon/489.png,https://raw.githubusercontent.com/PokeAPI/sprites/master/sprites/pokemon/back/489.png
490,manaphy,3,14,['water'],['hydration'],"{'hp': 100, 'attack': 100, 'defense': 100, 'special-attack': 100, 'special-defense': 100, 'speed': 100}",https://raw.githubusercontent.com/PokeAPI/sprites/master/sprites/pokemon/490.png,https://raw.githubusercontent.com/PokeAPI/sprites/master/sprites/pokemon/back/490.png
491,darkrai,15,505,['dark'],['bad-dreams'],"{'hp': 70, 'attack': 90, 'defense': 90, 'special-attack': 135, 'special-defense': 90, 'speed': 125}",https://raw.githubusercontent.com/PokeAPI/sprites/master/sprites/pokemon/491.png,https://raw.githubusercontent.com/PokeAPI/sprites/master/sprites/pokemon/back/491.png
492,shaymin-land,2,21,['grass'],['natural-cure'],"{'hp': 100, 'attack': 100, 'defense': 100, 'special-attack': 100, 'special-defense': 100, 'speed': 100}",https://raw.githubusercontent.com/PokeAPI/sprites/master/sprites/pokemon/492.png,https://raw.githubusercontent.com/PokeAPI/sprites/master/sprites/pokemon/back/492.png
493,arceus,32,3200,['normal'],['multitype'],"{'hp': 120, 'attack': 120, 'defense': 120, 'special-attack': 120, 'special-defense': 120, 'speed': 120}",https://raw.githubusercontent.com/PokeAPI/sprites/master/sprites/pokemon/493.png,https://raw.githubusercontent.com/PokeAPI/sprites/master/sprites/pokemon/back/493.png
494,victini,4,40,"['psychic', 'fire']",['victory-star'],"{'hp': 100, 'attack': 100, 'defense': 100, 'special-attack': 100, 'special-defense': 100, 'speed': 100}",https://raw.githubusercontent.com/PokeAPI/sprites/master/sprites/pokemon/494.png,https://raw.githubusercontent.com/PokeAPI/sprites/master/sprites/pokemon/back/494.png
495,snivy,6,81,['grass'],"['overgrow', 'contrary']","{'hp': 45, 'attack': 45, 'defense': 55, 'special-attack': 45, 'special-defense': 55, 'speed': 63}",https://raw.githubusercontent.com/PokeAPI/sprites/master/sprites/pokemon/495.png,https://raw.githubusercontent.com/PokeAPI/sprites/master/sprites/pokemon/back/495.png
496,servine,8,160,['grass'],"['overgrow', 'contrary']","{'hp': 60, 'attack': 60, 'defense': 75, 'special-attack': 60, 'special-defense': 75, 'speed': 83}",https://raw.githubusercontent.com/PokeAPI/sprites/master/sprites/pokemon/496.png,https://raw.githubusercontent.com/PokeAPI/sprites/master/sprites/pokemon/back/496.png
497,serperior,33,630,['grass'],"['overgrow', 'contrary']","{'hp': 75, 'attack': 75, 'defense': 95, 'special-attack': 75, 'special-defense': 95, 'speed': 113}",https://raw.githubusercontent.com/PokeAPI/sprites/master/sprites/pokemon/497.png,https://raw.githubusercontent.com/PokeAPI/sprites/master/sprites/pokemon/back/497.png
498,tepig,5,99,['fire'],"['blaze', 'thick-fat']","{'hp': 65, 'attack': 63, 'defense': 45, 'special-attack': 45, 'special-defense': 45, 'speed': 45}",https://raw.githubusercontent.com/PokeAPI/sprites/master/sprites/pokemon/498.png,https://raw.githubusercontent.com/PokeAPI/sprites/master/sprites/pokemon/back/498.png
499,pignite,10,555,"['fire', 'fighting']","['blaze', 'thick-fat']","{'hp': 90, 'attack': 93, 'defense': 55, 'special-attack': 70, 'special-defense': 55, 'speed': 55}",https://raw.githubusercontent.com/PokeAPI/sprites/master/sprites/pokemon/499.png,https://raw.githubusercontent.com/PokeAPI/sprites/master/sprites/pokemon/back/499.png
500,emboar,16,1500,"['fire', 'fighting']","['blaze', 'reckless']","{'hp': 110, 'attack': 123, 'defense': 65, 'special-attack': 100, 'special-defense': 65, 'speed': 65}",https://raw.githubusercontent.com/PokeAPI/sprites/master/sprites/pokemon/500.png,https://raw.githubusercontent.com/PokeAPI/sprites/master/sprites/pokemon/back/500.png
501,oshawott,5,59,['water'],"['torrent', 'shell-armor']","{'hp': 55, 'attack': 55, 'defense': 45, 'special-attack': 63, 'special-defense': 45, 'speed': 45}",https://raw.githubusercontent.com/PokeAPI/sprites/master/sprites/pokemon/501.png,https://raw.githubusercontent.com/PokeAPI/sprites/master/sprites/pokemon/back/501.png
502,dewott,8,245,['water'],"['torrent', 'shell-armor']","{'hp': 75, 'attack': 75, 'defense': 60, 'special-attack': 83, 'special-defense': 60, 'speed': 60}",https://raw.githubusercontent.com/PokeAPI/sprites/master/sprites/pokemon/502.png,https://raw.githubusercontent.com/PokeAPI/sprites/master/sprites/pokemon/back/502.png
503,samurott,15,946,['water'],"['torrent', 'shell-armor']","{'hp': 95, 'attack': 100, 'defense': 85, 'special-attack': 108, 'special-defense': 70, 'speed': 70}",https://raw.githubusercontent.com/PokeAPI/sprites/master/sprites/pokemon/503.png,https://raw.githubusercontent.com/PokeAPI/sprites/master/sprites/pokemon/back/503.png
504,patrat,5,116,['normal'],"['run-away', 'keen-eye', 'analytic']","{'hp': 45, 'attack': 55, 'defense': 39, 'special-attack': 35, 'special-defense': 39, 'speed': 42}",https://raw.githubusercontent.com/PokeAPI/sprites/master/sprites/pokemon/504.png,https://raw.githubusercontent.com/PokeAPI/sprites/master/sprites/pokemon/back/504.png
505,watchog,11,270,['normal'],"['illuminate', 'keen-eye', 'analytic']","{'hp': 60, 'attack': 85, 'defense': 69, 'special-attack': 60, 'special-defense': 69, 'speed': 77}",https://raw.githubusercontent.com/PokeAPI/sprites/master/sprites/pokemon/505.png,https://raw.githubusercontent.com/PokeAPI/sprites/master/sprites/pokemon/back/505.png
506,lillipup,4,41,['normal'],"['vital-spirit', 'pickup', 'run-away']","{'hp': 45, 'attack': 60, 'defense': 45, 'special-attack': 25, 'special-defense': 45, 'speed': 55}",https://raw.githubusercontent.com/PokeAPI/sprites/master/sprites/pokemon/506.png,https://raw.githubusercontent.com/PokeAPI/sprites/master/sprites/pokemon/back/506.png
507,herdier,9,147,['normal'],"['intimidate', 'sand-rush', 'scrappy']","{'hp': 65, 'attack': 80, 'defense': 65, 'special-attack': 35, 'special-defense': 65, 'speed': 60}",https://raw.githubusercontent.com/PokeAPI/sprites/master/sprites/pokemon/507.png,https://raw.githubusercontent.com/PokeAPI/sprites/master/sprites/pokemon/back/507.png
508,stoutland,12,610,['normal'],"['intimidate', 'sand-rush', 'scrappy']","{'hp': 85, 'attack': 110, 'defense': 90, 'special-attack': 45, 'special-defense': 90, 'speed': 80}",https://raw.githubusercontent.com/PokeAPI/sprites/master/sprites/pokemon/508.png,https://raw.githubusercontent.com/PokeAPI/sprites/master/sprites/pokemon/back/508.png
509,purrloin,4,101,['dark'],"['limber', 'unburden', 'prankster']","{'hp': 41, 'attack': 50, 'defense': 37, 'special-attack': 50, 'special-defense': 37, 'speed': 66}",https://raw.githubusercontent.com/PokeAPI/sprites/master/sprites/pokemon/509.png,https://raw.githubusercontent.com/PokeAPI/sprites/master/sprites/pokemon/back/509.png
510,liepard,11,375,['dark'],"['limber', 'unburden', 'prankster']","{'hp': 64, 'attack': 88, 'defense': 50, 'special-attack': 88, 'special-defense': 50, 'speed': 106}",https://raw.githubusercontent.com/PokeAPI/sprites/master/sprites/pokemon/510.png,https://raw.githubusercontent.com/PokeAPI/sprites/master/sprites/pokemon/back/510.png
511,pansage,6,105,['grass'],"['gluttony', 'overgrow']","{'hp': 50, 'attack': 53, 'defense': 48, 'special-attack': 53, 'special-defense': 48, 'speed': 64}",https://raw.githubusercontent.com/PokeAPI/sprites/master/sprites/pokemon/511.png,https://raw.githubusercontent.com/PokeAPI/sprites/master/sprites/pokemon/back/511.png
512,simisage,11,305,['grass'],"['gluttony', 'overgrow']","{'hp': 75, 'attack': 98, 'defense': 63, 'special-attack': 98, 'special-defense': 63, 'speed': 101}",https://raw.githubusercontent.com/PokeAPI/sprites/master/sprites/pokemon/512.png,https://raw.githubusercontent.com/PokeAPI/sprites/master/sprites/pokemon/back/512.png
513,pansear,6,110,['fire'],"['gluttony', 'blaze']","{'hp': 50, 'attack': 53, 'defense': 48, 'special-attack': 53, 'special-defense': 48, 'speed': 64}",https://raw.githubusercontent.com/PokeAPI/sprites/master/sprites/pokemon/513.png,https://raw.githubusercontent.com/PokeAPI/sprites/master/sprites/pokemon/back/513.png
514,simisear,10,280,['fire'],"['gluttony', 'blaze']","{'hp': 75, 'attack': 98, 'defense': 63, 'special-attack': 98, 'special-defense': 63, 'speed': 101}",https://raw.githubusercontent.com/PokeAPI/sprites/master/sprites/pokemon/514.png,https://raw.githubusercontent.com/PokeAPI/sprites/master/sprites/pokemon/back/514.png
515,panpour,6,135,['water'],"['gluttony', 'torrent']","{'hp': 50, 'attack': 53, 'defense': 48, 'special-attack': 53, 'special-defense': 48, 'speed': 64}",https://raw.githubusercontent.com/PokeAPI/sprites/master/sprites/pokemon/515.png,https://raw.githubusercontent.com/PokeAPI/sprites/master/sprites/pokemon/back/515.png
516,simipour,10,290,['water'],"['gluttony', 'torrent']","{'hp': 75, 'attack': 98, 'defense': 63, 'special-attack': 98, 'special-defense': 63, 'speed': 101}",https://raw.githubusercontent.com/PokeAPI/sprites/master/sprites/pokemon/516.png,https://raw.githubusercontent.com/PokeAPI/sprites/master/sprites/pokemon/back/516.png
517,munna,6,233,['psychic'],"['forewarn', 'synchronize', 'telepathy']","{'hp': 76, 'attack': 25, 'defense': 45, 'special-attack': 67, 'special-defense': 55, 'speed': 24}",https://raw.githubusercontent.com/PokeAPI/sprites/master/sprites/pokemon/517.png,https://raw.githubusercontent.com/PokeAPI/sprites/master/sprites/pokemon/back/517.png
518,musharna,11,605,['psychic'],"['forewarn', 'synchronize', 'telepathy']","{'hp': 116, 'attack': 55, 'defense': 85, 'special-attack': 107, 'special-defense': 95, 'speed': 29}",https://raw.githubusercontent.com/PokeAPI/sprites/master/sprites/pokemon/518.png,https://raw.githubusercontent.com/PokeAPI/sprites/master/sprites/pokemon/back/518.png
519,pidove,3,21,"['normal', 'flying']","['big-pecks', 'super-luck', 'rivalry']","{'hp': 50, 'attack': 55, 'defense': 50, 'special-attack': 36, 'special-defense': 30, 'speed': 43}",https://raw.githubusercontent.com/PokeAPI/sprites/master/sprites/pokemon/519.png,https://raw.githubusercontent.com/PokeAPI/sprites/master/sprites/pokemon/back/519.png
520,tranquill,6,150,"['normal', 'flying']","['big-pecks', 'super-luck', 'rivalry']","{'hp': 62, 'attack': 77, 'defense': 62, 'special-attack': 50, 'special-defense': 42, 'speed': 65}",https://raw.githubusercontent.com/PokeAPI/sprites/master/sprites/pokemon/520.png,https://raw.githubusercontent.com/PokeAPI/sprites/master/sprites/pokemon/back/520.png
521,unfezant,12,290,"['normal', 'flying']","['big-pecks', 'super-luck', 'rivalry']","{'hp': 80, 'attack': 115, 'defense': 80, 'special-attack': 65, 'special-defense': 55, 'speed': 93}",https://raw.githubusercontent.com/PokeAPI/sprites/master/sprites/pokemon/521.png,https://raw.githubusercontent.com/PokeAPI/sprites/master/sprites/pokemon/back/521.png
522,blitzle,8,298,['electric'],"['lightning-rod', 'motor-drive', 'sap-sipper']","{'hp': 45, 'attack': 60, 'defense': 32, 'special-attack': 50, 'special-defense': 32, 'speed': 76}",https://raw.githubusercontent.com/PokeAPI/sprites/master/sprites/pokemon/522.png,https://raw.githubusercontent.com/PokeAPI/sprites/master/sprites/pokemon/back/522.png
523,zebstrika,16,795,['electric'],"['lightning-rod', 'motor-drive', 'sap-sipper']","{'hp': 75, 'attack': 100, 'defense': 63, 'special-attack': 80, 'special-defense': 63, 'speed': 116}",https://raw.githubusercontent.com/PokeAPI/sprites/master/sprites/pokemon/523.png,https://raw.githubusercontent.com/PokeAPI/sprites/master/sprites/pokemon/back/523.png
524,roggenrola,4,180,['rock'],"['sturdy', 'weak-armor', 'sand-force']","{'hp': 55, 'attack': 75, 'defense': 85, 'special-attack': 25, 'special-defense': 25, 'speed': 15}",https://raw.githubusercontent.com/PokeAPI/sprites/master/sprites/pokemon/524.png,https://raw.githubusercontent.com/PokeAPI/sprites/master/sprites/pokemon/back/524.png
525,boldore,9,1020,['rock'],"['sturdy', 'weak-armor', 'sand-force']","{'hp': 70, 'attack': 105, 'defense': 105, 'special-attack': 50, 'special-defense': 40, 'speed': 20}",https://raw.githubusercontent.com/PokeAPI/sprites/master/sprites/pokemon/525.png,https://raw.githubusercontent.com/PokeAPI/sprites/master/sprites/pokemon/back/525.png
526,gigalith,17,2600,['rock'],"['sturdy', 'sand-stream', 'sand-force']","{'hp': 85, 'attack': 135, 'defense': 130, 'special-attack': 60, 'special-defense': 80, 'speed': 25}",https://raw.githubusercontent.com/PokeAPI/sprites/master/sprites/pokemon/526.png,https://raw.githubusercontent.com/PokeAPI/sprites/master/sprites/pokemon/back/526.png
527,woobat,4,21,"['psychic', 'flying']","['unaware', 'klutz', 'simple']","{'hp': 65, 'attack': 45, 'defense': 43, 'special-attack': 55, 'special-defense': 43, 'speed': 72}",https://raw.githubusercontent.com/PokeAPI/sprites/master/sprites/pokemon/527.png,https://raw.githubusercontent.com/PokeAPI/sprites/master/sprites/pokemon/back/527.png
528,swoobat,9,105,"['psychic', 'flying']","['unaware', 'klutz', 'simple']","{'hp': 67, 'attack': 57, 'defense': 55, 'special-attack': 77, 'special-defense': 55, 'speed': 114}",https://raw.githubusercontent.com/PokeAPI/sprites/master/sprites/pokemon/528.png,https://raw.githubusercontent.com/PokeAPI/sprites/master/sprites/pokemon/back/528.png
529,drilbur,3,85,['ground'],"['sand-rush', 'sand-force', 'mold-breaker']","{'hp': 60, 'attack': 85, 'defense': 40, 'special-attack': 30, 'special-defense': 45, 'speed': 68}",https://raw.githubusercontent.com/PokeAPI/sprites/master/sprites/pokemon/529.png,https://raw.githubusercontent.com/PokeAPI/sprites/master/sprites/pokemon/back/529.png
530,excadrill,7,404,"['ground', 'steel']","['sand-rush', 'sand-force', 'mold-breaker']","{'hp': 110, 'attack': 135, 'defense': 60, 'special-attack': 50, 'special-defense': 65, 'speed': 88}",https://raw.githubusercontent.com/PokeAPI/sprites/master/sprites/pokemon/530.png,https://raw.githubusercontent.com/PokeAPI/sprites/master/sprites/pokemon/back/530.png
531,audino,11,310,['normal'],"['healer', 'regenerator', 'klutz']","{'hp': 103, 'attack': 60, 'defense': 86, 'special-attack': 60, 'special-defense': 86, 'speed': 50}",https://raw.githubusercontent.com/PokeAPI/sprites/master/sprites/pokemon/531.png,https://raw.githubusercontent.com/PokeAPI/sprites/master/sprites/pokemon/back/531.png
532,timburr,6,125,['fighting'],"['guts', 'sheer-force', 'iron-fist']","{'hp': 75, 'attack': 80, 'defense': 55, 'special-attack': 25, 'special-defense': 35, 'speed': 35}",https://raw.githubusercontent.com/PokeAPI/sprites/master/sprites/pokemon/532.png,https://raw.githubusercontent.com/PokeAPI/sprites/master/sprites/pokemon/back/532.png
533,gurdurr,12,400,['fighting'],"['guts', 'sheer-force', 'iron-fist']","{'hp': 85, 'attack': 105, 'defense': 85, 'special-attack': 40, 'special-defense': 50, 'speed': 40}",https://raw.githubusercontent.com/PokeAPI/sprites/master/sprites/pokemon/533.png,https://raw.githubusercontent.com/PokeAPI/sprites/master/sprites/pokemon/back/533.png
534,conkeldurr,14,870,['fighting'],"['guts', 'sheer-force', 'iron-fist']","{'hp': 105, 'attack': 140, 'defense': 95, 'special-attack': 55, 'special-defense': 65, 'speed': 45}",https://raw.githubusercontent.com/PokeAPI/sprites/master/sprites/pokemon/534.png,https://raw.githubusercontent.com/PokeAPI/sprites/master/sprites/pokemon/back/534.png
535,tympole,5,45,['water'],"['swift-swim', 'hydration', 'water-absorb']","{'hp': 50, 'attack': 50, 'defense': 40, 'special-attack': 50, 'special-defense': 40, 'speed': 64}",https://raw.githubusercontent.com/PokeAPI/sprites/master/sprites/pokemon/535.png,https://raw.githubusercontent.com/PokeAPI/sprites/master/sprites/pokemon/back/535.png
536,palpitoad,8,170,"['water', 'ground']","['swift-swim', 'hydration', 'water-absorb']","{'hp': 75, 'attack': 65, 'defense': 55, 'special-attack': 65, 'special-defense': 55, 'speed': 69}",https://raw.githubusercontent.com/PokeAPI/sprites/master/sprites/pokemon/536.png,https://raw.githubusercontent.com/PokeAPI/sprites/master/sprites/pokemon/back/536.png
537,seismitoad,15,620,"['water', 'ground']","['swift-swim', 'poison-touch', 'water-absorb']","{'hp': 105, 'attack': 95, 'defense': 75, 'special-attack': 85, 'special-defense': 75, 'speed': 74}",https://raw.githubusercontent.com/PokeAPI/sprites/master/sprites/pokemon/537.png,https://raw.githubusercontent.com/PokeAPI/sprites/master/sprites/pokemon/back/537.png
538,throh,13,555,['fighting'],"['guts', 'inner-focus', 'mold-breaker']","{'hp': 120, 'attack': 100, 'defense': 85, 'special-attack': 30, 'special-defense': 85, 'speed': 45}",https://raw.githubusercontent.com/PokeAPI/sprites/master/sprites/pokemon/538.png,https://raw.githubusercontent.com/PokeAPI/sprites/master/sprites/pokemon/back/538.png
539,sawk,14,510,['fighting'],"['sturdy', 'inner-focus', 'mold-breaker']","{'hp': 75, 'attack': 125, 'defense': 75, 'special-attack': 30, 'special-defense': 75, 'speed': 85}",https://raw.githubusercontent.com/PokeAPI/sprites/master/sprites/pokemon/539.png,https://raw.githubusercontent.com/PokeAPI/sprites/master/sprites/pokemon/back/539.png
540,sewaddle,3,25,"['bug', 'grass']","['swarm', 'chlorophyll', 'overcoat']","{'hp': 45, 'attack': 53, 'defense': 70, 'special-attack': 40, 'special-defense': 60, 'speed': 42}",https://raw.githubusercontent.com/PokeAPI/sprites/master/sprites/pokemon/540.png,https://raw.githubusercontent.com/PokeAPI/sprites/master/sprites/pokemon/back/540.png
541,swadloon,5,73,"['bug', 'grass']","['leaf-guard', 'chlorophyll', 'overcoat']","{'hp': 55, 'attack': 63, 'defense': 90, 'special-attack': 50, 'special-defense': 80, 'speed': 42}",https://raw.githubusercontent.com/PokeAPI/sprites/master/sprites/pokemon/541.png,https://raw.githubusercontent.com/PokeAPI/sprites/master/sprites/pokemon/back/541.png
542,leavanny,12,205,"['bug', 'grass']","['swarm', 'chlorophyll', 'overcoat']","{'hp': 75, 'attack': 103, 'defense': 80, 'special-attack': 70, 'special-defense': 80, 'speed': 92}",https://raw.githubusercontent.com/PokeAPI/sprites/master/sprites/pokemon/542.png,https://raw.githubusercontent.com/PokeAPI/sprites/master/sprites/pokemon/back/542.png
543,venipede,4,53,"['bug', 'poison']","['poison-point', 'swarm', 'speed-boost']","{'hp': 30, 'attack': 45, 'defense': 59, 'special-attack': 30, 'special-defense': 39, 'speed': 57}",https://raw.githubusercontent.com/PokeAPI/sprites/master/sprites/pokemon/543.png,https://raw.githubusercontent.com/PokeAPI/sprites/master/sprites/pokemon/back/543.png
544,whirlipede,12,585,"['bug', 'poison']","['poison-point', 'swarm', 'speed-boost']","{'hp': 40, 'attack': 55, 'defense': 99, 'special-attack': 40, 'special-defense': 79, 'speed': 47}",https://raw.githubusercontent.com/PokeAPI/sprites/master/sprites/pokemon/544.png,https://raw.githubusercontent.com/PokeAPI/sprites/master/sprites/pokemon/back/544.png
545,scolipede,25,2005,"['bug', 'poison']","['poison-point', 'swarm', 'speed-boost']","{'hp': 60, 'attack': 100, 'defense': 89, 'special-attack': 55, 'special-defense': 69, 'speed': 112}",https://raw.githubusercontent.com/PokeAPI/sprites/master/sprites/pokemon/545.png,https://raw.githubusercontent.com/PokeAPI/sprites/master/sprites/pokemon/back/545.png
546,cottonee,3,6,"['grass', 'fairy']","['prankster', 'infiltrator', 'chlorophyll']","{'hp': 40, 'attack': 27, 'defense': 60, 'special-attack': 37, 'special-defense': 50, 'speed': 66}",https://raw.githubusercontent.com/PokeAPI/sprites/master/sprites/pokemon/546.png,https://raw.githubusercontent.com/PokeAPI/sprites/master/sprites/pokemon/back/546.png
547,whimsicott,7,66,"['grass', 'fairy']","['prankster', 'infiltrator', 'chlorophyll']","{'hp': 60, 'attack': 67, 'defense': 85, 'special-attack': 77, 'special-defense': 75, 'speed': 116}",https://raw.githubusercontent.com/PokeAPI/sprites/master/sprites/pokemon/547.png,https://raw.githubusercontent.com/PokeAPI/sprites/master/sprites/pokemon/back/547.png
548,petilil,5,66,['grass'],"['chlorophyll', 'own-tempo', 'leaf-guard']","{'hp': 45, 'attack': 35, 'defense': 50, 'special-attack': 70, 'special-defense': 50, 'speed': 30}",https://raw.githubusercontent.com/PokeAPI/sprites/master/sprites/pokemon/548.png,https://raw.githubusercontent.com/PokeAPI/sprites/master/sprites/pokemon/back/548.png
549,lilligant,11,163,['grass'],"['chlorophyll', 'own-tempo', 'leaf-guard']","{'hp': 70, 'attack': 60, 'defense': 75, 'special-attack': 110, 'special-defense': 75, 'speed': 90}",https://raw.githubusercontent.com/PokeAPI/sprites/master/sprites/pokemon/549.png,https://raw.githubusercontent.com/PokeAPI/sprites/master/sprites/pokemon/back/549.png
550,basculin-red-striped,10,180,['water'],"['reckless', 'adaptability', 'mold-breaker']","{'hp': 70, 'attack': 92, 'defense': 65, 'special-attack': 80, 'special-defense': 55, 'speed': 98}",https://raw.githubusercontent.com/PokeAPI/sprites/master/sprites/pokemon/550.png,https://raw.githubusercontent.com/PokeAPI/sprites/master/sprites/pokemon/back/550.png
551,sandile,7,152,"['ground', 'dark']","['intimidate', 'moxie', 'anger-point']","{'hp': 50, 'attack': 72, 'defense': 35, 'special-attack': 35, 'special-defense': 35, 'speed': 65}",https://raw.githubusercontent.com/PokeAPI/sprites/master/sprites/pokemon/551.png,https://raw.githubusercontent.com/PokeAPI/sprites/master/sprites/pokemon/back/551.png
552,krokorok,10,334,"['ground', 'dark']","['intimidate', 'moxie', 'anger-point']","{'hp': 60, 'attack': 82, 'defense': 45, 'special-attack': 45, 'special-defense': 45, 'speed': 74}",https://raw.githubusercontent.com/PokeAPI/sprites/master/sprites/pokemon/552.png,https://raw.githubusercontent.com/PokeAPI/sprites/master/sprites/pokemon/back/552.png
553,krookodile,15,963,"['ground', 'dark']","['intimidate', 'moxie', 'anger-point']","{'hp': 95, 'attack': 117, 'defense': 80, 'special-attack': 65, 'special-defense': 70, 'speed': 92}",https://raw.githubusercontent.com/PokeAPI/sprites/master/sprites/pokemon/553.png,https://raw.githubusercontent.com/PokeAPI/sprites/master/sprites/pokemon/back/553.png
554,darumaka,6,375,['fire'],"['hustle', 'inner-focus']","{'hp': 70, 'attack': 90, 'defense': 45, 'special-attack': 15, 'special-defense': 45, 'speed': 50}",https://raw.githubusercontent.com/PokeAPI/sprites/master/sprites/pokemon/554.png,https://raw.githubusercontent.com/PokeAPI/sprites/master/sprites/pokemon/back/554.png
555,darmanitan-standard,13,929,['fire'],"['sheer-force', 'zen-mode']","{'hp': 105, 'attack': 140, 'defense': 55, 'special-attack': 30, 'special-defense': 55, 'speed': 95}",https://raw.githubusercontent.com/PokeAPI/sprites/master/sprites/pokemon/555.png,https://raw.githubusercontent.com/PokeAPI/sprites/master/sprites/pokemon/back/555.png
556,maractus,10,280,['grass'],"['water-absorb', 'chlorophyll', 'storm-drain']","{'hp': 75, 'attack': 86, 'defense': 67, 'special-attack': 106, 'special-defense': 67, 'speed': 60}",https://raw.githubusercontent.com/PokeAPI/sprites/master/sprites/pokemon/556.png,https://raw.githubusercontent.com/PokeAPI/sprites/master/sprites/pokemon/back/556.png
557,dwebble,3,145,"['bug', 'rock']","['sturdy', 'shell-armor', 'weak-armor']","{'hp': 50, 'attack': 65, 'defense': 85, 'special-attack': 35, 'special-defense': 35, 'speed': 55}",https://raw.githubusercontent.com/PokeAPI/sprites/master/sprites/pokemon/557.png,https://raw.githubusercontent.com/PokeAPI/sprites/master/sprites/pokemon/back/557.png
558,crustle,14,2000,"['bug', 'rock']","['sturdy', 'shell-armor', 'weak-armor']","{'hp': 70, 'attack': 105, 'defense': 125, 'special-attack': 65, 'special-defense': 75, 'speed': 45}",https://raw.githubusercontent.com/PokeAPI/sprites/master/sprites/pokemon/558.png,https://raw.githubusercontent.com/PokeAPI/sprites/master/sprites/pokemon/back/558.png
559,scraggy,6,118,"['dark', 'fighting']","['shed-skin', 'moxie', 'intimidate']","{'hp': 50, 'attack': 75, 'defense': 70, 'special-attack': 35, 'special-defense': 70, 'speed': 48}",https://raw.githubusercontent.com/PokeAPI/sprites/master/sprites/pokemon/559.png,https://raw.githubusercontent.com/PokeAPI/sprites/master/sprites/pokemon/back/559.png
560,scrafty,11,300,"['dark', 'fighting']","['shed-skin', 'moxie', 'intimidate']","{'hp': 65, 'attack': 90, 'defense': 115, 'special-attack': 45, 'special-defense': 115, 'speed': 58}",https://raw.githubusercontent.com/PokeAPI/sprites/master/sprites/pokemon/560.png,https://raw.githubusercontent.com/PokeAPI/sprites/master/sprites/pokemon/back/560.png
561,sigilyph,14,140,"['psychic', 'flying']","['wonder-skin', 'magic-guard', 'tinted-lens']","{'hp': 72, 'attack': 58, 'defense': 80, 'special-attack': 103, 'special-defense': 80, 'speed': 97}",https://raw.githubusercontent.com/PokeAPI/sprites/master/sprites/pokemon/561.png,https://raw.githubusercontent.com/PokeAPI/sprites/master/sprites/pokemon/back/561.png
562,yamask,5,15,['ghost'],['mummy'],"{'hp': 38, 'attack': 30, 'defense': 85, 'special-attack': 55, 'special-defense': 65, 'speed': 30}",https://raw.githubusercontent.com/PokeAPI/sprites/master/sprites/pokemon/562.png,https://raw.githubusercontent.com/PokeAPI/sprites/master/sprites/pokemon/back/562.png
563,cofagrigus,17,765,['ghost'],['mummy'],"{'hp': 58, 'attack': 50, 'defense': 145, 'special-attack': 95, 'special-defense': 105, 'speed': 30}",https://raw.githubusercontent.com/PokeAPI/sprites/master/sprites/pokemon/563.png,https://raw.githubusercontent.com/PokeAPI/sprites/master/sprites/pokemon/back/563.png
564,tirtouga,7,165,"['water', 'rock']","['solid-rock', 'sturdy', 'swift-swim']","{'hp': 54, 'attack': 78, 'defense': 103, 'special-attack': 53, 'special-defense': 45, 'speed': 22}",https://raw.githubusercontent.com/PokeAPI/sprites/master/sprites/pokemon/564.png,https://raw.githubusercontent.com/PokeAPI/sprites/master/sprites/pokemon/back/564.png
565,carracosta,12,810,"['water', 'rock']","['solid-rock', 'sturdy', 'swift-swim']","{'hp': 74, 'attack': 108, 'defense': 133, 'special-attack': 83, 'special-defense': 65, 'speed': 32}",https://raw.githubusercontent.com/PokeAPI/sprites/master/sprites/pokemon/565.png,https://raw.githubusercontent.com/PokeAPI/sprites/master/sprites/pokemon/back/565.png
566,archen,5,95,"['rock', 'flying']",['defeatist'],"{'hp': 55, 'attack': 112, 'defense': 45, 'special-attack': 74, 'special-defense': 45, 'speed': 70}",https://raw.githubusercontent.com/PokeAPI/sprites/master/sprites/pokemon/566.png,https://raw.githubusercontent.com/PokeAPI/sprites/master/sprites/pokemon/back/566.png
567,archeops,14,320,"['rock', 'flying']",['defeatist'],"{'hp': 75, 'attack': 140, 'defense': 65, 'special-attack': 112, 'special-defense': 65, 'speed': 110}",https://raw.githubusercontent.com/PokeAPI/sprites/master/sprites/pokemon/567.png,https://raw.githubusercontent.com/PokeAPI/sprites/master/sprites/pokemon/back/567.png
568,trubbish,6,310,['poison'],"['stench', 'sticky-hold', 'aftermath']","{'hp': 50, 'attack': 50, 'defense': 62, 'special-attack': 40, 'special-defense': 62, 'speed': 65}",https://raw.githubusercontent.com/PokeAPI/sprites/master/sprites/pokemon/568.png,https://raw.githubusercontent.com/PokeAPI/sprites/master/sprites/pokemon/back/568.png
569,garbodor,19,1073,['poison'],"['stench', 'weak-armor', 'aftermath']","{'hp': 80, 'attack': 95, 'defense': 82, 'special-attack': 60, 'special-defense': 82, 'speed': 75}",https://raw.githubusercontent.com/PokeAPI/sprites/master/sprites/pokemon/569.png,https://raw.githubusercontent.com/PokeAPI/sprites/master/sprites/pokemon/back/569.png
570,zorua,7,125,['dark'],['illusion'],"{'hp': 40, 'attack': 65, 'defense': 40, 'special-attack': 80, 'special-defense': 40, 'speed': 65}",https://raw.githubusercontent.com/PokeAPI/sprites/master/sprites/pokemon/570.png,https://raw.githubusercontent.com/PokeAPI/sprites/master/sprites/pokemon/back/570.png
571,zoroark,16,811,['dark'],['illusion'],"{'hp': 60, 'attack': 105, 'defense': 60, 'special-attack': 120, 'special-defense': 60, 'speed': 105}",https://raw.githubusercontent.com/PokeAPI/sprites/master/sprites/pokemon/571.png,https://raw.githubusercontent.com/PokeAPI/sprites/master/sprites/pokemon/back/571.png
572,minccino,4,58,['normal'],"['cute-charm', 'technician', 'skill-link']","{'hp': 55, 'attack': 50, 'defense': 40, 'special-attack': 40, 'special-defense': 40, 'speed': 75}",https://raw.githubusercontent.com/PokeAPI/sprites/master/sprites/pokemon/572.png,https://raw.githubusercontent.com/PokeAPI/sprites/master/sprites/pokemon/back/572.png
573,cinccino,5,75,['normal'],"['cute-charm', 'technician', 'skill-link']","{'hp': 75, 'attack': 95, 'defense': 60, 'special-attack': 65, 'special-defense': 60, 'speed': 115}",https://raw.githubusercontent.com/PokeAPI/sprites/master/sprites/pokemon/573.png,https://raw.githubusercontent.com/PokeAPI/sprites/master/sprites/pokemon/back/573.png
574,gothita,4,58,['psychic'],"['frisk', 'competitive', 'shadow-tag']","{'hp': 45, 'attack': 30, 'defense': 50, 'special-attack': 55, 'special-defense': 65, 'speed': 45}",https://raw.githubusercontent.com/PokeAPI/sprites/master/sprites/pokemon/574.png,https://raw.githubusercontent.com/PokeAPI/sprites/master/sprites/pokemon/back/574.png
575,gothorita,7,180,['psychic'],"['frisk', 'competitive', 'shadow-tag']","{'hp': 60, 'attack': 45, 'defense': 70, 'special-attack': 75, 'special-defense': 85, 'speed': 55}",https://raw.githubusercontent.com/PokeAPI/sprites/master/sprites/pokemon/575.png,https://raw.githubusercontent.com/PokeAPI/sprites/master/sprites/pokemon/back/575.png
576,gothitelle,15,440,['psychic'],"['frisk', 'competitive', 'shadow-tag']","{'hp': 70, 'attack': 55, 'defense': 95, 'special-attack': 95, 'special-defense': 110, 'speed': 65}",https://raw.githubusercontent.com/PokeAPI/sprites/master/sprites/pokemon/576.png,https://raw.githubusercontent.com/PokeAPI/sprites/master/sprites/pokemon/back/576.png
577,solosis,3,10,['psychic'],"['overcoat', 'magic-guard', 'regenerator']","{'hp': 45, 'attack': 30, 'defense': 40, 'special-attack': 105, 'special-defense': 50, 'speed': 20}",https://raw.githubusercontent.com/PokeAPI/sprites/master/sprites/pokemon/577.png,https://raw.githubusercontent.com/PokeAPI/sprites/master/sprites/pokemon/back/577.png
578,duosion,6,80,['psychic'],"['overcoat', 'magic-guard', 'regenerator']","{'hp': 65, 'attack': 40, 'defense': 50, 'special-attack': 125, 'special-defense': 60, 'speed': 30}",https://raw.githubusercontent.com/PokeAPI/sprites/master/sprites/pokemon/578.png,https://raw.githubusercontent.com/PokeAPI/sprites/master/sprites/pokemon/back/578.png
579,reuniclus,10,201,['psychic'],"['overcoat', 'magic-guard', 'regenerator']","{'hp': 110, 'attack': 65, 'defense': 75, 'special-attack': 125, 'special-defense': 85, 'speed': 30}",https://raw.githubusercontent.com/PokeAPI/sprites/master/sprites/pokemon/579.png,https://raw.githubusercontent.com/PokeAPI/sprites/master/sprites/pokemon/back/579.png
580,ducklett,5,55,"['water', 'flying']","['keen-eye', 'big-pecks', 'hydration']","{'hp': 62, 'attack': 44, 'defense': 50, 'special-attack': 44, 'special-defense': 50, 'speed': 55}",https://raw.githubusercontent.com/PokeAPI/sprites/master/sprites/pokemon/580.png,https://raw.githubusercontent.com/PokeAPI/sprites/master/sprites/pokemon/back/580.png
581,swanna,13,242,"['water', 'flying']","['keen-eye', 'big-pecks', 'hydration']","{'hp': 75, 'attack': 87, 'defense': 63, 'special-attack': 87, 'special-defense': 63, 'speed': 98}",https://raw.githubusercontent.com/PokeAPI/sprites/master/sprites/pokemon/581.png,https://raw.githubusercontent.com/PokeAPI/sprites/master/sprites/pokemon/back/581.png
582,vanillite,4,57,['ice'],"['ice-body', 'snow-cloak', 'weak-armor']","{'hp': 36, 'attack': 50, 'defense': 50, 'special-attack': 65, 'special-defense': 60, 'speed': 44}",https://raw.githubusercontent.com/PokeAPI/sprites/master/sprites/pokemon/582.png,https://raw.githubusercontent.com/PokeAPI/sprites/master/sprites/pokemon/back/582.png
583,vanillish,11,410,['ice'],"['ice-body', 'snow-cloak', 'weak-armor']","{'hp': 51, 'attack': 65, 'defense': 65, 'special-attack': 80, 'special-defense': 75, 'speed': 59}",https://raw.githubusercontent.com/PokeAPI/sprites/master/sprites/pokemon/583.png,https://raw.githubusercontent.com/PokeAPI/sprites/master/sprites/pokemon/back/583.png
584,vanilluxe,13,575,['ice'],"['ice-body', 'snow-warning', 'weak-armor']","{'hp': 71, 'attack': 95, 'defense': 85, 'special-attack': 110, 'special-defense': 95, 'speed': 79}",https://raw.githubusercontent.com/PokeAPI/sprites/master/sprites/pokemon/584.png,https://raw.githubusercontent.com/PokeAPI/sprites/master/sprites/pokemon/back/584.png
585,deerling,6,195,"['normal', 'grass']","['chlorophyll', 'sap-sipper', 'serene-grace']","{'hp': 60, 'attack': 60, 'defense': 50, 'special-attack': 40, 'special-defense': 50, 'speed': 75}",https://raw.githubusercontent.com/PokeAPI/sprites/master/sprites/pokemon/585.png,https://raw.githubusercontent.com/PokeAPI/sprites/master/sprites/pokemon/back/585.png
586,sawsbuck,19,925,"['normal', 'grass']","['chlorophyll', 'sap-sipper', 'serene-grace']","{'hp': 80, 'attack': 100, 'defense': 70, 'special-attack': 60, 'special-defense': 70, 'speed': 95}",https://raw.githubusercontent.com/PokeAPI/sprites/master/sprites/pokemon/586.png,https://raw.githubusercontent.com/PokeAPI/sprites/master/sprites/pokemon/back/586.png
587,emolga,4,50,"['electric', 'flying']","['static', 'motor-drive']","{'hp': 55, 'attack': 75, 'defense': 60, 'special-attack': 75, 'special-defense': 60, 'speed': 103}",https://raw.githubusercontent.com/PokeAPI/sprites/master/sprites/pokemon/587.png,https://raw.githubusercontent.com/PokeAPI/sprites/master/sprites/pokemon/back/587.png
588,karrablast,5,59,['bug'],"['swarm', 'shed-skin', 'no-guard']","{'hp': 50, 'attack': 75, 'defense': 45, 'special-attack': 40, 'special-defense': 45, 'speed': 60}",https://raw.githubusercontent.com/PokeAPI/sprites/master/sprites/pokemon/588.png,https://raw.githubusercontent.com/PokeAPI/sprites/master/sprites/pokemon/back/588.png
589,escavalier,10,330,"['bug', 'steel']","['swarm', 'shell-armor', 'overcoat']","{'hp': 70, 'attack': 135, 'defense': 105, 'special-attack': 60, 'special-defense': 105, 'speed': 20}",https://raw.githubusercontent.com/PokeAPI/sprites/master/sprites/pokemon/589.png,https://raw.githubusercontent.com/PokeAPI/sprites/master/sprites/pokemon/back/589.png
590,foongus,2,10,"['grass', 'poison']","['effect-spore', 'regenerator']","{'hp': 69, 'attack': 55, 'defense': 45, 'special-attack': 55, 'special-defense': 55, 'speed': 15}",https://raw.githubusercontent.com/PokeAPI/sprites/master/sprites/pokemon/590.png,https://raw.githubusercontent.com/PokeAPI/sprites/master/sprites/pokemon/back/590.png
591,amoonguss,6,105,"['grass', 'poison']","['effect-spore', 'regenerator']","{'hp': 114, 'attack': 85, 'defense': 70, 'special-attack': 85, 'special-defense': 80, 'speed': 30}",https://raw.githubusercontent.com/PokeAPI/sprites/master/sprites/pokemon/591.png,https://raw.githubusercontent.com/PokeAPI/sprites/master/sprites/pokemon/back/591.png
592,frillish,12,330,"['water', 'ghost']","['water-absorb', 'cursed-body', 'damp']","{'hp': 55, 'attack': 40, 'defense': 50, 'special-attack': 65, 'special-defense': 85, 'speed': 40}",https://raw.githubusercontent.com/PokeAPI/sprites/master/sprites/pokemon/592.png,https://raw.githubusercontent.com/PokeAPI/sprites/master/sprites/pokemon/back/592.png
593,jellicent,22,1350,"['water', 'ghost']","['water-absorb', 'cursed-body', 'damp']","{'hp': 100, 'attack': 60, 'defense': 70, 'special-attack': 85, 'special-defense': 105, 'speed': 60}",https://raw.githubusercontent.com/PokeAPI/sprites/master/sprites/pokemon/593.png,https://raw.githubusercontent.com/PokeAPI/sprites/master/sprites/pokemon/back/593.png
594,alomomola,12,316,['water'],"['healer', 'hydration', 'regenerator']","{'hp': 165, 'attack': 75, 'defense': 80, 'special-attack': 40, 'special-defense': 45, 'speed': 65}",https://raw.githubusercontent.com/PokeAPI/sprites/master/sprites/pokemon/594.png,https://raw.githubusercontent.com/PokeAPI/sprites/master/sprites/pokemon/back/594.png
595,joltik,1,6,"['bug', 'electric']","['compound-eyes', 'unnerve', 'swarm']","{'hp': 50, 'attack': 47, 'defense': 50, 'special-attack': 57, 'special-defense': 50, 'speed': 65}",https://raw.githubusercontent.com/PokeAPI/sprites/master/sprites/pokemon/595.png,https://raw.githubusercontent.com/PokeAPI/sprites/master/sprites/pokemon/back/595.png
596,galvantula,8,143,"['bug', 'electric']","['compound-eyes', 'unnerve', 'swarm']","{'hp': 70, 'attack': 77, 'defense': 60, 'special-attack': 97, 'special-defense': 60, 'speed': 108}",https://raw.githubusercontent.com/PokeAPI/sprites/master/sprites/pokemon/596.png,https://raw.githubusercontent.com/PokeAPI/sprites/master/sprites/pokemon/back/596.png
597,ferroseed,6,188,"['grass', 'steel']",['iron-barbs'],"{'hp': 44, 'attack': 50, 'defense': 91, 'special-attack': 24, 'special-defense': 86, 'speed': 10}",https://raw.githubusercontent.com/PokeAPI/sprites/master/sprites/pokemon/597.png,https://raw.githubusercontent.com/PokeAPI/sprites/master/sprites/pokemon/back/597.png
598,ferrothorn,10,1100,"['grass', 'steel']","['iron-barbs', 'anticipation']","{'hp': 74, 'attack': 94, 'defense': 131, 'special-attack': 54, 'special-defense': 116, 'speed': 20}",https://raw.githubusercontent.com/PokeAPI/sprites/master/sprites/pokemon/598.png,https://raw.githubusercontent.com/PokeAPI/sprites/master/sprites/pokemon/back/598.png
599,klink,3,210,['steel'],"['plus', 'minus', 'clear-body']","{'hp': 40, 'attack': 55, 'defense': 70, 'special-attack': 45, 'special-defense': 60, 'speed': 30}",https://raw.githubusercontent.com/PokeAPI/sprites/master/sprites/pokemon/599.png,https://raw.githubusercontent.com/PokeAPI/sprites/master/sprites/pokemon/back/599.png
600,klang,6,510,['steel'],"['plus', 'minus', 'clear-body']","{'hp': 60, 'attack': 80, 'defense': 95, 'special-attack': 70, 'special-defense': 85, 'speed': 50}",https://raw.githubusercontent.com/PokeAPI/sprites/master/sprites/pokemon/600.png,https://raw.githubusercontent.com/PokeAPI/sprites/master/sprites/pokemon/back/600.png
601,klinklang,6,810,['steel'],"['plus', 'minus', 'clear-body']","{'hp': 60, 'attack': 100, 'defense': 115, 'special-attack': 70, 'special-defense': 85, 'speed': 90}",https://raw.githubusercontent.com/PokeAPI/sprites/master/sprites/pokemon/601.png,https://raw.githubusercontent.com/PokeAPI/sprites/master/sprites/pokemon/back/601.png
602,tynamo,2,3,['electric'],['levitate'],"{'hp': 35, 'attack': 55, 'defense': 40, 'special-attack': 45, 'special-defense': 40, 'speed': 60}",https://raw.githubusercontent.com/PokeAPI/sprites/master/sprites/pokemon/602.png,https://raw.githubusercontent.com/PokeAPI/sprites/master/sprites/pokemon/back/602.png
603,eelektrik,12,220,['electric'],['levitate'],"{'hp': 65, 'attack': 85, 'defense': 70, 'special-attack': 75, 'special-defense': 70, 'speed': 40}",https://raw.githubusercontent.com/PokeAPI/sprites/master/sprites/pokemon/603.png,https://raw.githubusercontent.com/PokeAPI/sprites/master/sprites/pokemon/back/603.png
604,eelektross,21,805,['electric'],['levitate'],"{'hp': 85, 'attack': 115, 'defense': 80, 'special-attack': 105, 'special-defense': 80, 'speed': 50}",https://raw.githubusercontent.com/PokeAPI/sprites/master/sprites/pokemon/604.png,https://raw.githubusercontent.com/PokeAPI/sprites/master/sprites/pokemon/back/604.png
605,elgyem,5,90,['psychic'],"['telepathy', 'synchronize', 'analytic']","{'hp': 55, 'attack': 55, 'defense': 55, 'special-attack': 85, 'special-defense': 55, 'speed': 30}",https://raw.githubusercontent.com/PokeAPI/sprites/master/sprites/pokemon/605.png,https://raw.githubusercontent.com/PokeAPI/sprites/master/sprites/pokemon/back/605.png
606,beheeyem,10,345,['psychic'],"['telepathy', 'synchronize', 'analytic']","{'hp': 75, 'attack': 75, 'defense': 75, 'special-attack': 125, 'special-defense': 95, 'speed': 40}",https://raw.githubusercontent.com/PokeAPI/sprites/master/sprites/pokemon/606.png,https://raw.githubusercontent.com/PokeAPI/sprites/master/sprites/pokemon/back/606.png
607,litwick,3,31,"['ghost', 'fire']","['flash-fire', 'flame-body', 'infiltrator']","{'hp': 50, 'attack': 30, 'defense': 55, 'special-attack': 65, 'special-defense': 55, 'speed': 20}",https://raw.githubusercontent.com/PokeAPI/sprites/master/sprites/pokemon/607.png,https://raw.githubusercontent.com/PokeAPI/sprites/master/sprites/pokemon/back/607.png
608,lampent,6,130,"['ghost', 'fire']","['flash-fire', 'flame-body', 'infiltrator']","{'hp': 60, 'attack': 40, 'defense': 60, 'special-attack': 95, 'special-defense': 60, 'speed': 55}",https://raw.githubusercontent.com/PokeAPI/sprites/master/sprites/pokemon/608.png,https://raw.githubusercontent.com/PokeAPI/sprites/master/sprites/pokemon/back/608.png
609,chandelure,10,343,"['ghost', 'fire']","['flash-fire', 'flame-body', 'infiltrator']","{'hp': 60, 'attack': 55, 'defense': 90, 'special-attack': 145, 'special-defense': 90, 'speed': 80}",https://raw.githubusercontent.com/PokeAPI/sprites/master/sprites/pokemon/609.png,https://raw.githubusercontent.com/PokeAPI/sprites/master/sprites/pokemon/back/609.png
610,axew,6,180,['dragon'],"['rivalry', 'mold-breaker', 'unnerve']","{'hp': 46, 'attack': 87, 'defense': 60, 'special-attack': 30, 'special-defense': 40, 'speed': 57}",https://raw.githubusercontent.com/PokeAPI/sprites/master/sprites/pokemon/610.png,https://raw.githubusercontent.com/PokeAPI/sprites/master/sprites/pokemon/back/610.png
611,fraxure,10,360,['dragon'],"['rivalry', 'mold-breaker', 'unnerve']","{'hp': 66, 'attack': 117, 'defense': 70, 'special-attack': 40, 'special-defense': 50, 'speed': 67}",https://raw.githubusercontent.com/PokeAPI/sprites/master/sprites/pokemon/611.png,https://raw.githubusercontent.com/PokeAPI/sprites/master/sprites/pokemon/back/611.png
612,haxorus,18,1055,['dragon'],"['rivalry', 'mold-breaker', 'unnerve']","{'hp': 76, 'attack': 147, 'defense': 90, 'special-attack': 60, 'special-defense': 70, 'speed': 97}",https://raw.githubusercontent.com/PokeAPI/sprites/master/sprites/pokemon/612.png,https://raw.githubusercontent.com/PokeAPI/sprites/master/sprites/pokemon/back/612.png
613,cubchoo,5,85,['ice'],"['snow-cloak', 'slush-rush', 'rattled']","{'hp': 55, 'attack': 70, 'defense': 40, 'special-attack': 60, 'special-defense': 40, 'speed': 40}",https://raw.githubusercontent.com/PokeAPI/sprites/master/sprites/pokemon/613.png,https://raw.githubusercontent.com/PokeAPI/sprites/master/sprites/pokemon/back/613.png
614,beartic,26,2600,['ice'],"['snow-cloak', 'slush-rush', 'swift-swim']","{'hp': 95, 'attack': 130, 'defense': 80, 'special-attack': 70, 'special-defense': 80, 'speed': 50}",https://raw.githubusercontent.com/PokeAPI/sprites/master/sprites/pokemon/614.png,https://raw.githubusercontent.com/PokeAPI/sprites/master/sprites/pokemon/back/614.png
615,cryogonal,11,1480,['ice'],['levitate'],"{'hp': 80, 'attack': 50, 'defense': 50, 'special-attack': 95, 'special-defense': 135, 'speed': 105}",https://raw.githubusercontent.com/PokeAPI/sprites/master/sprites/pokemon/615.png,https://raw.githubusercontent.com/PokeAPI/sprites/master/sprites/pokemon/back/615.png
616,shelmet,4,77,['bug'],"['hydration', 'shell-armor', 'overcoat']","{'hp': 50, 'attack': 40, 'defense': 85, 'special-attack': 40, 'special-defense': 65, 'speed': 25}",https://raw.githubusercontent.com/PokeAPI/sprites/master/sprites/pokemon/616.png,https://raw.githubusercontent.com/PokeAPI/sprites/master/sprites/pokemon/back/616.png
617,accelgor,8,253,['bug'],"['hydration', 'sticky-hold', 'unburden']","{'hp': 80, 'attack': 70, 'defense': 40, 'special-attack': 100, 'special-defense': 60, 'speed': 145}",https://raw.githubusercontent.com/PokeAPI/sprites/master/sprites/pokemon/617.png,https://raw.githubusercontent.com/PokeAPI/sprites/master/sprites/pokemon/back/617.png
618,stunfisk,7,110,"['ground', 'electric']","['static', 'limber', 'sand-veil']","{'hp': 109, 'attack': 66, 'defense': 84, 'special-attack': 81, 'special-defense': 99, 'speed': 32}",https://raw.githubusercontent.com/PokeAPI/sprites/master/sprites/pokemon/618.png,https://raw.githubusercontent.com/PokeAPI/sprites/master/sprites/pokemon/back/618.png
619,mienfoo,9,200,['fighting'],"['inner-focus', 'regenerator', 'reckless']","{'hp': 45, 'attack': 85, 'defense': 50, 'special-attack': 55, 'special-defense': 50, 'speed': 65}",https://raw.githubusercontent.com/PokeAPI/sprites/master/sprites/pokemon/619.png,https://raw.githubusercontent.com/PokeAPI/sprites/master/sprites/pokemon/back/619.png
620,mienshao,14,355,['fighting'],"['inner-focus', 'regenerator', 'reckless']","{'hp': 65, 'attack': 125, 'defense': 60, 'special-attack': 95, 'special-defense': 60, 'speed': 105}",https://raw.githubusercontent.com/PokeAPI/sprites/master/sprites/pokemon/620.png,https://raw.githubusercontent.com/PokeAPI/sprites/master/sprites/pokemon/back/620.png
621,druddigon,16,1390,['dragon'],"['rough-skin', 'sheer-force', 'mold-breaker']","{'hp': 77, 'attack': 120, 'defense': 90, 'special-attack': 60, 'special-defense': 90, 'speed': 48}",https://raw.githubusercontent.com/PokeAPI/sprites/master/sprites/pokemon/621.png,https://raw.githubusercontent.com/PokeAPI/sprites/master/sprites/pokemon/back/621.png
622,golett,10,920,"['ground', 'ghost']","['iron-fist', 'klutz', 'no-guard']","{'hp': 59, 'attack': 74, 'defense': 50, 'special-attack': 35, 'special-defense': 50, 'speed': 35}",https://raw.githubusercontent.com/PokeAPI/sprites/master/sprites/pokemon/622.png,https://raw.githubusercontent.com/PokeAPI/sprites/master/sprites/pokemon/back/622.png
623,golurk,28,3300,"['ground', 'ghost']","['iron-fist', 'klutz', 'no-guard']","{'hp': 89, 'attack': 124, 'defense': 80, 'special-attack': 55, 'special-defense': 80, 'speed': 55}",https://raw.githubusercontent.com/PokeAPI/sprites/master/sprites/pokemon/623.png,https://raw.githubusercontent.com/PokeAPI/sprites/master/sprites/pokemon/back/623.png
624,pawniard,5,102,"['dark', 'steel']","['defiant', 'inner-focus', 'pressure']","{'hp': 45, 'attack': 85, 'defense': 70, 'special-attack': 40, 'special-defense': 40, 'speed': 60}",https://raw.githubusercontent.com/PokeAPI/sprites/master/sprites/pokemon/624.png,https://raw.githubusercontent.com/PokeAPI/sprites/master/sprites/pokemon/back/624.png
625,bisharp,16,700,"['dark', 'steel']","['defiant', 'inner-focus', 'pressure']","{'hp': 65, 'attack': 125, 'defense': 100, 'special-attack': 60, 'special-defense': 70, 'speed': 70}",https://raw.githubusercontent.com/PokeAPI/sprites/master/sprites/pokemon/625.png,https://raw.githubusercontent.com/PokeAPI/sprites/master/sprites/pokemon/back/625.png
626,bouffalant,16,946,['normal'],"['reckless', 'sap-sipper', 'soundproof']","{'hp': 95, 'attack': 110, 'defense': 95, 'special-attack': 40, 'special-defense': 95, 'speed': 55}",https://raw.githubusercontent.com/PokeAPI/sprites/master/sprites/pokemon/626.png,https://raw.githubusercontent.com/PokeAPI/sprites/master/sprites/pokemon/back/626.png
627,rufflet,5,105,"['normal', 'flying']","['keen-eye', 'sheer-force', 'hustle']","{'hp': 70, 'attack': 83, 'defense': 50, 'special-attack': 37, 'special-defense': 50, 'speed': 60}",https://raw.githubusercontent.com/PokeAPI/sprites/master/sprites/pokemon/627.png,https://raw.githubusercontent.com/PokeAPI/sprites/master/sprites/pokemon/back/627.png
628,braviary,15,410,"['normal', 'flying']","['keen-eye', 'sheer-force', 'defiant']","{'hp': 100, 'attack': 123, 'defense': 75, 'special-attack': 57, 'special-defense': 75, 'speed': 80}",https://raw.githubusercontent.com/PokeAPI/sprites/master/sprites/pokemon/628.png,https://raw.githubusercontent.com/PokeAPI/sprites/master/sprites/pokemon/back/628.png
629,vullaby,5,90,"['dark', 'flying']","['big-pecks', 'overcoat', 'weak-armor']","{'hp': 70, 'attack': 55, 'defense': 75, 'special-attack': 45, 'special-defense': 65, 'speed': 60}",https://raw.githubusercontent.com/PokeAPI/sprites/master/sprites/pokemon/629.png,https://raw.githubusercontent.com/PokeAPI/sprites/master/sprites/pokemon/back/629.png
630,mandibuzz,12,395,"['dark', 'flying']","['big-pecks', 'overcoat', 'weak-armor']","{'hp': 110, 'attack': 65, 'defense': 105, 'special-attack': 55, 'special-defense': 95, 'speed': 80}",https://raw.githubusercontent.com/PokeAPI/sprites/master/sprites/pokemon/630.png,https://raw.githubusercontent.com/PokeAPI/sprites/master/sprites/pokemon/back/630.png
631,heatmor,14,580,['fire'],"['gluttony', 'flash-fire', 'white-smoke']","{'hp': 85, 'attack': 97, 'defense': 66, 'special-attack': 105, 'special-defense': 66, 'speed': 65}",https://raw.githubusercontent.com/PokeAPI/sprites/master/sprites/pokemon/631.png,https://raw.githubusercontent.com/PokeAPI/sprites/master/sprites/pokemon/back/631.png
632,durant,3,330,"['bug', 'steel']","['swarm', 'hustle', 'truant']","{'hp': 58, 'attack': 109, 'defense': 112, 'special-attack': 48, 'special-defense': 48, 'speed': 109}",https://raw.githubusercontent.com/PokeAPI/sprites/master/sprites/pokemon/632.png,https://raw.githubusercontent.com/PokeAPI/sprites/master/sprites/pokemon/back/632.png
633,deino,8,173,"['dark', 'dragon']",['hustle'],"{'hp': 52, 'attack': 65, 'defense': 50, 'special-attack': 45, 'special-defense': 50, 'speed': 38}",https://raw.githubusercontent.com/PokeAPI/sprites/master/sprites/pokemon/633.png,https://raw.githubusercontent.com/PokeAPI/sprites/master/sprites/pokemon/back/633.png
634,zweilous,14,500,"['dark', 'dragon']",['hustle'],"{'hp': 72, 'attack': 85, 'defense': 70, 'special-attack': 65, 'special-defense': 70, 'speed': 58}",https://raw.githubusercontent.com/PokeAPI/sprites/master/sprites/pokemon/634.png,https://raw.githubusercontent.com/PokeAPI/sprites/master/sprites/pokemon/back/634.png
635,hydreigon,18,1600,"['dark', 'dragon']",['levitate'],"{'hp': 92, 'attack': 105, 'defense': 90, 'special-attack': 125, 'special-defense': 90, 'speed': 98}",https://raw.githubusercontent.com/PokeAPI/sprites/master/sprites/pokemon/635.png,https://raw.githubusercontent.com/PokeAPI/sprites/master/sprites/pokemon/back/635.png
636,larvesta,11,288,"['bug', 'fire']","['flame-body', 'swarm']","{'hp': 55, 'attack': 85, 'defense': 55, 'special-attack': 50, 'special-defense': 55, 'speed': 60}",https://raw.githubusercontent.com/PokeAPI/sprites/master/sprites/pokemon/636.png,https://raw.githubusercontent.com/PokeAPI/sprites/master/sprites/pokemon/back/636.png
637,volcarona,16,460,"['bug', 'fire']","['flame-body', 'swarm']","{'hp': 85, 'attack': 60, 'defense': 65, 'special-attack': 135, 'special-defense': 105, 'speed': 100}",https://raw.githubusercontent.com/PokeAPI/sprites/master/sprites/pokemon/637.png,https://raw.githubusercontent.com/PokeAPI/sprites/master/sprites/pokemon/back/637.png
638,cobalion,21,2500,"['steel', 'fighting']",['justified'],"{'hp': 91, 'attack': 90, 'defense': 129, 'special-attack': 90, 'special-defense': 72, 'speed': 108}",https://raw.githubusercontent.com/PokeAPI/sprites/master/sprites/pokemon/638.png,https://raw.githubusercontent.com/PokeAPI/sprites/master/sprites/pokemon/back/638.png
639,terrakion,19,2600,"['rock', 'fighting']",['justified'],"{'hp': 91, 'attack': 129, 'defense': 90, 'special-attack': 72, 'special-defense': 90, 'speed': 108}",https://raw.githubusercontent.com/PokeAPI/sprites/master/sprites/pokemon/639.png,https://raw.githubusercontent.com/PokeAPI/sprites/master/sprites/pokemon/back/639.png
640,virizion,20,2000,"['grass', 'fighting']",['justified'],"{'hp': 91, 'attack': 90, 'defense': 72, 'special-attack': 90, 'special-defense': 129, 'speed': 108}",https://raw.githubusercontent.com/PokeAPI/sprites/master/sprites/pokemon/640.png,https://raw.githubusercontent.com/PokeAPI/sprites/master/sprites/pokemon/back/640.png
641,tornadus-incarnate,15,630,['flying'],"['prankster', 'defiant']","{'hp': 79, 'attack': 115, 'defense': 70, 'special-attack': 125, 'special-defense': 80, 'speed': 111}",https://raw.githubusercontent.com/PokeAPI/sprites/master/sprites/pokemon/641.png,https://raw.githubusercontent.com/PokeAPI/sprites/master/sprites/pokemon/back/641.png
642,thundurus-incarnate,15,610,"['electric', 'flying']","['prankster', 'defiant']","{'hp': 79, 'attack': 115, 'defense': 70, 'special-attack': 125, 'special-defense': 80, 'speed': 111}",https://raw.githubusercontent.com/PokeAPI/sprites/master/sprites/pokemon/642.png,https://raw.githubusercontent.com/PokeAPI/sprites/master/sprites/pokemon/back/642.png
643,reshiram,32,3300,"['dragon', 'fire']",['turboblaze'],"{'hp': 100, 'attack': 120, 'defense': 100, 'special-attack': 150, 'special-defense': 120, 'speed': 90}",https://raw.githubusercontent.com/PokeAPI/sprites/master/sprites/pokemon/643.png,https://raw.githubusercontent.com/PokeAPI/sprites/master/sprites/pokemon/back/643.png
644,zekrom,29,3450,"['dragon', 'electric']",['teravolt'],"{'hp': 100, 'attack': 150, 'defense': 120, 'special-attack': 120, 'special-defense': 100, 'speed': 90}",https://raw.githubusercontent.com/PokeAPI/sprites/master/sprites/pokemon/644.png,https://raw.githubusercontent.com/PokeAPI/sprites/master/sprites/pokemon/back/644.png
645,landorus-incarnate,15,680,"['ground', 'flying']","['sand-force', 'sheer-force']","{'hp': 89, 'attack': 125, 'defense': 90, 'special-attack': 115, 'special-defense': 80, 'speed': 101}",https://raw.githubusercontent.com/PokeAPI/sprites/master/sprites/pokemon/645.png,https://raw.githubusercontent.com/PokeAPI/sprites/master/sprites/pokemon/back/645.png
646,kyurem,30,3250,"['dragon', 'ice']",['pressure'],"{'hp': 125, 'attack': 130, 'defense': 90, 'special-attack': 130, 'special-defense': 90, 'speed': 95}",https://raw.githubusercontent.com/PokeAPI/sprites/master/sprites/pokemon/646.png,https://raw.githubusercontent.com/PokeAPI/sprites/master/sprites/pokemon/back/646.png
647,keldeo-ordinary,14,485,"['water', 'fighting']",['justified'],"{'hp': 91, 'attack': 72, 'defense': 90, 'special-attack': 129, 'special-defense': 90, 'speed': 108}",https://raw.githubusercontent.com/PokeAPI/sprites/master/sprites/pokemon/647.png,https://raw.githubusercontent.com/PokeAPI/sprites/master/sprites/pokemon/back/647.png
648,meloetta-aria,6,65,"['normal', 'psychic']",['serene-grace'],"{'hp': 100, 'attack': 77, 'defense': 77, 'special-attack': 128, 'special-defense': 128, 'speed': 90}",https://raw.githubusercontent.com/PokeAPI/sprites/master/sprites/pokemon/648.png,https://raw.githubusercontent.com/PokeAPI/sprites/master/sprites/pokemon/back/648.png
649,genesect,15,825,"['bug', 'steel']",['download'],"{'hp': 71, 'attack': 120, 'defense': 95, 'special-attack': 120, 'special-defense': 95, 'speed': 99}",https://raw.githubusercontent.com/PokeAPI/sprites/master/sprites/pokemon/649.png,https://raw.githubusercontent.com/PokeAPI/sprites/master/sprites/pokemon/back/649.png
650,chespin,4,90,['grass'],"['overgrow', 'bulletproof']","{'hp': 56, 'attack': 61, 'defense': 65, 'special-attack': 48, 'special-defense': 45, 'speed': 38}",https://raw.githubusercontent.com/PokeAPI/sprites/master/sprites/pokemon/650.png,https://raw.githubusercontent.com/PokeAPI/sprites/master/sprites/pokemon/back/650.png
651,quilladin,7,290,['grass'],"['overgrow', 'bulletproof']","{'hp': 61, 'attack': 78, 'defense': 95, 'special-attack': 56, 'special-defense': 58, 'speed': 57}",https://raw.githubusercontent.com/PokeAPI/sprites/master/sprites/pokemon/651.png,https://raw.githubusercontent.com/PokeAPI/sprites/master/sprites/pokemon/back/651.png
652,chesnaught,16,900,"['grass', 'fighting']","['overgrow', 'bulletproof']","{'hp': 88, 'attack': 107, 'defense': 122, 'special-attack': 74, 'special-defense': 75, 'speed': 64}",https://raw.githubusercontent.com/PokeAPI/sprites/master/sprites/pokemon/652.png,https://raw.githubusercontent.com/PokeAPI/sprites/master/sprites/pokemon/back/652.png
653,fennekin,4,94,['fire'],"['blaze', 'magician']","{'hp': 40, 'attack': 45, 'defense': 40, 'special-attack': 62, 'special-defense': 60, 'speed': 60}",https://raw.githubusercontent.com/PokeAPI/sprites/master/sprites/pokemon/653.png,https://raw.githubusercontent.com/PokeAPI/sprites/master/sprites/pokemon/back/653.png
654,braixen,10,145,['fire'],"['blaze', 'magician']","{'hp': 59, 'attack': 59, 'defense': 58, 'special-attack': 90, 'special-defense': 70, 'speed': 73}",https://raw.githubusercontent.com/PokeAPI/sprites/master/sprites/pokemon/654.png,https://raw.githubusercontent.com/PokeAPI/sprites/master/sprites/pokemon/back/654.png
655,delphox,15,390,"['fire', 'psychic']","['blaze', 'magician']","{'hp': 75, 'attack': 69, 'defense': 72, 'special-attack': 114, 'special-defense': 100, 'speed': 104}",https://raw.githubusercontent.com/PokeAPI/sprites/master/sprites/pokemon/655.png,https://raw.githubusercontent.com/PokeAPI/sprites/master/sprites/pokemon/back/655.png
656,froakie,3,70,['water'],"['torrent', 'protean']","{'hp': 41, 'attack': 56, 'defense': 40, 'special-attack': 62, 'special-defense': 44, 'speed': 71}",https://raw.githubusercontent.com/PokeAPI/sprites/master/sprites/pokemon/656.png,https://raw.githubusercontent.com/PokeAPI/sprites/master/sprites/pokemon/back/656.png
657,frogadier,6,109,['water'],"['torrent', 'protean']","{'hp': 54, 'attack': 63, 'defense': 52, 'special-attack': 83, 'special-defense': 56, 'speed': 97}",https://raw.githubusercontent.com/PokeAPI/sprites/master/sprites/pokemon/657.png,
658,greninja,15,400,"['water', 'dark']","['torrent', 'protean']","{'hp': 72, 'attack': 95, 'defense': 67, 'special-attack': 103, 'special-defense': 71, 'speed': 122}",https://raw.githubusercontent.com/PokeAPI/sprites/master/sprites/pokemon/658.png,https://raw.githubusercontent.com/PokeAPI/sprites/master/sprites/pokemon/back/658.png
659,bunnelby,4,50,['normal'],"['pickup', 'cheek-pouch', 'huge-power']","{'hp': 38, 'attack': 36, 'defense': 38, 'special-attack': 32, 'special-defense': 36, 'speed': 57}",https://raw.githubusercontent.com/PokeAPI/sprites/master/sprites/pokemon/659.png,https://raw.githubusercontent.com/PokeAPI/sprites/master/sprites/pokemon/back/659.png
660,diggersby,10,424,"['normal', 'ground']","['pickup', 'cheek-pouch', 'huge-power']","{'hp': 85, 'attack': 56, 'defense': 77, 'special-attack': 50, 'special-defense': 77, 'speed': 78}",https://raw.githubusercontent.com/PokeAPI/sprites/master/sprites/pokemon/660.png,
661,fletchling,3,17,"['normal', 'flying']","['big-pecks', 'gale-wings']","{'hp': 45, 'attack': 50, 'defense': 43, 'special-attack': 40, 'special-defense': 38, 'speed': 62}",https://raw.githubusercontent.com/PokeAPI/sprites/master/sprites/pokemon/661.png,
662,fletchinder,7,160,"['fire', 'flying']","['flame-body', 'gale-wings']","{'hp': 62, 'attack': 73, 'defense': 55, 'special-attack': 56, 'special-defense': 52, 'speed': 84}",https://raw.githubusercontent.com/PokeAPI/sprites/master/sprites/pokemon/662.png,
663,talonflame,12,245,"['fire', 'flying']","['flame-body', 'gale-wings']","{'hp': 78, 'attack': 81, 'defense': 71, 'special-attack': 74, 'special-defense': 69, 'speed': 126}",https://raw.githubusercontent.com/PokeAPI/sprites/master/sprites/pokemon/663.png,https://raw.githubusercontent.com/PokeAPI/sprites/master/sprites/pokemon/back/663.png
664,scatterbug,3,25,['bug'],"['shield-dust', 'compound-eyes', 'friend-guard']","{'hp': 38, 'attack': 35, 'defense': 40, 'special-attack': 27, 'special-defense': 25, 'speed': 35}",https://raw.githubusercontent.com/PokeAPI/sprites/master/sprites/pokemon/664.png,
665,spewpa,3,84,['bug'],"['shed-skin', 'friend-guard']","{'hp': 45, 'attack': 22, 'defense': 60, 'special-attack': 27, 'special-defense': 30, 'speed': 29}",https://raw.githubusercontent.com/PokeAPI/sprites/master/sprites/pokemon/665.png,https://raw.githubusercontent.com/PokeAPI/sprites/master/sprites/pokemon/back/665.png
666,vivillon,12,170,"['bug', 'flying']","['shield-dust', 'compound-eyes', 'friend-guard']","{'hp': 80, 'attack': 52, 'defense': 50, 'special-attack': 90, 'special-defense': 50, 'speed': 89}",https://raw.githubusercontent.com/PokeAPI/sprites/master/sprites/pokemon/666.png,
667,litleo,6,135,"['fire', 'normal']","['rivalry', 'unnerve', 'moxie']","{'hp': 62, 'attack': 50, 'defense': 58, 'special-attack': 73, 'special-defense': 54, 'speed': 72}",https://raw.githubusercontent.com/PokeAPI/sprites/master/sprites/pokemon/667.png,https://raw.githubusercontent.com/PokeAPI/sprites/master/sprites/pokemon/back/667.png
668,pyroar,15,815,"['fire', 'normal']","['rivalry', 'unnerve', 'moxie']","{'hp': 86, 'attack': 68, 'defense': 72, 'special-attack': 109, 'special-defense': 66, 'speed': 106}",https://raw.githubusercontent.com/PokeAPI/sprites/master/sprites/pokemon/668.png,
669,flabebe,1,1,['fairy'],"['flower-veil', 'symbiosis']","{'hp': 44, 'attack': 38, 'defense': 39, 'special-attack': 61, 'special-defense': 79, 'speed': 42}",https://raw.githubusercontent.com/PokeAPI/sprites/master/sprites/pokemon/669.png,
670,floette,2,9,['fairy'],"['flower-veil', 'symbiosis']","{'hp': 54, 'attack': 45, 'defense': 47, 'special-attack': 75, 'special-defense': 98, 'speed': 52}",https://raw.githubusercontent.com/PokeAPI/sprites/master/sprites/pokemon/670.png,
671,florges,11,100,['fairy'],"['flower-veil', 'symbiosis']","{'hp': 78, 'attack': 65, 'defense': 68, 'special-attack': 112, 'special-defense': 154, 'speed': 75}",https://raw.githubusercontent.com/PokeAPI/sprites/master/sprites/pokemon/671.png,
672,skiddo,9,310,['grass'],"['sap-sipper', 'grass-pelt']","{'hp': 66, 'attack': 65, 'defense': 48, 'special-attack': 62, 'special-defense': 57, 'speed': 52}",https://raw.githubusercontent.com/PokeAPI/sprites/master/sprites/pokemon/672.png,https://raw.githubusercontent.com/PokeAPI/sprites/master/sprites/pokemon/back/672.png
673,gogoat,17,910,['grass'],"['sap-sipper', 'grass-pelt']","{'hp': 123, 'attack': 100, 'defense': 62, 'special-attack': 97, 'special-defense': 81, 'speed': 68}",https://raw.githubusercontent.com/PokeAPI/sprites/master/sprites/pokemon/673.png,
674,pancham,6,80,['fighting'],"['iron-fist', 'mold-breaker', 'scrappy']","{'hp': 67, 'attack': 82, 'defense': 62, 'special-attack': 46, 'special-defense': 48, 'speed': 43}",https://raw.githubusercontent.com/PokeAPI/sprites/master/sprites/pokemon/674.png,https://raw.githubusercontent.com/PokeAPI/sprites/master/sprites/pokemon/back/674.png
675,pangoro,21,1360,"['fighting', 'dark']","['iron-fist', 'mold-breaker', 'scrappy']","{'hp': 95, 'attack': 124, 'defense': 78, 'special-attack': 69, 'special-defense': 71, 'speed': 58}",https://raw.githubusercontent.com/PokeAPI/sprites/master/sprites/pokemon/675.png,https://raw.githubusercontent.com/PokeAPI/sprites/master/sprites/pokemon/back/675.png
676,furfrou,12,280,['normal'],['fur-coat'],"{'hp': 75, 'attack': 80, 'defense': 60, 'special-attack': 65, 'special-defense': 90, 'speed': 102}",https://raw.githubusercontent.com/PokeAPI/sprites/master/sprites/pokemon/676.png,
677,espurr,3,35,['psychic'],"['keen-eye', 'infiltrator', 'own-tempo']","{'hp': 62, 'attack': 48, 'defense': 54, 'special-attack': 63, 'special-defense': 60, 'speed': 68}",https://raw.githubusercontent.com/PokeAPI/sprites/master/sprites/pokemon/677.png,https://raw.githubusercontent.com/PokeAPI/sprites/master/sprites/pokemon/back/677.png
678,meowstic-male,6,85,['psychic'],"['keen-eye', 'infiltrator', 'prankster']","{'hp': 74, 'attack': 48, 'defense': 76, 'special-attack': 83, 'special-defense': 81, 'speed': 104}",https://raw.githubusercontent.com/PokeAPI/sprites/master/sprites/pokemon/678.png,https://raw.githubusercontent.com/PokeAPI/sprites/master/sprites/pokemon/back/678.png
679,honedge,8,20,"['steel', 'ghost']",['no-guard'],"{'hp': 45, 'attack': 80, 'defense': 100, 'special-attack': 35, 'special-defense': 37, 'speed': 28}",https://raw.githubusercontent.com/PokeAPI/sprites/master/sprites/pokemon/679.png,
680,doublade,8,45,"['steel', 'ghost']",['no-guard'],"{'hp': 59, 'attack': 110, 'defense': 150, 'special-attack': 45, 'special-defense': 49, 'speed': 35}",https://raw.githubusercontent.com/PokeAPI/sprites/master/sprites/pokemon/680.png,
681,aegislash-shield,17,530,"['steel', 'ghost']",['stance-change'],"{'hp': 60, 'attack': 50, 'defense': 140, 'special-attack': 50, 'special-defense': 140, 'speed': 60}",https://raw.githubusercontent.com/PokeAPI/sprites/master/sprites/pokemon/681.png,
682,spritzee,2,5,['fairy'],"['healer', 'aroma-veil']","{'hp': 78, 'attack': 52, 'defense': 60, 'special-attack': 63, 'special-defense': 65, 'speed': 23}",https://raw.githubusercontent.com/PokeAPI/sprites/master/sprites/pokemon/682.png,https://raw.githubusercontent.com/PokeAPI/sprites/master/sprites/pokemon/back/682.png
683,aromatisse,8,155,['fairy'],"['healer', 'aroma-veil']","{'hp': 101, 'attack': 72, 'defense': 72, 'special-attack': 99, 'special-defense': 89, 'speed': 29}",https://raw.githubusercontent.com/PokeAPI/sprites/master/sprites/pokemon/683.png,https://raw.githubusercontent.com/PokeAPI/sprites/master/sprites/pokemon/back/683.png
684,swirlix,4,35,['fairy'],"['sweet-veil', 'unburden']","{'hp': 62, 'attack': 48, 'defense': 66, 'special-attack': 59, 'special-defense': 57, 'speed': 49}",https://raw.githubusercontent.com/PokeAPI/sprites/master/sprites/pokemon/684.png,https://raw.githubusercontent.com/PokeAPI/sprites/master/sprites/pokemon/back/684.png
685,slurpuff,8,50,['fairy'],"['sweet-veil', 'unburden']","{'hp': 82, 'attack': 80, 'defense': 86, 'special-attack': 85, 'special-defense': 75, 'speed': 72}",https://raw.githubusercontent.com/PokeAPI/sprites/master/sprites/pokemon/685.png,https://raw.githubusercontent.com/PokeAPI/sprites/master/sprites/pokemon/back/685.png
686,inkay,4,35,"['dark', 'psychic']","['contrary', 'suction-cups', 'infiltrator']","{'hp': 53, 'attack': 54, 'defense': 53, 'special-attack': 37, 'special-defense': 46, 'speed': 45}",https://raw.githubusercontent.com/PokeAPI/sprites/master/sprites/pokemon/686.png,https://raw.githubusercontent.com/PokeAPI/sprites/master/sprites/pokemon/back/686.png
687,malamar,15,470,"['dark', 'psychic']","['contrary', 'suction-cups', 'infiltrator']","{'hp': 86, 'attack': 92, 'defense': 88, 'special-attack': 68, 'special-defense': 75, 'speed': 73}",https://raw.githubusercontent.com/PokeAPI/sprites/master/sprites/pokemon/687.png,
688,binacle,5,310,"['rock', 'water']","['tough-claws', 'sniper', 'pickpocket']","{'hp': 42, 'attack': 52, 'defense': 67, 'special-attack': 39, 'special-defense': 56, 'speed': 50}",https://raw.githubusercontent.com/PokeAPI/sprites/master/sprites/pokemon/688.png,https://raw.githubusercontent.com/PokeAPI/sprites/master/sprites/pokemon/back/688.png
689,barbaracle,13,960,"['rock', 'water']","['tough-claws', 'sniper', 'pickpocket']","{'hp': 72, 'attack': 105, 'defense': 115, 'special-attack': 54, 'special-defense': 86, 'speed': 68}",https://raw.githubusercontent.com/PokeAPI/sprites/master/sprites/pokemon/689.png,
690,skrelp,5,73,"['poison', 'water']","['poison-point', 'poison-touch', 'adaptability']","{'hp': 50, 'attack': 60, 'defense': 60, 'special-attack': 60, 'special-defense': 60, 'speed': 30}",https://raw.githubusercontent.com/PokeAPI/sprites/master/sprites/pokemon/690.png,https://raw.githubusercontent.com/PokeAPI/sprites/master/sprites/pokemon/back/690.png
691,dragalge,18,815,"['poison', 'dragon']","['poison-point', 'poison-touch', 'adaptability']","{'hp': 65, 'attack': 75, 'defense': 90, 'special-attack': 97, 'special-defense': 123, 'speed': 44}",https://raw.githubusercontent.com/PokeAPI/sprites/master/sprites/pokemon/691.png,
692,clauncher,5,83,['water'],['mega-launcher'],"{'hp': 50, 'attack': 53, 'defense': 62, 'special-attack': 58, 'special-defense': 63, 'speed': 44}",https://raw.githubusercontent.com/PokeAPI/sprites/master/sprites/pokemon/692.png,https://raw.githubusercontent.com/PokeAPI/sprites/master/sprites/pokemon/back/692.png
693,clawitzer,13,353,['water'],['mega-launcher'],"{'hp': 71, 'attack': 73, 'defense': 88, 'special-attack': 120, 'special-defense': 89, 'speed': 59}",https://raw.githubusercontent.com/PokeAPI/sprites/master/sprites/pokemon/693.png,
694,helioptile,5,60,"['electric', 'normal']","['dry-skin', 'sand-veil', 'solar-power']","{'hp': 44, 'attack': 38, 'defense': 33, 'special-attack': 61, 'special-defense': 43, 'speed': 70}",https://raw.githubusercontent.com/PokeAPI/sprites/master/sprites/pokemon/694.png,https://raw.githubusercontent.com/PokeAPI/sprites/master/sprites/pokemon/back/694.png
695,heliolisk,10,210,"['electric', 'normal']","['dry-skin', 'sand-veil', 'solar-power']","{'hp': 62, 'attack': 55, 'defense': 52, 'special-attack': 109, 'special-defense': 94, 'speed': 109}",https://raw.githubusercontent.com/PokeAPI/sprites/master/sprites/pokemon/695.png,
696,tyrunt,8,260,"['rock', 'dragon']","['strong-jaw', 'sturdy']","{'hp': 58, 'attack': 89, 'defense': 77, 'special-attack': 45, 'special-defense': 45, 'speed': 48}",https://raw.githubusercontent.com/PokeAPI/sprites/master/sprites/pokemon/696.png,
697,tyrantrum,25,2700,"['rock', 'dragon']","['strong-jaw', 'rock-head']","{'hp': 82, 'attack': 121, 'defense': 119, 'special-attack': 69, 'special-defense': 59, 'speed': 71}",https://raw.githubusercontent.com/PokeAPI/sprites/master/sprites/pokemon/697.png,https://raw.githubusercontent.com/PokeAPI/sprites/master/sprites/pokemon/back/697.png
698,amaura,13,252,"['rock', 'ice']","['refrigerate', 'snow-warning']","{'hp': 77, 'attack': 59, 'defense': 50, 'special-attack': 67, 'special-defense': 63, 'speed': 46}",https://raw.githubusercontent.com/PokeAPI/sprites/master/sprites/pokemon/698.png,
699,aurorus,27,2250,"['rock', 'ice']","['refrigerate', 'snow-warning']","{'hp': 123, 'attack': 77, 'defense': 72, 'special-attack': 99, 'special-defense': 92, 'speed': 58}",https://raw.githubusercontent.com/PokeAPI/sprites/master/sprites/pokemon/699.png,
700,sylveon,10,235,['fairy'],"['cute-charm', 'pixilate']","{'hp': 95, 'attack': 65, 'defense': 65, 'special-attack': 110, 'special-defense': 130, 'speed': 60}",https://raw.githubusercontent.com/PokeAPI/sprites/master/sprites/pokemon/700.png,
701,hawlucha,8,215,"['fighting', 'flying']","['limber', 'unburden', 'mold-breaker']","{'hp': 78, 'attack': 92, 'defense': 75, 'special-attack': 74, 'special-defense': 63, 'speed': 118}",https://raw.githubusercontent.com/PokeAPI/sprites/master/sprites/pokemon/701.png,https://raw.githubusercontent.com/PokeAPI/sprites/master/sprites/pokemon/back/701.png
702,dedenne,2,22,"['electric', 'fairy']","['cheek-pouch', 'pickup', 'plus']","{'hp': 67, 'attack': 58, 'defense': 57, 'special-attack': 81, 'special-defense': 67, 'speed': 101}",https://raw.githubusercontent.com/PokeAPI/sprites/master/sprites/pokemon/702.png,https://raw.githubusercontent.com/PokeAPI/sprites/master/sprites/pokemon/back/702.png
703,carbink,3,57,"['rock', 'fairy']","['clear-body', 'sturdy']","{'hp': 50, 'attack': 50, 'defense': 150, 'special-attack': 50, 'special-defense': 150, 'speed': 50}",https://raw.githubusercontent.com/PokeAPI/sprites/master/sprites/pokemon/703.png,https://raw.githubusercontent.com/PokeAPI/sprites/master/sprites/pokemon/back/703.png
704,goomy,3,28,['dragon'],"['sap-sipper', 'hydration', 'gooey']","{'hp': 45, 'attack': 50, 'defense': 35, 'special-attack': 55, 'special-defense': 75, 'speed': 40}",https://raw.githubusercontent.com/PokeAPI/sprites/master/sprites/pokemon/704.png,https://raw.githubusercontent.com/PokeAPI/sprites/master/sprites/pokemon/back/704.png
705,sliggoo,8,175,['dragon'],"['sap-sipper', 'hydration', 'gooey']","{'hp': 68, 'attack': 75, 'defense': 53, 'special-attack': 83, 'special-defense': 113, 'speed': 60}",https://raw.githubusercontent.com/PokeAPI/sprites/master/sprites/pokemon/705.png,
706,goodra,20,1505,['dragon'],"['sap-sipper', 'hydration', 'gooey']","{'hp': 90, 'attack': 100, 'defense': 70, 'special-attack': 110, 'special-defense': 150, 'speed': 80}",https://raw.githubusercontent.com/PokeAPI/sprites/master/sprites/pokemon/706.png,
707,klefki,2,30,"['steel', 'fairy']","['prankster', 'magician']","{'hp': 57, 'attack': 80, 'defense': 91, 'special-attack': 80, 'special-defense': 87, 'speed': 75}",https://raw.githubusercontent.com/PokeAPI/sprites/master/sprites/pokemon/707.png,https://raw.githubusercontent.com/PokeAPI/sprites/master/sprites/pokemon/back/707.png
708,phantump,4,70,"['ghost', 'grass']","['natural-cure', 'frisk', 'harvest']","{'hp': 43, 'attack': 70, 'defense': 48, 'special-attack': 50, 'special-defense': 60, 'speed': 38}",https://raw.githubusercontent.com/PokeAPI/sprites/master/sprites/pokemon/708.png,https://raw.githubusercontent.com/PokeAPI/sprites/master/sprites/pokemon/back/708.png
709,trevenant,15,710,"['ghost', 'grass']","['natural-cure', 'frisk', 'harvest']","{'hp': 85, 'attack': 110, 'defense': 76, 'special-attack': 65, 'special-defense': 82, 'speed': 56}",https://raw.githubusercontent.com/PokeAPI/sprites/master/sprites/pokemon/709.png,
710,pumpkaboo-average,4,50,"['ghost', 'grass']","['pickup', 'frisk', 'insomnia']","{'hp': 49, 'attack': 66, 'defense': 70, 'special-attack': 44, 'special-defense': 55, 'speed': 51}",https://raw.githubusercontent.com/PokeAPI/sprites/master/sprites/pokemon/710.png,https://raw.githubusercontent.com/PokeAPI/sprites/master/sprites/pokemon/back/710.png
711,gourgeist-average,9,125,"['ghost', 'grass']","['pickup', 'frisk', 'insomnia']","{'hp': 65, 'attack': 90, 'defense': 122, 'special-attack': 58, 'special-defense': 75, 'speed': 84}",https://raw.githubusercontent.com/PokeAPI/sprites/master/sprites/pokemon/711.png,
712,bergmite,10,995,['ice'],"['own-tempo', 'ice-body', 'sturdy']","{'hp': 55, 'attack': 69, 'defense': 85, 'special-attack': 32, 'special-defense': 35, 'speed': 28}",https://raw.githubusercontent.com/PokeAPI/sprites/master/sprites/pokemon/712.png,https://raw.githubusercontent.com/PokeAPI/sprites/master/sprites/pokemon/back/712.png
713,avalugg,20,5050,['ice'],"['own-tempo', 'ice-body', 'sturdy']","{'hp': 95, 'attack': 117, 'defense': 184, 'special-attack': 44, 'special-defense': 46, 'speed': 28}",https://raw.githubusercontent.com/PokeAPI/sprites/master/sprites/pokemon/713.png,
714,noibat,5,80,"['flying', 'dragon']","['frisk', 'infiltrator', 'telepathy']","{'hp': 40, 'attack': 30, 'defense': 35, 'special-attack': 45, 'special-defense': 40, 'speed': 55}",https://raw.githubusercontent.com/PokeAPI/sprites/master/sprites/pokemon/714.png,
715,noivern,15,850,"['flying', 'dragon']","['frisk', 'infiltrator', 'telepathy']","{'hp': 85, 'attack': 70, 'defense': 80, 'special-attack': 97, 'special-defense': 80, 'speed': 123}",https://raw.githubusercontent.com/PokeAPI/sprites/master/sprites/pokemon/715.png,
716,xerneas,30,2150,['fairy'],['fairy-aura'],"{'hp': 126, 'attack': 131, 'defense': 95, 'special-attack': 131, 'special-defense': 98, 'speed': 99}",https://raw.githubusercontent.com/PokeAPI/sprites/master/sprites/pokemon/716.png,
717,yveltal,58,2030,"['dark', 'flying']",['dark-aura'],"{'hp': 126, 'attack': 131, 'defense': 95, 'special-attack': 131, 'special-defense': 98, 'speed': 99}",https://raw.githubusercontent.com/PokeAPI/sprites/master/sprites/pokemon/717.png,
718,zygarde-50,50,3050,"['dragon', 'ground']",['aura-break'],"{'hp': 108, 'attack': 100, 'defense': 121, 'special-attack': 81, 'special-defense': 95, 'speed': 95}",https://raw.githubusercontent.com/PokeAPI/sprites/master/sprites/pokemon/718.png,
719,diancie,7,88,"['rock', 'fairy']",['clear-body'],"{'hp': 50, 'attack': 100, 'defense': 150, 'special-attack': 100, 'special-defense': 150, 'speed': 50}",https://raw.githubusercontent.com/PokeAPI/sprites/master/sprites/pokemon/719.png,
720,hoopa,5,90,"['psychic', 'ghost']",['magician'],"{'hp': 80, 'attack': 110, 'defense': 60, 'special-attack': 150, 'special-defense': 130, 'speed': 70}",https://raw.githubusercontent.com/PokeAPI/sprites/master/sprites/pokemon/720.png,https://raw.githubusercontent.com/PokeAPI/sprites/master/sprites/pokemon/back/720.png
721,volcanion,17,1950,"['fire', 'water']",['water-absorb'],"{'hp': 80, 'attack': 110, 'defense': 120, 'special-attack': 130, 'special-defense': 90, 'speed': 70}",https://raw.githubusercontent.com/PokeAPI/sprites/master/sprites/pokemon/721.png,
722,rowlet,3,15,"['grass', 'flying']","['overgrow', 'long-reach']","{'hp': 68, 'attack': 55, 'defense': 55, 'special-attack': 50, 'special-defense': 50, 'speed': 42}",https://raw.githubusercontent.com/PokeAPI/sprites/master/sprites/pokemon/722.png,https://raw.githubusercontent.com/PokeAPI/sprites/master/sprites/pokemon/back/722.png
723,dartrix,7,160,"['grass', 'flying']","['overgrow', 'long-reach']","{'hp': 78, 'attack': 75, 'defense': 75, 'special-attack': 70, 'special-defense': 70, 'speed': 52}",https://raw.githubusercontent.com/PokeAPI/sprites/master/sprites/pokemon/723.png,https://raw.githubusercontent.com/PokeAPI/sprites/master/sprites/pokemon/back/723.png
724,decidueye,16,366,"['grass', 'ghost']","['overgrow', 'long-reach']","{'hp': 78, 'attack': 107, 'defense': 75, 'special-attack': 100, 'special-defense': 100, 'speed': 70}",https://raw.githubusercontent.com/PokeAPI/sprites/master/sprites/pokemon/724.png,https://raw.githubusercontent.com/PokeAPI/sprites/master/sprites/pokemon/back/724.png
725,litten,4,43,['fire'],"['blaze', 'intimidate']","{'hp': 45, 'attack': 65, 'defense': 40, 'special-attack': 60, 'special-defense': 40, 'speed': 70}",https://raw.githubusercontent.com/PokeAPI/sprites/master/sprites/pokemon/725.png,https://raw.githubusercontent.com/PokeAPI/sprites/master/sprites/pokemon/back/725.png
726,torracat,7,250,['fire'],"['blaze', 'intimidate']","{'hp': 65, 'attack': 85, 'defense': 50, 'special-attack': 80, 'special-defense': 50, 'speed': 90}",https://raw.githubusercontent.com/PokeAPI/sprites/master/sprites/pokemon/726.png,https://raw.githubusercontent.com/PokeAPI/sprites/master/sprites/pokemon/back/726.png
727,incineroar,18,830,"['fire', 'dark']","['blaze', 'intimidate']","{'hp': 95, 'attack': 115, 'defense': 90, 'special-attack': 80, 'special-defense': 90, 'speed': 60}",https://raw.githubusercontent.com/PokeAPI/sprites/master/sprites/pokemon/727.png,https://raw.githubusercontent.com/PokeAPI/sprites/master/sprites/pokemon/back/727.png
728,popplio,4,75,['water'],"['torrent', 'liquid-voice']","{'hp': 50, 'attack': 54, 'defense': 54, 'special-attack': 66, 'special-defense': 56, 'speed': 40}",https://raw.githubusercontent.com/PokeAPI/sprites/master/sprites/pokemon/728.png,https://raw.githubusercontent.com/PokeAPI/sprites/master/sprites/pokemon/back/728.png
729,brionne,6,175,['water'],"['torrent', 'liquid-voice']","{'hp': 60, 'attack': 69, 'defense': 69, 'special-attack': 91, 'special-defense': 81, 'speed': 50}",https://raw.githubusercontent.com/PokeAPI/sprites/master/sprites/pokemon/729.png,https://raw.githubusercontent.com/PokeAPI/sprites/master/sprites/pokemon/back/729.png
730,primarina,18,440,"['water', 'fairy']","['torrent', 'liquid-voice']","{'hp': 80, 'attack': 74, 'defense': 74, 'special-attack': 126, 'special-defense': 116, 'speed': 60}",https://raw.githubusercontent.com/PokeAPI/sprites/master/sprites/pokemon/730.png,https://raw.githubusercontent.com/PokeAPI/sprites/master/sprites/pokemon/back/730.png
731,pikipek,3,12,"['normal', 'flying']","['keen-eye', 'skill-link', 'pickup']","{'hp': 35, 'attack': 75, 'defense': 30, 'special-attack': 30, 'special-defense': 30, 'speed': 65}",https://raw.githubusercontent.com/PokeAPI/sprites/master/sprites/pokemon/731.png,https://raw.githubusercontent.com/PokeAPI/sprites/master/sprites/pokemon/back/731.png
732,trumbeak,6,148,"['normal', 'flying']","['keen-eye', 'skill-link', 'pickup']","{'hp': 55, 'attack': 85, 'defense': 50, 'special-attack': 40, 'special-defense': 50, 'speed': 75}",https://raw.githubusercontent.com/PokeAPI/sprites/master/sprites/pokemon/732.png,https://raw.githubusercontent.com/PokeAPI/sprites/master/sprites/pokemon/back/732.png
733,toucannon,11,260,"['normal', 'flying']","['keen-eye', 'skill-link', 'sheer-force']","{'hp': 80, 'attack': 120, 'defense': 75, 'special-attack': 75, 'special-defense': 75, 'speed': 60}",https://raw.githubusercontent.com/PokeAPI/sprites/master/sprites/pokemon/733.png,https://raw.githubusercontent.com/PokeAPI/sprites/master/sprites/pokemon/back/733.png
734,yungoos,4,60,['normal'],"['stakeout', 'strong-jaw', 'adaptability']","{'hp': 48, 'attack': 70, 'defense': 30, 'special-attack': 30, 'special-defense': 30, 'speed': 45}",https://raw.githubusercontent.com/PokeAPI/sprites/master/sprites/pokemon/734.png,https://raw.githubusercontent.com/PokeAPI/sprites/master/sprites/pokemon/back/734.png
735,gumshoos,7,142,['normal'],"['stakeout', 'strong-jaw', 'adaptability']","{'hp': 88, 'attack': 110, 'defense': 60, 'special-attack': 55, 'special-defense': 60, 'speed': 45}",https://raw.githubusercontent.com/PokeAPI/sprites/master/sprites/pokemon/735.png,https://raw.githubusercontent.com/PokeAPI/sprites/master/sprites/pokemon/back/735.png
736,grubbin,4,44,['bug'],['swarm'],"{'hp': 47, 'attack': 62, 'defense': 45, 'special-attack': 55, 'special-defense': 45, 'speed': 46}",https://raw.githubusercontent.com/PokeAPI/sprites/master/sprites/pokemon/736.png,https://raw.githubusercontent.com/PokeAPI/sprites/master/sprites/pokemon/back/736.png
737,charjabug,5,105,"['bug', 'electric']",['battery'],"{'hp': 57, 'attack': 82, 'defense': 95, 'special-attack': 55, 'special-defense': 75, 'speed': 36}",https://raw.githubusercontent.com/PokeAPI/sprites/master/sprites/pokemon/737.png,https://raw.githubusercontent.com/PokeAPI/sprites/master/sprites/pokemon/back/737.png
738,vikavolt,15,450,"['bug', 'electric']",['levitate'],"{'hp': 77, 'attack': 70, 'defense': 90, 'special-attack': 145, 'special-defense': 75, 'speed': 43}",https://raw.githubusercontent.com/PokeAPI/sprites/master/sprites/pokemon/738.png,https://raw.githubusercontent.com/PokeAPI/sprites/master/sprites/pokemon/back/738.png
739,crabrawler,6,70,['fighting'],"['hyper-cutter', 'iron-fist', 'anger-point']","{'hp': 47, 'attack': 82, 'defense': 57, 'special-attack': 42, 'special-defense': 47, 'speed': 63}",https://raw.githubusercontent.com/PokeAPI/sprites/master/sprites/pokemon/739.png,https://raw.githubusercontent.com/PokeAPI/sprites/master/sprites/pokemon/back/739.png
740,crabominable,17,1800,"['fighting', 'ice']","['hyper-cutter', 'iron-fist', 'anger-point']","{'hp': 97, 'attack': 132, 'defense': 77, 'special-attack': 62, 'special-defense': 67, 'speed': 43}",https://raw.githubusercontent.com/PokeAPI/sprites/master/sprites/pokemon/740.png,https://raw.githubusercontent.com/PokeAPI/sprites/master/sprites/pokemon/back/740.png
741,oricorio-baile,6,34,"['fire', 'flying']",['dancer'],"{'hp': 75, 'attack': 70, 'defense': 70, 'special-attack': 98, 'special-defense': 70, 'speed': 93}",https://raw.githubusercontent.com/PokeAPI/sprites/master/sprites/pokemon/741.png,https://raw.githubusercontent.com/PokeAPI/sprites/master/sprites/pokemon/back/741.png
742,cutiefly,1,2,"['bug', 'fairy']","['honey-gather', 'shield-dust', 'sweet-veil']","{'hp': 40, 'attack': 45, 'defense': 40, 'special-attack': 55, 'special-defense': 40, 'speed': 84}",https://raw.githubusercontent.com/PokeAPI/sprites/master/sprites/pokemon/742.png,https://raw.githubusercontent.com/PokeAPI/sprites/master/sprites/pokemon/back/742.png
743,ribombee,2,5,"['bug', 'fairy']","['honey-gather', 'shield-dust', 'sweet-veil']","{'hp': 60, 'attack': 55, 'defense': 60, 'special-attack': 95, 'special-defense': 70, 'speed': 124}",https://raw.githubusercontent.com/PokeAPI/sprites/master/sprites/pokemon/743.png,https://raw.githubusercontent.com/PokeAPI/sprites/master/sprites/pokemon/back/743.png
744,rockruff,5,92,['rock'],"['keen-eye', 'vital-spirit', 'steadfast']","{'hp': 45, 'attack': 65, 'defense': 40, 'special-attack': 30, 'special-defense': 40, 'speed': 60}",https://raw.githubusercontent.com/PokeAPI/sprites/master/sprites/pokemon/744.png,https://raw.githubusercontent.com/PokeAPI/sprites/master/sprites/pokemon/back/744.png
745,lycanroc-midday,8,250,['rock'],"['keen-eye', 'sand-rush', 'steadfast']","{'hp': 75, 'attack': 115, 'defense': 65, 'special-attack': 55, 'special-defense': 65, 'speed': 112}",https://raw.githubusercontent.com/PokeAPI/sprites/master/sprites/pokemon/745.png,https://raw.githubusercontent.com/PokeAPI/sprites/master/sprites/pokemon/back/745.png
746,wishiwashi-solo,2,3,['water'],['schooling'],"{'hp': 45, 'attack': 20, 'defense': 20, 'special-attack': 25, 'special-defense': 25, 'speed': 40}",https://raw.githubusercontent.com/PokeAPI/sprites/master/sprites/pokemon/746.png,https://raw.githubusercontent.com/PokeAPI/sprites/master/sprites/pokemon/back/746.png
747,mareanie,4,80,"['poison', 'water']","['merciless', 'limber', 'regenerator']","{'hp': 50, 'attack': 53, 'defense': 62, 'special-attack': 43, 'special-defense': 52, 'speed': 45}",https://raw.githubusercontent.com/PokeAPI/sprites/master/sprites/pokemon/747.png,https://raw.githubusercontent.com/PokeAPI/sprites/master/sprites/pokemon/back/747.png
748,toxapex,7,145,"['poison', 'water']","['merciless', 'limber', 'regenerator']","{'hp': 50, 'attack': 63, 'defense': 152, 'special-attack': 53, 'special-defense': 142, 'speed': 35}",https://raw.githubusercontent.com/PokeAPI/sprites/master/sprites/pokemon/748.png,https://raw.githubusercontent.com/PokeAPI/sprites/master/sprites/pokemon/back/748.png
749,mudbray,10,1100,['ground'],"['own-tempo', 'stamina', 'inner-focus']","{'hp': 70, 'attack': 100, 'defense': 70, 'special-attack': 45, 'special-defense': 55, 'speed': 45}",https://raw.githubusercontent.com/PokeAPI/sprites/master/sprites/pokemon/749.png,https://raw.githubusercontent.com/PokeAPI/sprites/master/sprites/pokemon/back/749.png
750,mudsdale,25,9200,['ground'],"['own-tempo', 'stamina', 'inner-focus']","{'hp': 100, 'attack': 125, 'defense': 100, 'special-attack': 55, 'special-defense': 85, 'speed': 35}",https://raw.githubusercontent.com/PokeAPI/sprites/master/sprites/pokemon/750.png,https://raw.githubusercontent.com/PokeAPI/sprites/master/sprites/pokemon/back/750.png
751,dewpider,3,40,"['water', 'bug']","['water-bubble', 'water-absorb']","{'hp': 38, 'attack': 40, 'defense': 52, 'special-attack': 40, 'special-defense': 72, 'speed': 27}",https://raw.githubusercontent.com/PokeAPI/sprites/master/sprites/pokemon/751.png,https://raw.githubusercontent.com/PokeAPI/sprites/master/sprites/pokemon/back/751.png
752,araquanid,18,820,"['water', 'bug']","['water-bubble', 'water-absorb']","{'hp': 68, 'attack': 70, 'defense': 92, 'special-attack': 50, 'special-defense': 132, 'speed': 42}",https://raw.githubusercontent.com/PokeAPI/sprites/master/sprites/pokemon/752.png,https://raw.githubusercontent.com/PokeAPI/sprites/master/sprites/pokemon/back/752.png
753,fomantis,3,15,['grass'],"['leaf-guard', 'contrary']","{'hp': 40, 'attack': 55, 'defense': 35, 'special-attack': 50, 'special-defense': 35, 'speed': 35}",https://raw.githubusercontent.com/PokeAPI/sprites/master/sprites/pokemon/753.png,https://raw.githubusercontent.com/PokeAPI/sprites/master/sprites/pokemon/back/753.png
754,lurantis,9,185,['grass'],"['leaf-guard', 'contrary']","{'hp': 70, 'attack': 105, 'defense': 90, 'special-attack': 80, 'special-defense': 90, 'speed': 45}",https://raw.githubusercontent.com/PokeAPI/sprites/master/sprites/pokemon/754.png,https://raw.githubusercontent.com/PokeAPI/sprites/master/sprites/pokemon/back/754.png
755,morelull,2,15,"['grass', 'fairy']","['illuminate', 'effect-spore', 'rain-dish']","{'hp': 40, 'attack': 35, 'defense': 55, 'special-attack': 65, 'special-defense': 75, 'speed': 15}",https://raw.githubusercontent.com/PokeAPI/sprites/master/sprites/pokemon/755.png,https://raw.githubusercontent.com/PokeAPI/sprites/master/sprites/pokemon/back/755.png
756,shiinotic,10,115,"['grass', 'fairy']","['illuminate', 'effect-spore', 'rain-dish']","{'hp': 60, 'attack': 45, 'defense': 80, 'special-attack': 90, 'special-defense': 100, 'speed': 30}",https://raw.githubusercontent.com/PokeAPI/sprites/master/sprites/pokemon/756.png,https://raw.githubusercontent.com/PokeAPI/sprites/master/sprites/pokemon/back/756.png
757,salandit,6,48,"['poison', 'fire']","['corrosion', 'oblivious']","{'hp': 48, 'attack': 44, 'defense': 40, 'special-attack': 71, 'special-defense': 40, 'speed': 77}",https://raw.githubusercontent.com/PokeAPI/sprites/master/sprites/pokemon/757.png,https://raw.githubusercontent.com/PokeAPI/sprites/master/sprites/pokemon/back/757.png
758,salazzle,12,222,"['poison', 'fire']","['corrosion', 'oblivious']","{'hp': 68, 'attack': 64, 'defense': 60, 'special-attack': 111, 'special-defense': 60, 'speed': 117}",https://raw.githubusercontent.com/PokeAPI/sprites/master/sprites/pokemon/758.png,https://raw.githubusercontent.com/PokeAPI/sprites/master/sprites/pokemon/back/758.png
759,stufful,5,68,"['normal', 'fighting']","['fluffy', 'klutz', 'cute-charm']","{'hp': 70, 'attack': 75, 'defense': 50, 'special-attack': 45, 'special-defense': 50, 'speed': 50}",https://raw.githubusercontent.com/PokeAPI/sprites/master/sprites/pokemon/759.png,https://raw.githubusercontent.com/PokeAPI/sprites/master/sprites/pokemon/back/759.png
760,bewear,21,1350,"['normal', 'fighting']","['fluffy', 'klutz', 'unnerve']","{'hp': 120, 'attack': 125, 'defense': 80, 'special-attack': 55, 'special-defense': 60, 'speed': 60}",https://raw.githubusercontent.com/PokeAPI/sprites/master/sprites/pokemon/760.png,https://raw.githubusercontent.com/PokeAPI/sprites/master/sprites/pokemon/back/760.png
761,bounsweet,3,32,['grass'],"['leaf-guard', 'oblivious', 'sweet-veil']","{'hp': 42, 'attack': 30, 'defense': 38, 'special-attack': 30, 'special-defense': 38, 'speed': 32}",https://raw.githubusercontent.com/PokeAPI/sprites/master/sprites/pokemon/761.png,https://raw.githubusercontent.com/PokeAPI/sprites/master/sprites/pokemon/back/761.png
762,steenee,7,82,['grass'],"['leaf-guard', 'oblivious', 'sweet-veil']","{'hp': 52, 'attack': 40, 'defense': 48, 'special-attack': 40, 'special-defense': 48, 'speed': 62}",https://raw.githubusercontent.com/PokeAPI/sprites/master/sprites/pokemon/762.png,https://raw.githubusercontent.com/PokeAPI/sprites/master/sprites/pokemon/back/762.png
763,tsareena,12,214,['grass'],"['leaf-guard', 'queenly-majesty', 'sweet-veil']","{'hp': 72, 'attack': 120, 'defense': 98, 'special-attack': 50, 'special-defense': 98, 'speed': 72}",https://raw.githubusercontent.com/PokeAPI/sprites/master/sprites/pokemon/763.png,https://raw.githubusercontent.com/PokeAPI/sprites/master/sprites/pokemon/back/763.png
764,comfey,1,3,['fairy'],"['flower-veil', 'triage', 'natural-cure']","{'hp': 51, 'attack': 52, 'defense': 90, 'special-attack': 82, 'special-defense': 110, 'speed': 100}",https://raw.githubusercontent.com/PokeAPI/sprites/master/sprites/pokemon/764.png,https://raw.githubusercontent.com/PokeAPI/sprites/master/sprites/pokemon/back/764.png
765,oranguru,15,760,"['normal', 'psychic']","['inner-focus', 'telepathy', 'symbiosis']","{'hp': 90, 'attack': 60, 'defense': 80, 'special-attack': 90, 'special-defense': 110, 'speed': 60}",https://raw.githubusercontent.com/PokeAPI/sprites/master/sprites/pokemon/765.png,https://raw.githubusercontent.com/PokeAPI/sprites/master/sprites/pokemon/back/765.png
766,passimian,20,828,['fighting'],"['receiver', 'defiant']","{'hp': 100, 'attack': 120, 'defense': 90, 'special-attack': 40, 'special-defense': 60, 'speed': 80}",https://raw.githubusercontent.com/PokeAPI/sprites/master/sprites/pokemon/766.png,https://raw.githubusercontent.com/PokeAPI/sprites/master/sprites/pokemon/back/766.png
767,wimpod,5,120,"['bug', 'water']",['wimp-out'],"{'hp': 25, 'attack': 35, 'defense': 40, 'special-attack': 20, 'special-defense': 30, 'speed': 80}",https://raw.githubusercontent.com/PokeAPI/sprites/master/sprites/pokemon/767.png,https://raw.githubusercontent.com/PokeAPI/sprites/master/sprites/pokemon/back/767.png
768,golisopod,20,1080,"['bug', 'water']",['emergency-exit'],"{'hp': 75, 'attack': 125, 'defense': 140, 'special-attack': 60, 'special-defense': 90, 'speed': 40}",https://raw.githubusercontent.com/PokeAPI/sprites/master/sprites/pokemon/768.png,https://raw.githubusercontent.com/PokeAPI/sprites/master/sprites/pokemon/back/768.png
769,sandygast,5,700,"['ghost', 'ground']","['water-compaction', 'sand-veil']","{'hp': 55, 'attack': 55, 'defense': 80, 'special-attack': 70, 'special-defense': 45, 'speed': 15}",https://raw.githubusercontent.com/PokeAPI/sprites/master/sprites/pokemon/769.png,https://raw.githubusercontent.com/PokeAPI/sprites/master/sprites/pokemon/back/769.png
770,palossand,13,2500,"['ghost', 'ground']","['water-compaction', 'sand-veil']","{'hp': 85, 'attack': 75, 'defense': 110, 'special-attack': 100, 'special-defense': 75, 'speed': 35}",https://raw.githubusercontent.com/PokeAPI/sprites/master/sprites/pokemon/770.png,https://raw.githubusercontent.com/PokeAPI/sprites/master/sprites/pokemon/back/770.png
771,pyukumuku,3,12,['water'],"['innards-out', 'unaware']","{'hp': 55, 'attack': 60, 'defense': 130, 'special-attack': 30, 'special-defense': 130, 'speed': 5}",https://raw.githubusercontent.com/PokeAPI/sprites/master/sprites/pokemon/771.png,https://raw.githubusercontent.com/PokeAPI/sprites/master/sprites/pokemon/back/771.png
772,type-null,19,1205,['normal'],['battle-armor'],"{'hp': 95, 'attack': 95, 'defense': 95, 'special-attack': 95, 'special-defense': 95, 'speed': 59}",https://raw.githubusercontent.com/PokeAPI/sprites/master/sprites/pokemon/772.png,https://raw.githubusercontent.com/PokeAPI/sprites/master/sprites/pokemon/back/772.png
773,silvally,23,1005,['normal'],['rks-system'],"{'hp': 95, 'attack': 95, 'defense': 95, 'special-attack': 95, 'special-defense': 95, 'speed': 95}",https://raw.githubusercontent.com/PokeAPI/sprites/master/sprites/pokemon/773.png,https://raw.githubusercontent.com/PokeAPI/sprites/master/sprites/pokemon/back/773.png
774,minior-red-meteor,3,400,"['rock', 'flying']",['shields-down'],"{'hp': 60, 'attack': 60, 'defense': 100, 'special-attack': 60, 'special-defense': 100, 'speed': 60}",https://raw.githubusercontent.com/PokeAPI/sprites/master/sprites/pokemon/774.png,https://raw.githubusercontent.com/PokeAPI/sprites/master/sprites/pokemon/back/774.png
775,komala,4,199,['normal'],['comatose'],"{'hp': 65, 'attack': 115, 'defense': 65, 'special-attack': 75, 'special-defense': 95, 'speed': 65}",https://raw.githubusercontent.com/PokeAPI/sprites/master/sprites/pokemon/775.png,https://raw.githubusercontent.com/PokeAPI/sprites/master/sprites/pokemon/back/775.png
776,turtonator,20,2120,"['fire', 'dragon']",['shell-armor'],"{'hp': 60, 'attack': 78, 'defense': 135, 'special-attack': 91, 'special-defense': 85, 'speed': 36}",https://raw.githubusercontent.com/PokeAPI/sprites/master/sprites/pokemon/776.png,https://raw.githubusercontent.com/PokeAPI/sprites/master/sprites/pokemon/back/776.png
777,togedemaru,3,33,"['electric', 'steel']","['iron-barbs', 'lightning-rod', 'sturdy']","{'hp': 65, 'attack': 98, 'defense': 63, 'special-attack': 40, 'special-defense': 73, 'speed': 96}",https://raw.githubusercontent.com/PokeAPI/sprites/master/sprites/pokemon/777.png,https://raw.githubusercontent.com/PokeAPI/sprites/master/sprites/pokemon/back/777.png
778,mimikyu-disguised,2,7,"['ghost', 'fairy']",['disguise'],"{'hp': 55, 'attack': 90, 'defense': 80, 'special-attack': 50, 'special-defense': 105, 'speed': 96}",https://raw.githubusercontent.com/PokeAPI/sprites/master/sprites/pokemon/778.png,https://raw.githubusercontent.com/PokeAPI/sprites/master/sprites/pokemon/back/778.png
779,bruxish,9,190,"['water', 'psychic']","['dazzling', 'strong-jaw', 'wonder-skin']","{'hp': 68, 'attack': 105, 'defense': 70, 'special-attack': 70, 'special-defense': 70, 'speed': 92}",https://raw.githubusercontent.com/PokeAPI/sprites/master/sprites/pokemon/779.png,https://raw.githubusercontent.com/PokeAPI/sprites/master/sprites/pokemon/back/779.png
780,drampa,30,1850,"['normal', 'dragon']","['berserk', 'sap-sipper', 'cloud-nine']","{'hp': 78, 'attack': 60, 'defense': 85, 'special-attack': 135, 'special-defense': 91, 'speed': 36}",https://raw.githubusercontent.com/PokeAPI/sprites/master/sprites/pokemon/780.png,https://raw.githubusercontent.com/PokeAPI/sprites/master/sprites/pokemon/back/780.png
781,dhelmise,39,2100,"['ghost', 'grass']",['steelworker'],"{'hp': 70, 'attack': 131, 'defense': 100, 'special-attack': 86, 'special-defense': 90, 'speed': 40}",https://raw.githubusercontent.com/PokeAPI/sprites/master/sprites/pokemon/781.png,https://raw.githubusercontent.com/PokeAPI/sprites/master/sprites/pokemon/back/781.png
782,jangmo-o,6,297,['dragon'],"['bulletproof', 'soundproof', 'overcoat']","{'hp': 45, 'attack': 55, 'defense': 65, 'special-attack': 45, 'special-defense': 45, 'speed': 45}",https://raw.githubusercontent.com/PokeAPI/sprites/master/sprites/pokemon/782.png,https://raw.githubusercontent.com/PokeAPI/sprites/master/sprites/pokemon/back/782.png
783,hakamo-o,12,470,"['dragon', 'fighting']","['bulletproof', 'soundproof', 'overcoat']","{'hp': 55, 'attack': 75, 'defense': 90, 'special-attack': 65, 'special-defense': 70, 'speed': 65}",https://raw.githubusercontent.com/PokeAPI/sprites/master/sprites/pokemon/783.png,https://raw.githubusercontent.com/PokeAPI/sprites/master/sprites/pokemon/back/783.png
784,kommo-o,16,782,"['dragon', 'fighting']","['bulletproof', 'soundproof', 'overcoat']","{'hp': 75, 'attack': 110, 'defense': 125, 'special-attack': 100, 'special-defense': 105, 'speed': 85}",https://raw.githubusercontent.com/PokeAPI/sprites/master/sprites/pokemon/784.png,https://raw.githubusercontent.com/PokeAPI/sprites/master/sprites/pokemon/back/784.png
785,tapu-koko,18,205,"['electric', 'fairy']","['electric-surge', 'telepathy']","{'hp': 70, 'attack': 115, 'defense': 85, 'special-attack': 95, 'special-defense': 75, 'speed': 130}",https://raw.githubusercontent.com/PokeAPI/sprites/master/sprites/pokemon/785.png,https://raw.githubusercontent.com/PokeAPI/sprites/master/sprites/pokemon/back/785.png
786,tapu-lele,12,186,"['psychic', 'fairy']","['psychic-surge', 'telepathy']","{'hp': 70, 'attack': 85, 'defense': 75, 'special-attack': 130, 'special-defense': 115, 'speed': 95}",https://raw.githubusercontent.com/PokeAPI/sprites/master/sprites/pokemon/786.png,https://raw.githubusercontent.com/PokeAPI/sprites/master/sprites/pokemon/back/786.png
787,tapu-bulu,19,455,"['grass', 'fairy']","['grassy-surge', 'telepathy']","{'hp': 70, 'attack': 130, 'defense': 115, 'special-attack': 85, 'special-defense': 95, 'speed': 75}",https://raw.githubusercontent.com/PokeAPI/sprites/master/sprites/pokemon/787.png,https://raw.githubusercontent.com/PokeAPI/sprites/master/sprites/pokemon/back/787.png
788,tapu-fini,13,212,"['water', 'fairy']","['misty-surge', 'telepathy']","{'hp': 70, 'attack': 75, 'defense': 115, 'special-attack': 95, 'special-defense': 130, 'speed': 85}",https://raw.githubusercontent.com/PokeAPI/sprites/master/sprites/pokemon/788.png,https://raw.githubusercontent.com/PokeAPI/sprites/master/sprites/pokemon/back/788.png
789,cosmog,2,1,['psychic'],['unaware'],"{'hp': 43, 'attack': 29, 'defense': 31, 'special-attack': 29, 'special-defense': 31, 'speed': 37}",https://raw.githubusercontent.com/PokeAPI/sprites/master/sprites/pokemon/789.png,https://raw.githubusercontent.com/PokeAPI/sprites/master/sprites/pokemon/back/789.png
790,cosmoem,1,9999,['psychic'],['sturdy'],"{'hp': 43, 'attack': 29, 'defense': 131, 'special-attack': 29, 'special-defense': 131, 'speed': 37}",https://raw.githubusercontent.com/PokeAPI/sprites/master/sprites/pokemon/790.png,https://raw.githubusercontent.com/PokeAPI/sprites/master/sprites/pokemon/back/790.png
791,solgaleo,34,2300,"['psychic', 'steel']",['full-metal-body'],"{'hp': 137, 'attack': 137, 'defense': 107, 'special-attack': 113, 'special-defense': 89, 'speed': 97}",https://raw.githubusercontent.com/PokeAPI/sprites/master/sprites/pokemon/791.png,https://raw.githubusercontent.com/PokeAPI/sprites/master/sprites/pokemon/back/791.png
792,lunala,40,1200,"['psychic', 'ghost']",['shadow-shield'],"{'hp': 137, 'attack': 113, 'defense': 89, 'special-attack': 137, 'special-defense': 107, 'speed': 97}",https://raw.githubusercontent.com/PokeAPI/sprites/master/sprites/pokemon/792.png,https://raw.githubusercontent.com/PokeAPI/sprites/master/sprites/pokemon/back/792.png
793,nihilego,12,555,"['rock', 'poison']",['beast-boost'],"{'hp': 109, 'attack': 53, 'defense': 47, 'special-attack': 127, 'special-defense': 131, 'speed': 103}",https://raw.githubusercontent.com/PokeAPI/sprites/master/sprites/pokemon/793.png,https://raw.githubusercontent.com/PokeAPI/sprites/master/sprites/pokemon/back/793.png
794,buzzwole,24,3336,"['bug', 'fighting']",['beast-boost'],"{'hp': 107, 'attack': 139, 'defense': 139, 'special-attack': 53, 'special-defense': 53, 'speed': 79}",https://raw.githubusercontent.com/PokeAPI/sprites/master/sprites/pokemon/794.png,https://raw.githubusercontent.com/PokeAPI/sprites/master/sprites/pokemon/back/794.png
795,pheromosa,18,250,"['bug', 'fighting']",['beast-boost'],"{'hp': 71, 'attack': 137, 'defense': 37, 'special-attack': 137, 'special-defense': 37, 'speed': 151}",https://raw.githubusercontent.com/PokeAPI/sprites/master/sprites/pokemon/795.png,https://raw.githubusercontent.com/PokeAPI/sprites/master/sprites/pokemon/back/795.png
796,xurkitree,38,1000,['electric'],['beast-boost'],"{'hp': 83, 'attack': 89, 'defense': 71, 'special-attack': 173, 'special-defense': 71, 'speed': 83}",https://raw.githubusercontent.com/PokeAPI/sprites/master/sprites/pokemon/796.png,https://raw.githubusercontent.com/PokeAPI/sprites/master/sprites/pokemon/back/796.png
797,celesteela,92,9999,"['steel', 'flying']",['beast-boost'],"{'hp': 97, 'attack': 101, 'defense': 103, 'special-attack': 107, 'special-defense': 101, 'speed': 61}",https://raw.githubusercontent.com/PokeAPI/sprites/master/sprites/pokemon/797.png,https://raw.githubusercontent.com/PokeAPI/sprites/master/sprites/pokemon/back/797.png
798,kartana,3,1,"['grass', 'steel']",['beast-boost'],"{'hp': 59, 'attack': 181, 'defense': 131, 'special-attack': 59, 'special-defense': 31, 'speed': 109}",https://raw.githubusercontent.com/PokeAPI/sprites/master/sprites/pokemon/798.png,https://raw.githubusercontent.com/PokeAPI/sprites/master/sprites/pokemon/back/798.png
799,guzzlord,55,8880,"['dark', 'dragon']",['beast-boost'],"{'hp': 223, 'attack': 101, 'defense': 53, 'special-attack': 97, 'special-defense': 53, 'speed': 43}",https://raw.githubusercontent.com/PokeAPI/sprites/master/sprites/pokemon/799.png,https://raw.githubusercontent.com/PokeAPI/sprites/master/sprites/pokemon/back/799.png
800,necrozma,24,2300,['psychic'],['prism-armor'],"{'hp': 97, 'attack': 107, 'defense': 101, 'special-attack': 127, 'special-defense': 89, 'speed': 79}",https://raw.githubusercontent.com/PokeAPI/sprites/master/sprites/pokemon/800.png,https://raw.githubusercontent.com/PokeAPI/sprites/master/sprites/pokemon/back/800.png
801,magearna,10,805,"['steel', 'fairy']",['soul-heart'],"{'hp': 80, 'attack': 95, 'defense': 115, 'special-attack': 130, 'special-defense': 115, 'speed': 65}",https://raw.githubusercontent.com/PokeAPI/sprites/master/sprites/pokemon/801.png,https://raw.githubusercontent.com/PokeAPI/sprites/master/sprites/pokemon/back/801.png
802,marshadow,7,222,"['fighting', 'ghost']",['technician'],"{'hp': 90, 'attack': 125, 'defense': 80, 'special-attack': 90, 'special-defense': 90, 'speed': 125}",https://raw.githubusercontent.com/PokeAPI/sprites/master/sprites/pokemon/802.png,https://raw.githubusercontent.com/PokeAPI/sprites/master/sprites/pokemon/back/802.png
803,poipole,6,18,['poison'],['beast-boost'],"{'hp': 67, 'attack': 73, 'defense': 67, 'special-attack': 73, 'special-defense': 67, 'speed': 73}",https://raw.githubusercontent.com/PokeAPI/sprites/master/sprites/pokemon/803.png,https://raw.githubusercontent.com/PokeAPI/sprites/master/sprites/pokemon/back/803.png
804,naganadel,36,1500,"['poison', 'dragon']",['beast-boost'],"{'hp': 73, 'attack': 73, 'defense': 73, 'special-attack': 127, 'special-defense': 73, 'speed': 121}",https://raw.githubusercontent.com/PokeAPI/sprites/master/sprites/pokemon/804.png,https://raw.githubusercontent.com/PokeAPI/sprites/master/sprites/pokemon/back/804.png
805,stakataka,55,8200,"['rock', 'steel']",['beast-boost'],"{'hp': 61, 'attack': 131, 'defense': 211, 'special-attack': 53, 'special-defense': 101, 'speed': 13}",https://raw.githubusercontent.com/PokeAPI/sprites/master/sprites/pokemon/805.png,https://raw.githubusercontent.com/PokeAPI/sprites/master/sprites/pokemon/back/805.png
806,blacephalon,18,130,"['fire', 'ghost']",['beast-boost'],"{'hp': 53, 'attack': 127, 'defense': 53, 'special-attack': 151, 'special-defense': 79, 'speed': 107}",https://raw.githubusercontent.com/PokeAPI/sprites/master/sprites/pokemon/806.png,https://raw.githubusercontent.com/PokeAPI/sprites/master/sprites/pokemon/back/806.png
807,zeraora,15,445,['electric'],['volt-absorb'],"{'hp': 88, 'attack': 112, 'defense': 75, 'special-attack': 102, 'special-defense': 80, 'speed': 143}",https://raw.githubusercontent.com/PokeAPI/sprites/master/sprites/pokemon/807.png,https://raw.githubusercontent.com/PokeAPI/sprites/master/sprites/pokemon/back/807.png
808,meltan,2,80,['steel'],['magnet-pull'],"{'hp': 46, 'attack': 65, 'defense': 65, 'special-attack': 55, 'special-defense': 35, 'speed': 34}",https://raw.githubusercontent.com/PokeAPI/sprites/master/sprites/pokemon/808.png,https://raw.githubusercontent.com/PokeAPI/sprites/master/sprites/pokemon/back/808.png
809,melmetal,25,8000,['steel'],['iron-fist'],"{'hp': 135, 'attack': 143, 'defense': 143, 'special-attack': 80, 'special-defense': 65, 'speed': 34}",https://raw.githubusercontent.com/PokeAPI/sprites/master/sprites/pokemon/809.png,https://raw.githubusercontent.com/PokeAPI/sprites/master/sprites/pokemon/back/809.png
810,grookey,3,50,['grass'],"['overgrow', 'grassy-surge']","{'hp': 50, 'attack': 65, 'defense': 50, 'special-attack': 40, 'special-defense': 40, 'speed': 65}",https://raw.githubusercontent.com/PokeAPI/sprites/master/sprites/pokemon/810.png,https://raw.githubusercontent.com/PokeAPI/sprites/master/sprites/pokemon/back/810.png
811,thwackey,7,140,['grass'],"['overgrow', 'grassy-surge']","{'hp': 70, 'attack': 85, 'defense': 70, 'special-attack': 55, 'special-defense': 60, 'speed': 80}",https://raw.githubusercontent.com/PokeAPI/sprites/master/sprites/pokemon/811.png,https://raw.githubusercontent.com/PokeAPI/sprites/master/sprites/pokemon/back/811.png
812,rillaboom,21,900,['grass'],"['overgrow', 'grassy-surge']","{'hp': 100, 'attack': 125, 'defense': 90, 'special-attack': 60, 'special-defense': 70, 'speed': 85}",https://raw.githubusercontent.com/PokeAPI/sprites/master/sprites/pokemon/812.png,https://raw.githubusercontent.com/PokeAPI/sprites/master/sprites/pokemon/back/812.png
813,scorbunny,3,45,['fire'],"['blaze', 'libero']","{'hp': 50, 'attack': 71, 'defense': 40, 'special-attack': 40, 'special-defense': 40, 'speed': 69}",https://raw.githubusercontent.com/PokeAPI/sprites/master/sprites/pokemon/813.png,https://raw.githubusercontent.com/PokeAPI/sprites/master/sprites/pokemon/back/813.png
814,raboot,6,90,['fire'],"['blaze', 'libero']","{'hp': 65, 'attack': 86, 'defense': 60, 'special-attack': 55, 'special-defense': 60, 'speed': 94}",https://raw.githubusercontent.com/PokeAPI/sprites/master/sprites/pokemon/814.png,https://raw.githubusercontent.com/PokeAPI/sprites/master/sprites/pokemon/back/814.png
815,cinderace,14,330,['fire'],"['blaze', 'libero']","{'hp': 80, 'attack': 116, 'defense': 75, 'special-attack': 65, 'special-defense': 75, 'speed': 119}",https://raw.githubusercontent.com/PokeAPI/sprites/master/sprites/pokemon/815.png,https://raw.githubusercontent.com/PokeAPI/sprites/master/sprites/pokemon/back/815.png
816,sobble,3,40,['water'],"['torrent', 'sniper']","{'hp': 50, 'attack': 40, 'defense': 40, 'special-attack': 70, 'special-defense': 40, 'speed': 70}",https://raw.githubusercontent.com/PokeAPI/sprites/master/sprites/pokemon/816.png,https://raw.githubusercontent.com/PokeAPI/sprites/master/sprites/pokemon/back/816.png
817,drizzile,7,115,['water'],"['torrent', 'sniper']","{'hp': 65, 'attack': 60, 'defense': 55, 'special-attack': 95, 'special-defense': 55, 'speed': 90}",https://raw.githubusercontent.com/PokeAPI/sprites/master/sprites/pokemon/817.png,https://raw.githubusercontent.com/PokeAPI/sprites/master/sprites/pokemon/back/817.png
818,inteleon,19,452,['water'],"['torrent', 'sniper']","{'hp': 70, 'attack': 85, 'defense': 65, 'special-attack': 125, 'special-defense': 65, 'speed': 120}",https://raw.githubusercontent.com/PokeAPI/sprites/master/sprites/pokemon/818.png,https://raw.githubusercontent.com/PokeAPI/sprites/master/sprites/pokemon/back/818.png
819,skwovet,3,25,['normal'],"['cheek-pouch', 'gluttony']","{'hp': 70, 'attack': 55, 'defense': 55, 'special-attack': 35, 'special-defense': 35, 'speed': 25}",https://raw.githubusercontent.com/PokeAPI/sprites/master/sprites/pokemon/819.png,https://raw.githubusercontent.com/PokeAPI/sprites/master/sprites/pokemon/back/819.png
820,greedent,6,60,['normal'],"['cheek-pouch', 'gluttony']","{'hp': 120, 'attack': 95, 'defense': 95, 'special-attack': 55, 'special-defense': 75, 'speed': 20}",https://raw.githubusercontent.com/PokeAPI/sprites/master/sprites/pokemon/820.png,https://raw.githubusercontent.com/PokeAPI/sprites/master/sprites/pokemon/back/820.png
821,rookidee,2,18,['flying'],"['keen-eye', 'unnerve', 'big-pecks']","{'hp': 38, 'attack': 47, 'defense': 35, 'special-attack': 33, 'special-defense': 35, 'speed': 57}",https://raw.githubusercontent.com/PokeAPI/sprites/master/sprites/pokemon/821.png,https://raw.githubusercontent.com/PokeAPI/sprites/master/sprites/pokemon/back/821.png
822,corvisquire,8,160,['flying'],"['keen-eye', 'unnerve', 'big-pecks']","{'hp': 68, 'attack': 67, 'defense': 55, 'special-attack': 43, 'special-defense': 55, 'speed': 77}",https://raw.githubusercontent.com/PokeAPI/sprites/master/sprites/pokemon/822.png,https://raw.githubusercontent.com/PokeAPI/sprites/master/sprites/pokemon/back/822.png
823,corviknight,22,750,"['flying', 'steel']","['pressure', 'unnerve', 'mirror-armor']","{'hp': 98, 'attack': 87, 'defense': 105, 'special-attack': 53, 'special-defense': 85, 'speed': 67}",https://raw.githubusercontent.com/PokeAPI/sprites/master/sprites/pokemon/823.png,https://raw.githubusercontent.com/PokeAPI/sprites/master/sprites/pokemon/back/823.png
824,blipbug,4,80,['bug'],"['swarm', 'compound-eyes', 'telepathy']","{'hp': 25, 'attack': 20, 'defense': 20, 'special-attack': 25, 'special-defense': 45, 'speed': 45}",https://raw.githubusercontent.com/PokeAPI/sprites/master/sprites/pokemon/824.png,https://raw.githubusercontent.com/PokeAPI/sprites/master/sprites/pokemon/back/824.png
825,dottler,4,195,"['bug', 'psychic']","['swarm', 'compound-eyes', 'telepathy']","{'hp': 50, 'attack': 35, 'defense': 80, 'special-attack': 50, 'special-defense': 90, 'speed': 30}",https://raw.githubusercontent.com/PokeAPI/sprites/master/sprites/pokemon/825.png,https://raw.githubusercontent.com/PokeAPI/sprites/master/sprites/pokemon/back/825.png
826,orbeetle,4,408,"['bug', 'psychic']","['swarm', 'frisk', 'telepathy']","{'hp': 60, 'attack': 45, 'defense': 110, 'special-attack': 80, 'special-defense': 120, 'speed': 90}",https://raw.githubusercontent.com/PokeAPI/sprites/master/sprites/pokemon/826.png,https://raw.githubusercontent.com/PokeAPI/sprites/master/sprites/pokemon/back/826.png
827,nickit,6,89,['dark'],"['run-away', 'unburden', 'stakeout']","{'hp': 40, 'attack': 28, 'defense': 28, 'special-attack': 47, 'special-defense': 52, 'speed': 50}",https://raw.githubusercontent.com/PokeAPI/sprites/master/sprites/pokemon/827.png,https://raw.githubusercontent.com/PokeAPI/sprites/master/sprites/pokemon/back/827.png
828,thievul,12,199,['dark'],"['run-away', 'unburden', 'stakeout']","{'hp': 70, 'attack': 58, 'defense': 58, 'special-attack': 87, 'special-defense': 92, 'speed': 90}",https://raw.githubusercontent.com/PokeAPI/sprites/master/sprites/pokemon/828.png,https://raw.githubusercontent.com/PokeAPI/sprites/master/sprites/pokemon/back/828.png
829,gossifleur,4,22,['grass'],"['cotton-down', 'regenerator', 'effect-spore']","{'hp': 40, 'attack': 40, 'defense': 60, 'special-attack': 40, 'special-defense': 60, 'speed': 10}",https://raw.githubusercontent.com/PokeAPI/sprites/master/sprites/pokemon/829.png,https://raw.githubusercontent.com/PokeAPI/sprites/master/sprites/pokemon/back/829.png
830,eldegoss,5,25,['grass'],"['cotton-down', 'regenerator', 'effect-spore']","{'hp': 60, 'attack': 50, 'defense': 90, 'special-attack': 80, 'special-defense': 120, 'speed': 60}",https://raw.githubusercontent.com/PokeAPI/sprites/master/sprites/pokemon/830.png,https://raw.githubusercontent.com/PokeAPI/sprites/master/sprites/pokemon/back/830.png
831,wooloo,6,60,['normal'],"['fluffy', 'run-away', 'bulletproof']","{'hp': 42, 'attack': 40, 'defense': 55, 'special-attack': 40, 'special-defense': 45, 'speed': 48}",https://raw.githubusercontent.com/PokeAPI/sprites/master/sprites/pokemon/831.png,https://raw.githubusercontent.com/PokeAPI/sprites/master/sprites/pokemon/back/831.png
832,dubwool,13,430,['normal'],"['fluffy', 'steadfast', 'bulletproof']","{'hp': 72, 'attack': 80, 'defense': 100, 'special-attack': 60, 'special-defense': 90, 'speed': 88}",https://raw.githubusercontent.com/PokeAPI/sprites/master/sprites/pokemon/832.png,https://raw.githubusercontent.com/PokeAPI/sprites/master/sprites/pokemon/back/832.png
833,chewtle,3,85,['water'],"['strong-jaw', 'shell-armor', 'swift-swim']","{'hp': 50, 'attack': 64, 'defense': 50, 'special-attack': 38, 'special-defense': 38, 'speed': 44}",https://raw.githubusercontent.com/PokeAPI/sprites/master/sprites/pokemon/833.png,https://raw.githubusercontent.com/PokeAPI/sprites/master/sprites/pokemon/back/833.png
834,drednaw,10,1155,"['water', 'rock']","['strong-jaw', 'shell-armor', 'swift-swim']","{'hp': 90, 'attack': 115, 'defense': 90, 'special-attack': 48, 'special-defense': 68, 'speed': 74}",https://raw.githubusercontent.com/PokeAPI/sprites/master/sprites/pokemon/834.png,https://raw.githubusercontent.com/PokeAPI/sprites/master/sprites/pokemon/back/834.png
835,yamper,3,135,['electric'],"['ball-fetch', 'rattled']","{'hp': 59, 'attack': 45, 'defense': 50, 'special-attack': 40, 'special-defense': 50, 'speed': 26}",https://raw.githubusercontent.com/PokeAPI/sprites/master/sprites/pokemon/835.png,https://raw.githubusercontent.com/PokeAPI/sprites/master/sprites/pokemon/back/835.png
836,boltund,10,340,['electric'],"['strong-jaw', 'competitive']","{'hp': 69, 'attack': 90, 'defense': 60, 'special-attack': 90, 'special-defense': 60, 'speed': 121}",https://raw.githubusercontent.com/PokeAPI/sprites/master/sprites/pokemon/836.png,https://raw.githubusercontent.com/PokeAPI/sprites/master/sprites/pokemon/back/836.png
837,rolycoly,3,120,['rock'],"['steam-engine', 'heatproof', 'flash-fire']","{'hp': 30, 'attack': 40, 'defense': 50, 'special-attack': 40, 'special-defense': 50, 'speed': 30}",https://raw.githubusercontent.com/PokeAPI/sprites/master/sprites/pokemon/837.png,https://raw.githubusercontent.com/PokeAPI/sprites/master/sprites/pokemon/back/837.png
838,carkol,11,780,"['rock', 'fire']","['steam-engine', 'flame-body', 'flash-fire']","{'hp': 80, 'attack': 60, 'defense': 90, 'special-attack': 60, 'special-defense': 70, 'speed': 50}",https://raw.githubusercontent.com/PokeAPI/sprites/master/sprites/pokemon/838.png,https://raw.githubusercontent.com/PokeAPI/sprites/master/sprites/pokemon/back/838.png
839,coalossal,28,3105,"['rock', 'fire']","['steam-engine', 'flame-body', 'flash-fire']","{'hp': 110, 'attack': 80, 'defense': 120, 'special-attack': 80, 'special-defense': 90, 'speed': 30}",https://raw.githubusercontent.com/PokeAPI/sprites/master/sprites/pokemon/839.png,https://raw.githubusercontent.com/PokeAPI/sprites/master/sprites/pokemon/back/839.png
840,applin,2,5,"['grass', 'dragon']","['ripen', 'gluttony', 'bulletproof']","{'hp': 40, 'attack': 40, 'defense': 80, 'special-attack': 40, 'special-defense': 40, 'speed': 20}",https://raw.githubusercontent.com/PokeAPI/sprites/master/sprites/pokemon/840.png,https://raw.githubusercontent.com/PokeAPI/sprites/master/sprites/pokemon/back/840.png
841,flapple,3,10,"['grass', 'dragon']","['ripen', 'gluttony', 'hustle']","{'hp': 70, 'attack': 110, 'defense': 80, 'special-attack': 95, 'special-defense': 60, 'speed': 70}",https://raw.githubusercontent.com/PokeAPI/sprites/master/sprites/pokemon/841.png,https://raw.githubusercontent.com/PokeAPI/sprites/master/sprites/pokemon/back/841.png
842,appletun,4,130,"['grass', 'dragon']","['ripen', 'gluttony', 'thick-fat']","{'hp': 110, 'attack': 85, 'defense': 80, 'special-attack': 100, 'special-defense': 80, 'speed': 30}",https://raw.githubusercontent.com/PokeAPI/sprites/master/sprites/pokemon/842.png,https://raw.githubusercontent.com/PokeAPI/sprites/master/sprites/pokemon/back/842.png
843,silicobra,22,76,['ground'],"['sand-spit', 'shed-skin', 'sand-veil']","{'hp': 52, 'attack': 57, 'defense': 75, 'special-attack': 35, 'special-defense': 50, 'speed': 46}",https://raw.githubusercontent.com/PokeAPI/sprites/master/sprites/pokemon/843.png,https://raw.githubusercontent.com/PokeAPI/sprites/master/sprites/pokemon/back/843.png
844,sandaconda,38,655,['ground'],"['sand-spit', 'shed-skin', 'sand-veil']","{'hp': 72, 'attack': 107, 'defense': 125, 'special-attack': 65, 'special-defense': 70, 'speed': 71}",https://raw.githubusercontent.com/PokeAPI/sprites/master/sprites/pokemon/844.png,https://raw.githubusercontent.com/PokeAPI/sprites/master/sprites/pokemon/back/844.png
845,cramorant,8,180,"['flying', 'water']",['gulp-missile'],"{'hp': 70, 'attack': 85, 'defense': 55, 'special-attack': 85, 'special-defense': 95, 'speed': 85}",https://raw.githubusercontent.com/PokeAPI/sprites/master/sprites/pokemon/845.png,https://raw.githubusercontent.com/PokeAPI/sprites/master/sprites/pokemon/back/845.png
846,arrokuda,5,10,['water'],"['swift-swim', 'propeller-tail']","{'hp': 41, 'attack': 63, 'defense': 40, 'special-attack': 40, 'special-defense': 30, 'speed': 66}",https://raw.githubusercontent.com/PokeAPI/sprites/master/sprites/pokemon/846.png,https://raw.githubusercontent.com/PokeAPI/sprites/master/sprites/pokemon/back/846.png
847,barraskewda,13,300,['water'],"['swift-swim', 'propeller-tail']","{'hp': 61, 'attack': 123, 'defense': 60, 'special-attack': 60, 'special-defense': 50, 'speed': 136}",https://raw.githubusercontent.com/PokeAPI/sprites/master/sprites/pokemon/847.png,https://raw.githubusercontent.com/PokeAPI/sprites/master/sprites/pokemon/back/847.png
848,toxel,4,110,"['electric', 'poison']","['rattled', 'static', 'klutz']","{'hp': 40, 'attack': 38, 'defense': 35, 'special-attack': 54, 'special-defense': 35, 'speed': 40}",https://raw.githubusercontent.com/PokeAPI/sprites/master/sprites/pokemon/848.png,https://raw.githubusercontent.com/PokeAPI/sprites/master/sprites/pokemon/back/848.png
849,toxtricity-amped,16,400,"['electric', 'poison']","['punk-rock', 'plus', 'technician']","{'hp': 75, 'attack': 98, 'defense': 70, 'special-attack': 114, 'special-defense': 70, 'speed': 75}",https://raw.githubusercontent.com/PokeAPI/sprites/master/sprites/pokemon/849.png,https://raw.githubusercontent.com/PokeAPI/sprites/master/sprites/pokemon/back/849.png
850,sizzlipede,7,10,"['fire', 'bug']","['flash-fire', 'white-smoke', 'flame-body']","{'hp': 50, 'attack': 65, 'defense': 45, 'special-attack': 50, 'special-defense': 50, 'speed': 45}",https://raw.githubusercontent.com/PokeAPI/sprites/master/sprites/pokemon/850.png,https://raw.githubusercontent.com/PokeAPI/sprites/master/sprites/pokemon/back/850.png
851,centiskorch,30,1200,"['fire', 'bug']","['flash-fire', 'white-smoke', 'flame-body']","{'hp': 100, 'attack': 115, 'defense': 65, 'special-attack': 90, 'special-defense': 90, 'speed': 65}",https://raw.githubusercontent.com/PokeAPI/sprites/master/sprites/pokemon/851.png,https://raw.githubusercontent.com/PokeAPI/sprites/master/sprites/pokemon/back/851.png
852,clobbopus,6,40,['fighting'],"['limber', 'technician']","{'hp': 50, 'attack': 68, 'defense': 60, 'special-attack': 50, 'special-defense': 50, 'speed': 32}",https://raw.githubusercontent.com/PokeAPI/sprites/master/sprites/pokemon/852.png,https://raw.githubusercontent.com/PokeAPI/sprites/master/sprites/pokemon/back/852.png
853,grapploct,16,390,['fighting'],"['limber', 'technician']","{'hp': 80, 'attack': 118, 'defense': 90, 'special-attack': 70, 'special-defense': 80, 'speed': 42}",https://raw.githubusercontent.com/PokeAPI/sprites/master/sprites/pokemon/853.png,https://raw.githubusercontent.com/PokeAPI/sprites/master/sprites/pokemon/back/853.png
854,sinistea,1,2,['ghost'],"['weak-armor', 'cursed-body']","{'hp': 40, 'attack': 45, 'defense': 45, 'special-attack': 74, 'special-defense': 54, 'speed': 50}",https://raw.githubusercontent.com/PokeAPI/sprites/master/sprites/pokemon/854.png,https://raw.githubusercontent.com/PokeAPI/sprites/master/sprites/pokemon/back/854.png
855,polteageist,2,4,['ghost'],"['weak-armor', 'cursed-body']","{'hp': 60, 'attack': 65, 'defense': 65, 'special-attack': 134, 'special-defense': 114, 'speed': 70}",https://raw.githubusercontent.com/PokeAPI/sprites/master/sprites/pokemon/855.png,https://raw.githubusercontent.com/PokeAPI/sprites/master/sprites/pokemon/back/855.png
856,hatenna,4,34,['psychic'],"['healer', 'anticipation', 'magic-bounce']","{'hp': 42, 'attack': 30, 'defense': 45, 'special-attack': 56, 'special-defense': 53, 'speed': 39}",https://raw.githubusercontent.com/PokeAPI/sprites/master/sprites/pokemon/856.png,https://raw.githubusercontent.com/PokeAPI/sprites/master/sprites/pokemon/back/856.png
857,hattrem,6,48,['psychic'],"['healer', 'anticipation', 'magic-bounce']","{'hp': 57, 'attack': 40, 'defense': 65, 'special-attack': 86, 'special-defense': 73, 'speed': 49}",https://raw.githubusercontent.com/PokeAPI/sprites/master/sprites/pokemon/857.png,https://raw.githubusercontent.com/PokeAPI/sprites/master/sprites/pokemon/back/857.png
858,hatterene,21,51,"['psychic', 'fairy']","['healer', 'anticipation', 'magic-bounce']","{'hp': 57, 'attack': 90, 'defense': 95, 'special-attack': 136, 'special-defense': 103, 'speed': 29}",https://raw.githubusercontent.com/PokeAPI/sprites/master/sprites/pokemon/858.png,https://raw.githubusercontent.com/PokeAPI/sprites/master/sprites/pokemon/back/858.png
859,impidimp,4,55,"['dark', 'fairy']","['prankster', 'frisk', 'pickpocket']","{'hp': 45, 'attack': 45, 'defense': 30, 'special-attack': 55, 'special-defense': 40, 'speed': 50}",https://raw.githubusercontent.com/PokeAPI/sprites/master/sprites/pokemon/859.png,https://raw.githubusercontent.com/PokeAPI/sprites/master/sprites/pokemon/back/859.png
860,morgrem,8,125,"['dark', 'fairy']","['prankster', 'frisk', 'pickpocket']","{'hp': 65, 'attack': 60, 'defense': 45, 'special-attack': 75, 'special-defense': 55, 'speed': 70}",https://raw.githubusercontent.com/PokeAPI/sprites/master/sprites/pokemon/860.png,https://raw.githubusercontent.com/PokeAPI/sprites/master/sprites/pokemon/back/860.png
861,grimmsnarl,15,610,"['dark', 'fairy']","['prankster', 'frisk', 'pickpocket']","{'hp': 95, 'attack': 120, 'defense': 65, 'special-attack': 95, 'special-defense': 75, 'speed': 60}",https://raw.githubusercontent.com/PokeAPI/sprites/master/sprites/pokemon/861.png,https://raw.githubusercontent.com/PokeAPI/sprites/master/sprites/pokemon/back/861.png
862,obstagoon,16,460,"['dark', 'normal']","['reckless', 'guts', 'defiant']","{'hp': 93, 'attack': 90, 'defense': 101, 'special-attack': 60, 'special-defense': 81, 'speed': 95}",https://raw.githubusercontent.com/PokeAPI/sprites/master/sprites/pokemon/862.png,https://raw.githubusercontent.com/PokeAPI/sprites/master/sprites/pokemon/back/862.png
863,perrserker,8,280,['steel'],"['battle-armor', 'tough-claws', 'steely-spirit']","{'hp': 70, 'attack': 110, 'defense': 100, 'special-attack': 50, 'special-defense': 60, 'speed': 50}",https://raw.githubusercontent.com/PokeAPI/sprites/master/sprites/pokemon/863.png,https://raw.githubusercontent.com/PokeAPI/sprites/master/sprites/pokemon/back/863.png
864,cursola,10,4,['ghost'],"['weak-armor', 'perish-body']","{'hp': 60, 'attack': 95, 'defense': 50, 'special-attack': 145, 'special-defense': 130, 'speed': 30}",https://raw.githubusercontent.com/PokeAPI/sprites/master/sprites/pokemon/864.png,https://raw.githubusercontent.com/PokeAPI/sprites/master/sprites/pokemon/back/864.png
865,sirfetchd,8,1170,['fighting'],"['steadfast', 'scrappy']","{'hp': 62, 'attack': 135, 'defense': 95, 'special-attack': 68, 'special-defense': 82, 'speed': 65}",https://raw.githubusercontent.com/PokeAPI/sprites/master/sprites/pokemon/865.png,https://raw.githubusercontent.com/PokeAPI/sprites/master/sprites/pokemon/back/865.png
866,mr-rime,15,582,"['ice', 'psychic']","['tangled-feet', 'screen-cleaner', 'ice-body']","{'hp': 80, 'attack': 85, 'defense': 75, 'special-attack': 110, 'special-defense': 100, 'speed': 70}",https://raw.githubusercontent.com/PokeAPI/sprites/master/sprites/pokemon/866.png,https://raw.githubusercontent.com/PokeAPI/sprites/master/sprites/pokemon/back/866.png
867,runerigus,16,666,"['ground', 'ghost']",['wandering-spirit'],"{'hp': 58, 'attack': 95, 'defense': 145, 'special-attack': 50, 'special-defense': 105, 'speed': 30}",https://raw.githubusercontent.com/PokeAPI/sprites/master/sprites/pokemon/867.png,https://raw.githubusercontent.com/PokeAPI/sprites/master/sprites/pokemon/back/867.png
868,milcery,2,3,['fairy'],"['sweet-veil', 'aroma-veil']","{'hp': 45, 'attack': 40, 'defense': 40, 'special-attack': 50, 'special-defense': 61, 'speed': 34}",https://raw.githubusercontent.com/PokeAPI/sprites/master/sprites/pokemon/868.png,https://raw.githubusercontent.com/PokeAPI/sprites/master/sprites/pokemon/back/868.png
869,alcremie,3,5,['fairy'],"['sweet-veil', 'aroma-veil']","{'hp': 65, 'attack': 60, 'defense': 75, 'special-attack': 110, 'special-defense': 121, 'speed': 64}",https://raw.githubusercontent.com/PokeAPI/sprites/master/sprites/pokemon/869.png,https://raw.githubusercontent.com/PokeAPI/sprites/master/sprites/pokemon/back/869.png
870,falinks,30,620,['fighting'],"['battle-armor', 'defiant']","{'hp': 65, 'attack': 100, 'defense': 100, 'special-attack': 70, 'special-defense': 60, 'speed': 75}",https://raw.githubusercontent.com/PokeAPI/sprites/master/sprites/pokemon/870.png,https://raw.githubusercontent.com/PokeAPI/sprites/master/sprites/pokemon/back/870.png
871,pincurchin,3,10,['electric'],"['lightning-rod', 'electric-surge']","{'hp': 48, 'attack': 101, 'defense': 95, 'special-attack': 91, 'special-defense': 85, 'speed': 15}",https://raw.githubusercontent.com/PokeAPI/sprites/master/sprites/pokemon/871.png,https://raw.githubusercontent.com/PokeAPI/sprites/master/sprites/pokemon/back/871.png
872,snom,3,38,"['ice', 'bug']","['shield-dust', 'ice-scales']","{'hp': 30, 'attack': 25, 'defense': 35, 'special-attack': 45, 'special-defense': 30, 'speed': 20}",https://raw.githubusercontent.com/PokeAPI/sprites/master/sprites/pokemon/872.png,https://raw.githubusercontent.com/PokeAPI/sprites/master/sprites/pokemon/back/872.png
873,frosmoth,13,420,"['ice', 'bug']","['shield-dust', 'ice-scales']","{'hp': 70, 'attack': 65, 'defense': 60, 'special-attack': 125, 'special-defense': 90, 'speed': 65}",https://raw.githubusercontent.com/PokeAPI/sprites/master/sprites/pokemon/873.png,https://raw.githubusercontent.com/PokeAPI/sprites/master/sprites/pokemon/back/873.png
874,stonjourner,25,5200,['rock'],['power-spot'],"{'hp': 100, 'attack': 125, 'defense': 135, 'special-attack': 20, 'special-defense': 20, 'speed': 70}",https://raw.githubusercontent.com/PokeAPI/sprites/master/sprites/pokemon/874.png,https://raw.githubusercontent.com/PokeAPI/sprites/master/sprites/pokemon/back/874.png
875,eiscue-ice,14,890,['ice'],['ice-face'],"{'hp': 75, 'attack': 80, 'defense': 110, 'special-attack': 65, 'special-defense': 90, 'speed': 50}",https://raw.githubusercontent.com/PokeAPI/sprites/master/sprites/pokemon/875.png,https://raw.githubusercontent.com/PokeAPI/sprites/master/sprites/pokemon/back/875.png
876,indeedee-male,9,280,"['psychic', 'normal']","['inner-focus', 'synchronize', 'psychic-surge']","{'hp': 60, 'attack': 65, 'defense': 55, 'special-attack': 105, 'special-defense': 95, 'speed': 95}",https://raw.githubusercontent.com/PokeAPI/sprites/master/sprites/pokemon/876.png,https://raw.githubusercontent.com/PokeAPI/sprites/master/sprites/pokemon/back/876.png
877,morpeko-full-belly,3,30,"['electric', 'dark']",['hunger-switch'],"{'hp': 58, 'attack': 95, 'defense': 58, 'special-attack': 70, 'special-defense': 58, 'speed': 97}",https://raw.githubusercontent.com/PokeAPI/sprites/master/sprites/pokemon/877.png,https://raw.githubusercontent.com/PokeAPI/sprites/master/sprites/pokemon/back/877.png
878,cufant,12,1000,['steel'],"['sheer-force', 'heavy-metal']","{'hp': 72, 'attack': 80, 'defense': 49, 'special-attack': 40, 'special-defense': 49, 'speed': 40}",https://raw.githubusercontent.com/PokeAPI/sprites/master/sprites/pokemon/878.png,https://raw.githubusercontent.com/PokeAPI/sprites/master/sprites/pokemon/back/878.png
879,copperajah,30,6500,['steel'],"['sheer-force', 'heavy-metal']","{'hp': 122, 'attack': 130, 'defense': 69, 'special-attack': 80, 'special-defense': 69, 'speed': 30}",https://raw.githubusercontent.com/PokeAPI/sprites/master/sprites/pokemon/879.png,https://raw.githubusercontent.com/PokeAPI/sprites/master/sprites/pokemon/back/879.png
880,dracozolt,18,1900,"['electric', 'dragon']","['volt-absorb', 'hustle', 'sand-rush']","{'hp': 90, 'attack': 100, 'defense': 90, 'special-attack': 80, 'special-defense': 70, 'speed': 75}",https://raw.githubusercontent.com/PokeAPI/sprites/master/sprites/pokemon/880.png,https://raw.githubusercontent.com/PokeAPI/sprites/master/sprites/pokemon/back/880.png
881,arctozolt,23,1500,"['electric', 'ice']","['volt-absorb', 'static', 'slush-rush']","{'hp': 90, 'attack': 100, 'defense': 90, 'special-attack': 90, 'special-defense': 80, 'speed': 55}",https://raw.githubusercontent.com/PokeAPI/sprites/master/sprites/pokemon/881.png,https://raw.githubusercontent.com/PokeAPI/sprites/master/sprites/pokemon/back/881.png
882,dracovish,23,2150,"['water', 'dragon']","['water-absorb', 'strong-jaw', 'sand-rush']","{'hp': 90, 'attack': 90, 'defense': 100, 'special-attack': 70, 'special-defense': 80, 'speed': 75}",https://raw.githubusercontent.com/PokeAPI/sprites/master/sprites/pokemon/882.png,https://raw.githubusercontent.com/PokeAPI/sprites/master/sprites/pokemon/back/882.png
883,arctovish,20,1750,"['water', 'ice']","['water-absorb', 'ice-body', 'slush-rush']","{'hp': 90, 'attack': 90, 'defense': 100, 'special-attack': 80, 'special-defense': 90, 'speed': 55}",https://raw.githubusercontent.com/PokeAPI/sprites/master/sprites/pokemon/883.png,https://raw.githubusercontent.com/PokeAPI/sprites/master/sprites/pokemon/back/883.png
884,duraludon,18,400,"['steel', 'dragon']","['light-metal', 'heavy-metal', 'stalwart']","{'hp': 70, 'attack': 95, 'defense': 115, 'special-attack': 120, 'special-defense': 50, 'speed': 85}",https://raw.githubusercontent.com/PokeAPI/sprites/master/sprites/pokemon/884.png,https://raw.githubusercontent.com/PokeAPI/sprites/master/sprites/pokemon/back/884.png
885,dreepy,5,20,"['dragon', 'ghost']","['clear-body', 'infiltrator', 'cursed-body']","{'hp': 28, 'attack': 60, 'defense': 30, 'special-attack': 40, 'special-defense': 30, 'speed': 82}",https://raw.githubusercontent.com/PokeAPI/sprites/master/sprites/pokemon/885.png,https://raw.githubusercontent.com/PokeAPI/sprites/master/sprites/pokemon/back/885.png
886,drakloak,14,110,"['dragon', 'ghost']","['clear-body', 'infiltrator', 'cursed-body']","{'hp': 68, 'attack': 80, 'defense': 50, 'special-attack': 60, 'special-defense': 50, 'speed': 102}",https://raw.githubusercontent.com/PokeAPI/sprites/master/sprites/pokemon/886.png,https://raw.githubusercontent.com/PokeAPI/sprites/master/sprites/pokemon/back/886.png
887,dragapult,30,500,"['dragon', 'ghost']","['clear-body', 'infiltrator', 'cursed-body']","{'hp': 88, 'attack': 120, 'defense': 75, 'special-attack': 100, 'special-defense': 75, 'speed': 142}",https://raw.githubusercontent.com/PokeAPI/sprites/master/sprites/pokemon/887.png,https://raw.githubusercontent.com/PokeAPI/sprites/master/sprites/pokemon/back/887.png
888,zacian,28,1100,['fairy'],['intrepid-sword'],"{'hp': 92, 'attack': 120, 'defense': 115, 'special-attack': 80, 'special-defense': 115, 'speed': 138}",https://raw.githubusercontent.com/PokeAPI/sprites/master/sprites/pokemon/888.png,https://raw.githubusercontent.com/PokeAPI/sprites/master/sprites/pokemon/back/888.png
889,zamazenta,29,2100,['fighting'],['dauntless-shield'],"{'hp': 92, 'attack': 120, 'defense': 115, 'special-attack': 80, 'special-defense': 115, 'speed': 138}",https://raw.githubusercontent.com/PokeAPI/sprites/master/sprites/pokemon/889.png,https://raw.githubusercontent.com/PokeAPI/sprites/master/sprites/pokemon/back/889.png
890,eternatus,200,9500,"['poison', 'dragon']",['pressure'],"{'hp': 140, 'attack': 85, 'defense': 95, 'special-attack': 145, 'special-defense': 95, 'speed': 130}",https://raw.githubusercontent.com/PokeAPI/sprites/master/sprites/pokemon/890.png,https://raw.githubusercontent.com/PokeAPI/sprites/master/sprites/pokemon/back/890.png
891,kubfu,6,120,['fighting'],['inner-focus'],"{'hp': 60, 'attack': 90, 'defense': 60, 'special-attack': 53, 'special-defense': 50, 'speed': 72}",https://raw.githubusercontent.com/PokeAPI/sprites/master/sprites/pokemon/891.png,https://raw.githubusercontent.com/PokeAPI/sprites/master/sprites/pokemon/back/891.png
892,urshifu-single-strike,19,1050,"['fighting', 'dark']",['unseen-fist'],"{'hp': 100, 'attack': 130, 'defense': 100, 'special-attack': 63, 'special-defense': 60, 'speed': 97}",https://raw.githubusercontent.com/PokeAPI/sprites/master/sprites/pokemon/892.png,https://raw.githubusercontent.com/PokeAPI/sprites/master/sprites/pokemon/back/892.png
893,zarude,18,700,"['dark', 'grass']",['leaf-guard'],"{'hp': 105, 'attack': 120, 'defense': 105, 'special-attack': 70, 'special-defense': 95, 'speed': 105}",https://raw.githubusercontent.com/PokeAPI/sprites/master/sprites/pokemon/893.png,https://raw.githubusercontent.com/PokeAPI/sprites/master/sprites/pokemon/back/893.png
894,regieleki,12,1450,['electric'],['transistor'],"{'hp': 80, 'attack': 100, 'defense': 50, 'special-attack': 100, 'special-defense': 50, 'speed': 200}",https://raw.githubusercontent.com/PokeAPI/sprites/master/sprites/pokemon/894.png,https://raw.githubusercontent.com/PokeAPI/sprites/master/sprites/pokemon/back/894.png
895,regidrago,21,2000,['dragon'],['dragons-maw'],"{'hp': 200, 'attack': 100, 'defense': 50, 'special-attack': 100, 'special-defense': 50, 'speed': 80}",https://raw.githubusercontent.com/PokeAPI/sprites/master/sprites/pokemon/895.png,https://raw.githubusercontent.com/PokeAPI/sprites/master/sprites/pokemon/back/895.png
896,glastrier,22,8000,['ice'],['chilling-neigh'],"{'hp': 100, 'attack': 145, 'defense': 130, 'special-attack': 65, 'special-defense': 110, 'speed': 30}",https://raw.githubusercontent.com/PokeAPI/sprites/master/sprites/pokemon/896.png,https://raw.githubusercontent.com/PokeAPI/sprites/master/sprites/pokemon/back/896.png
897,spectrier,20,445,['ghost'],['grim-neigh'],"{'hp': 100, 'attack': 65, 'defense': 60, 'special-attack': 145, 'special-defense': 80, 'speed': 130}",https://raw.githubusercontent.com/PokeAPI/sprites/master/sprites/pokemon/897.png,https://raw.githubusercontent.com/PokeAPI/sprites/master/sprites/pokemon/back/897.png
898,calyrex,11,77,"['psychic', 'grass']",['unnerve'],"{'hp': 100, 'attack': 80, 'defense': 80, 'special-attack': 80, 'special-defense': 80, 'speed': 80}",https://raw.githubusercontent.com/PokeAPI/sprites/master/sprites/pokemon/898.png,https://raw.githubusercontent.com/PokeAPI/sprites/master/sprites/pokemon/back/898.png
899,wyrdeer,18,951,"['normal', 'psychic']","['intimidate', 'frisk', 'sap-sipper']","{'hp': 103, 'attack': 105, 'defense': 72, 'special-attack': 105, 'special-defense': 75, 'speed': 65}",https://raw.githubusercontent.com/PokeAPI/sprites/master/sprites/pokemon/899.png,
900,kleavor,18,890,"['bug', 'rock']","['swarm', 'sheer-force', 'sharpness']","{'hp': 70, 'attack': 135, 'defense': 95, 'special-attack': 45, 'special-defense': 70, 'speed': 85}",https://raw.githubusercontent.com/PokeAPI/sprites/master/sprites/pokemon/900.png,
901,ursaluna,24,2900,"['ground', 'normal']","['guts', 'bulletproof', 'unnerve']","{'hp': 130, 'attack': 140, 'defense': 105, 'special-attack': 45, 'special-defense': 80, 'speed': 50}",https://raw.githubusercontent.com/PokeAPI/sprites/master/sprites/pokemon/901.png,
902,basculegion-male,30,1100,"['water', 'ghost']","['swift-swim', 'adaptability', 'mold-breaker']","{'hp': 120, 'attack': 112, 'defense': 65, 'special-attack': 80, 'special-defense': 75, 'speed': 78}",https://raw.githubusercontent.com/PokeAPI/sprites/master/sprites/pokemon/902.png,
903,sneasler,13,430,"['fighting', 'poison']","['pressure', 'unburden', 'poison-touch']","{'hp': 80, 'attack': 130, 'defense': 60, 'special-attack': 40, 'special-defense': 80, 'speed': 120}",https://raw.githubusercontent.com/PokeAPI/sprites/master/sprites/pokemon/903.png,
904,overqwil,25,605,"['dark', 'poison']","['poison-point', 'swift-swim', 'intimidate']","{'hp': 85, 'attack': 115, 'defense': 95, 'special-attack': 65, 'special-defense': 65, 'speed': 85}",https://raw.githubusercontent.com/PokeAPI/sprites/master/sprites/pokemon/904.png,
905,enamorus-incarnate,16,480,"['fairy', 'flying']","['cute-charm', 'contrary']","{'hp': 74, 'attack': 115, 'defense': 70, 'special-attack': 135, 'special-defense': 80, 'speed': 106}",https://raw.githubusercontent.com/PokeAPI/sprites/master/sprites/pokemon/905.png,
906,sprigatito,4,41,['grass'],"['overgrow', 'protean']","{'hp': 40, 'attack': 61, 'defense': 54, 'special-attack': 45, 'special-defense': 45, 'speed': 65}",https://raw.githubusercontent.com/PokeAPI/sprites/master/sprites/pokemon/906.png,
907,floragato,9,122,['grass'],"['overgrow', 'protean']","{'hp': 61, 'attack': 80, 'defense': 63, 'special-attack': 60, 'special-defense': 63, 'speed': 83}",https://raw.githubusercontent.com/PokeAPI/sprites/master/sprites/pokemon/907.png,
908,meowscarada,15,312,"['grass', 'dark']","['overgrow', 'protean']","{'hp': 76, 'attack': 110, 'defense': 70, 'special-attack': 81, 'special-defense': 70, 'speed': 123}",https://raw.githubusercontent.com/PokeAPI/sprites/master/sprites/pokemon/908.png,
909,fuecoco,4,98,['fire'],"['blaze', 'unaware']","{'hp': 67, 'attack': 45, 'defense': 59, 'special-attack': 63, 'special-defense': 40, 'speed': 36}",https://raw.githubusercontent.com/PokeAPI/sprites/master/sprites/pokemon/909.png,
910,crocalor,10,307,['fire'],"['blaze', 'unaware']","{'hp': 81, 'attack': 55, 'defense': 78, 'special-attack': 90, 'special-defense': 58, 'speed': 49}",https://raw.githubusercontent.com/PokeAPI/sprites/master/sprites/pokemon/910.png,
911,skeledirge,16,3265,"['fire', 'ghost']","['blaze', 'unaware']","{'hp': 104, 'attack': 75, 'defense': 100, 'special-attack': 110, 'special-defense': 75, 'speed': 66}",https://raw.githubusercontent.com/PokeAPI/sprites/master/sprites/pokemon/911.png,
912,quaxly,5,61,['water'],"['torrent', 'moxie']","{'hp': 55, 'attack': 65, 'defense': 45, 'special-attack': 50, 'special-defense': 45, 'speed': 50}",https://raw.githubusercontent.com/PokeAPI/sprites/master/sprites/pokemon/912.png,
913,quaxwell,12,215,['water'],"['torrent', 'moxie']","{'hp': 70, 'attack': 85, 'defense': 65, 'special-attack': 65, 'special-defense': 60, 'speed': 65}",https://raw.githubusercontent.com/PokeAPI/sprites/master/sprites/pokemon/913.png,
914,quaquaval,18,619,"['water', 'fighting']","['torrent', 'moxie']","{'hp': 85, 'attack': 120, 'defense': 80, 'special-attack': 85, 'special-defense': 75, 'speed': 85}",https://raw.githubusercontent.com/PokeAPI/sprites/master/sprites/pokemon/914.png,
915,lechonk,5,102,['normal'],"['aroma-veil', 'gluttony', 'thick-fat']","{'hp': 54, 'attack': 45, 'defense': 40, 'special-attack': 35, 'special-defense': 45, 'speed': 35}",https://raw.githubusercontent.com/PokeAPI/sprites/master/sprites/pokemon/915.png,
916,oinkologne-male,10,1200,['normal'],"['lingering-aroma', 'gluttony', 'thick-fat']","{'hp': 110, 'attack': 100, 'defense': 75, 'special-attack': 59, 'special-defense': 80, 'speed': 65}",https://raw.githubusercontent.com/PokeAPI/sprites/master/sprites/pokemon/916.png,
917,tarountula,3,40,['bug'],"['insomnia', 'stakeout']","{'hp': 35, 'attack': 41, 'defense': 45, 'special-attack': 29, 'special-defense': 40, 'speed': 20}",https://raw.githubusercontent.com/PokeAPI/sprites/master/sprites/pokemon/917.png,
918,spidops,10,165,['bug'],"['insomnia', 'stakeout']","{'hp': 60, 'attack': 79, 'defense': 92, 'special-attack': 52, 'special-defense': 86, 'speed': 35}",https://raw.githubusercontent.com/PokeAPI/sprites/master/sprites/pokemon/918.png,
919,nymble,2,10,['bug'],"['swarm', 'tinted-lens']","{'hp': 33, 'attack': 46, 'defense': 40, 'special-attack': 21, 'special-defense': 25, 'speed': 45}",https://raw.githubusercontent.com/PokeAPI/sprites/master/sprites/pokemon/919.png,
920,lokix,10,175,"['bug', 'dark']","['swarm', 'tinted-lens']","{'hp': 71, 'attack': 102, 'defense': 78, 'special-attack': 52, 'special-defense': 55, 'speed': 92}",https://raw.githubusercontent.com/PokeAPI/sprites/master/sprites/pokemon/920.png,
921,pawmi,3,25,['electric'],"['static', 'natural-cure', 'iron-fist']","{'hp': 45, 'attack': 50, 'defense': 20, 'special-attack': 40, 'special-defense': 25, 'speed': 60}",https://raw.githubusercontent.com/PokeAPI/sprites/master/sprites/pokemon/921.png,
922,pawmo,4,65,"['electric', 'fighting']","['volt-absorb', 'natural-cure', 'iron-fist']","{'hp': 60, 'attack': 75, 'defense': 40, 'special-attack': 50, 'special-defense': 40, 'speed': 85}",https://raw.githubusercontent.com/PokeAPI/sprites/master/sprites/pokemon/922.png,
923,pawmot,9,410,"['electric', 'fighting']","['volt-absorb', 'natural-cure', 'iron-fist']","{'hp': 70, 'attack': 115, 'defense': 70, 'special-attack': 70, 'special-defense': 60, 'speed': 105}",https://raw.githubusercontent.com/PokeAPI/sprites/master/sprites/pokemon/923.png,
924,tandemaus,3,18,['normal'],"['run-away', 'pickup', 'own-tempo']","{'hp': 50, 'attack': 50, 'defense': 45, 'special-attack': 40, 'special-defense': 45, 'speed': 75}",https://raw.githubusercontent.com/PokeAPI/sprites/master/sprites/pokemon/924.png,
925,maushold-family-of-four,3,23,['normal'],"['friend-guard', 'cheek-pouch', 'technician']","{'hp': 74, 'attack': 75, 'defense': 70, 'special-attack': 65, 'special-defense': 75, 'speed': 111}",https://raw.githubusercontent.com/PokeAPI/sprites/master/sprites/pokemon/925.png,
926,fidough,3,109,['fairy'],"['own-tempo', 'klutz']","{'hp': 37, 'attack': 55, 'defense': 70, 'special-attack': 30, 'special-defense': 55, 'speed': 65}",https://raw.githubusercontent.com/PokeAPI/sprites/master/sprites/pokemon/926.png,
927,dachsbun,5,149,['fairy'],"['well-baked-body', 'aroma-veil']","{'hp': 57, 'attack': 80, 'defense': 115, 'special-attack': 50, 'special-defense': 80, 'speed': 95}",https://raw.githubusercontent.com/PokeAPI/sprites/master/sprites/pokemon/927.png,
928,smoliv,3,65,"['grass', 'normal']","['early-bird', 'harvest']","{'hp': 41, 'attack': 35, 'defense': 45, 'special-attack': 58, 'special-defense': 51, 'speed': 30}",https://raw.githubusercontent.com/PokeAPI/sprites/master/sprites/pokemon/928.png,
929,dolliv,6,119,"['grass', 'normal']","['early-bird', 'harvest']","{'hp': 52, 'attack': 53, 'defense': 60, 'special-attack': 78, 'special-defense': 78, 'speed': 33}",https://raw.githubusercontent.com/PokeAPI/sprites/master/sprites/pokemon/929.png,
930,arboliva,14,482,"['grass', 'normal']","['seed-sower', 'harvest']","{'hp': 78, 'attack': 69, 'defense': 90, 'special-attack': 125, 'special-defense': 109, 'speed': 39}",https://raw.githubusercontent.com/PokeAPI/sprites/master/sprites/pokemon/930.png,
931,squawkabilly-green-plumage,6,24,"['normal', 'flying']","['intimidate', 'hustle', 'guts']","{'hp': 82, 'attack': 96, 'defense': 51, 'special-attack': 45, 'special-defense': 51, 'speed': 92}",https://raw.githubusercontent.com/PokeAPI/sprites/master/sprites/pokemon/931.png,
932,nacli,4,160,['rock'],"['purifying-salt', 'sturdy', 'clear-body']","{'hp': 55, 'attack': 55, 'defense': 75, 'special-attack': 35, 'special-defense': 35, 'speed': 25}",https://raw.githubusercontent.com/PokeAPI/sprites/master/sprites/pokemon/932.png,
933,naclstack,6,1050,['rock'],"['purifying-salt', 'sturdy', 'clear-body']","{'hp': 60, 'attack': 60, 'defense': 100, 'special-attack': 35, 'special-defense': 65, 'speed': 35}",https://raw.githubusercontent.com/PokeAPI/sprites/master/sprites/pokemon/933.png,
934,garganacl,23,2400,['rock'],"['purifying-salt', 'sturdy', 'clear-body']","{'hp': 100, 'attack': 100, 'defense': 130, 'special-attack': 45, 'special-defense': 90, 'speed': 35}",https://raw.githubusercontent.com/PokeAPI/sprites/master/sprites/pokemon/934.png,
935,charcadet,6,105,['fire'],"['flash-fire', 'flame-body']","{'hp': 40, 'attack': 50, 'defense': 40, 'special-attack': 50, 'special-defense': 40, 'speed': 35}",https://raw.githubusercontent.com/PokeAPI/sprites/master/sprites/pokemon/935.png,
936,armarouge,15,850,"['fire', 'psychic']","['flash-fire', 'weak-armor']","{'hp': 85, 'attack': 60, 'defense': 100, 'special-attack': 125, 'special-defense': 80, 'speed': 75}",https://raw.githubusercontent.com/PokeAPI/sprites/master/sprites/pokemon/936.png,
937,ceruledge,16,620,"['fire', 'ghost']","['flash-fire', 'weak-armor']","{'hp': 75, 'attack': 125, 'defense': 80, 'special-attack': 60, 'special-defense': 100, 'speed': 85}",https://raw.githubusercontent.com/PokeAPI/sprites/master/sprites/pokemon/937.png,
938,tadbulb,3,4,['electric'],"['own-tempo', 'static', 'damp']","{'hp': 61, 'attack': 31, 'defense': 41, 'special-attack': 59, 'special-defense': 35, 'speed': 45}",https://raw.githubusercontent.com/PokeAPI/sprites/master/sprites/pokemon/938.png,
939,bellibolt,12,1130,['electric'],"['electromorphosis', 'static', 'damp']","{'hp': 109, 'attack': 64, 'defense': 91, 'special-attack': 103, 'special-defense': 83, 'speed': 45}",https://raw.githubusercontent.com/PokeAPI/sprites/master/sprites/pokemon/939.png,
940,wattrel,4,36,"['electric', 'flying']","['wind-power', 'volt-absorb', 'competitive']","{'hp': 40, 'attack': 40, 'defense': 35, 'special-attack': 55, 'special-defense': 40, 'speed': 70}",https://raw.githubusercontent.com/PokeAPI/sprites/master/sprites/pokemon/940.png,
941,kilowattrel,14,386,"['electric', 'flying']","['wind-power', 'volt-absorb', 'competitive']","{'hp': 70, 'attack': 70, 'defense': 60, 'special-attack': 105, 'special-defense': 60, 'speed': 125}",https://raw.githubusercontent.com/PokeAPI/sprites/master/sprites/pokemon/941.png,
942,maschiff,5,160,['dark'],"['intimidate', 'run-away', 'stakeout']","{'hp': 60, 'attack': 78, 'defense': 60, 'special-attack': 40, 'special-defense': 51, 'speed': 51}",https://raw.githubusercontent.com/PokeAPI/sprites/master/sprites/pokemon/942.png,
943,mabosstiff,11,610,['dark'],"['intimidate', 'guard-dog', 'stakeout']","{'hp': 80, 'attack': 120, 'defense': 90, 'special-attack': 60, 'special-defense': 70, 'speed': 85}",https://raw.githubusercontent.com/PokeAPI/sprites/master/sprites/pokemon/943.png,
944,shroodle,2,7,"['poison', 'normal']","['unburden', 'pickpocket', 'prankster']","{'hp': 40, 'attack': 65, 'defense': 35, 'special-attack': 40, 'special-defense': 35, 'speed': 75}",https://raw.githubusercontent.com/PokeAPI/sprites/master/sprites/pokemon/944.png,
945,grafaiai,7,272,"['poison', 'normal']","['unburden', 'poison-touch', 'prankster']","{'hp': 63, 'attack': 95, 'defense': 65, 'special-attack': 80, 'special-defense': 72, 'speed': 110}",https://raw.githubusercontent.com/PokeAPI/sprites/master/sprites/pokemon/945.png,
946,bramblin,6,6,"['grass', 'ghost']","['wind-rider', 'infiltrator']","{'hp': 40, 'attack': 65, 'defense': 30, 'special-attack': 45, 'special-defense': 35, 'speed': 60}",https://raw.githubusercontent.com/PokeAPI/sprites/master/sprites/pokemon/946.png,
947,brambleghast,12,60,"['grass', 'ghost']","['wind-rider', 'infiltrator']","{'hp': 55, 'attack': 115, 'defense': 70, 'special-attack': 80, 'special-defense': 70, 'speed': 90}",https://raw.githubusercontent.com/PokeAPI/sprites/master/sprites/pokemon/947.png,
948,toedscool,9,330,"['ground', 'grass']","['mycelium-might', 'mycelium-might']","{'hp': 40, 'attack': 40, 'defense': 35, 'special-attack': 50, 'special-defense': 100, 'speed': 70}",https://raw.githubusercontent.com/PokeAPI/sprites/master/sprites/pokemon/948.png,
949,toedscruel,19,580,"['ground', 'grass']","['mycelium-might', 'mycelium-might']","{'hp': 80, 'attack': 70, 'defense': 65, 'special-attack': 80, 'special-defense': 120, 'speed': 100}",https://raw.githubusercontent.com/PokeAPI/sprites/master/sprites/pokemon/949.png,
950,klawf,13,790,['rock'],"['anger-shell', 'shell-armor', 'regenerator']","{'hp': 70, 'attack': 100, 'defense': 115, 'special-attack': 35, 'special-defense': 55, 'speed': 75}",https://raw.githubusercontent.com/PokeAPI/sprites/master/sprites/pokemon/950.png,
951,capsakid,3,30,['grass'],"['chlorophyll', 'insomnia', 'klutz']","{'hp': 50, 'attack': 62, 'defense': 40, 'special-attack': 62, 'special-defense': 40, 'speed': 50}",https://raw.githubusercontent.com/PokeAPI/sprites/master/sprites/pokemon/951.png,
952,scovillain,9,150,"['grass', 'fire']","['chlorophyll', 'insomnia', 'moody']","{'hp': 65, 'attack': 108, 'defense': 65, 'special-attack': 108, 'special-defense': 65, 'speed': 75}",https://raw.githubusercontent.com/PokeAPI/sprites/master/sprites/pokemon/952.png,
953,rellor,2,10,['bug'],"['compound-eyes', 'shed-skin']","{'hp': 41, 'attack': 50, 'defense': 60, 'special-attack': 31, 'special-defense': 58, 'speed': 30}",https://raw.githubusercontent.com/PokeAPI/sprites/master/sprites/pokemon/953.png,
954,rabsca,3,35,"['bug', 'psychic']","['synchronize', 'telepathy']","{'hp': 75, 'attack': 50, 'defense': 85, 'special-attack': 115, 'special-defense': 100, 'speed': 45}",https://raw.githubusercontent.com/PokeAPI/sprites/master/sprites/pokemon/954.png,
955,flittle,2,15,['psychic'],"['anticipation', 'frisk', 'speed-boost']","{'hp': 30, 'attack': 35, 'defense': 30, 'special-attack': 55, 'special-defense': 30, 'speed': 75}",https://raw.githubusercontent.com/PokeAPI/sprites/master/sprites/pokemon/955.png,
956,espathra,19,900,['psychic'],"['opportunist', 'frisk', 'speed-boost']","{'hp': 95, 'attack': 60, 'defense': 60, 'special-attack': 101, 'special-defense': 60, 'speed': 105}",https://raw.githubusercontent.com/PokeAPI/sprites/master/sprites/pokemon/956.png,
957,tinkatink,4,89,"['fairy', 'steel']","['mold-breaker', 'own-tempo', 'pickpocket']","{'hp': 50, 'attack': 45, 'defense': 45, 'special-attack': 35, 'special-defense': 64, 'speed': 58}",https://raw.githubusercontent.com/PokeAPI/sprites/master/sprites/pokemon/957.png,
958,tinkatuff,7,591,"['fairy', 'steel']","['mold-breaker', 'own-tempo', 'pickpocket']","{'hp': 65, 'attack': 55, 'defense': 55, 'special-attack': 45, 'special-defense': 82, 'speed': 78}",https://raw.githubusercontent.com/PokeAPI/sprites/master/sprites/pokemon/958.png,
959,tinkaton,7,1128,"['fairy', 'steel']","['mold-breaker', 'own-tempo', 'pickpocket']","{'hp': 85, 'attack': 75, 'defense': 77, 'special-attack': 70, 'special-defense': 105, 'speed': 94}",https://raw.githubusercontent.com/PokeAPI/sprites/master/sprites/pokemon/959.png,
960,wiglett,12,18,['water'],"['gooey', 'rattled', 'sand-veil']","{'hp': 10, 'attack': 55, 'defense': 25, 'special-attack': 35, 'special-defense': 25, 'speed': 95}",https://raw.githubusercontent.com/PokeAPI/sprites/master/sprites/pokemon/960.png,
961,wugtrio,12,54,['water'],"['gooey', 'rattled', 'sand-veil']","{'hp': 35, 'attack': 100, 'defense': 50, 'special-attack': 50, 'special-defense': 70, 'speed': 120}",https://raw.githubusercontent.com/PokeAPI/sprites/master/sprites/pokemon/961.png,
962,bombirdier,15,429,"['flying', 'dark']","['big-pecks', 'keen-eye', 'rocky-payload']","{'hp': 70, 'attack': 103, 'defense': 85, 'special-attack': 60, 'special-defense': 85, 'speed': 82}",https://raw.githubusercontent.com/PokeAPI/sprites/master/sprites/pokemon/962.png,
963,finizen,13,602,['water'],"['water-veil', 'water-veil']","{'hp': 70, 'attack': 45, 'defense': 40, 'special-attack': 45, 'special-defense': 40, 'speed': 75}",https://raw.githubusercontent.com/PokeAPI/sprites/master/sprites/pokemon/963.png,
964,palafin-zero,13,602,['water'],"['zero-to-hero', 'zero-to-hero']","{'hp': 100, 'attack': 70, 'defense': 72, 'special-attack': 53, 'special-defense': 62, 'speed': 100}",https://raw.githubusercontent.com/PokeAPI/sprites/master/sprites/pokemon/964.png,
965,varoom,10,350,"['steel', 'poison']","['overcoat', 'slow-start']","{'hp': 45, 'attack': 70, 'defense': 63, 'special-attack': 30, 'special-defense': 45, 'speed': 47}",https://raw.githubusercontent.com/PokeAPI/sprites/master/sprites/pokemon/965.png,
966,revavroom,18,1200,"['steel', 'poison']","['overcoat', 'filter']","{'hp': 80, 'attack': 119, 'defense': 90, 'special-attack': 54, 'special-defense': 67, 'speed': 90}",https://raw.githubusercontent.com/PokeAPI/sprites/master/sprites/pokemon/966.png,
967,cyclizar,16,630,"['dragon', 'normal']","['shed-skin', 'regenerator']","{'hp': 70, 'attack': 95, 'defense': 65, 'special-attack': 85, 'special-defense': 65, 'speed': 121}",https://raw.githubusercontent.com/PokeAPI/sprites/master/sprites/pokemon/967.png,
968,orthworm,25,3100,['steel'],"['earth-eater', 'sand-veil']","{'hp': 70, 'attack': 85, 'defense': 145, 'special-attack': 60, 'special-defense': 55, 'speed': 65}",https://raw.githubusercontent.com/PokeAPI/sprites/master/sprites/pokemon/968.png,
969,glimmet,7,80,"['rock', 'poison']","['toxic-debris', 'corrosion']","{'hp': 48, 'attack': 35, 'defense': 42, 'special-attack': 105, 'special-defense': 60, 'speed': 60}",https://raw.githubusercontent.com/PokeAPI/sprites/master/sprites/pokemon/969.png,
970,glimmora,15,450,"['rock', 'poison']","['toxic-debris', 'corrosion']","{'hp': 83, 'attack': 55, 'defense': 90, 'special-attack': 130, 'special-defense': 81, 'speed': 86}",https://raw.githubusercontent.com/PokeAPI/sprites/master/sprites/pokemon/970.png,
971,greavard,6,350,['ghost'],"['pickup', 'fluffy']","{'hp': 50, 'attack': 61, 'defense': 60, 'special-attack': 30, 'special-defense': 55, 'speed': 34}",https://raw.githubusercontent.com/PokeAPI/sprites/master/sprites/pokemon/971.png,
972,houndstone,20,150,['ghost'],"['sand-rush', 'fluffy']","{'hp': 72, 'attack': 101, 'defense': 100, 'special-attack': 50, 'special-defense': 97, 'speed': 68}",https://raw.githubusercontent.com/PokeAPI/sprites/master/sprites/pokemon/972.png,
973,flamigo,16,370,"['flying', 'fighting']","['scrappy', 'tangled-feet', 'costar']","{'hp': 82, 'attack': 115, 'defense': 74, 'special-attack': 75, 'special-defense': 64, 'speed': 90}",https://raw.githubusercontent.com/PokeAPI/sprites/master/sprites/pokemon/973.png,
974,cetoddle,12,450,['ice'],"['thick-fat', 'snow-cloak', 'sheer-force']","{'hp': 108, 'attack': 68, 'defense': 45, 'special-attack': 30, 'special-defense': 40, 'speed': 43}",https://raw.githubusercontent.com/PokeAPI/sprites/master/sprites/pokemon/974.png,
975,cetitan,45,7000,['ice'],"['thick-fat', 'slush-rush', 'sheer-force']","{'hp': 170, 'attack': 113, 'defense': 65, 'special-attack': 45, 'special-defense': 55, 'speed': 73}",https://raw.githubusercontent.com/PokeAPI/sprites/master/sprites/pokemon/975.png,
976,veluza,25,900,"['water', 'psychic']","['mold-breaker', 'sharpness']","{'hp': 90, 'attack': 102, 'defense': 73, 'special-attack': 78, 'special-defense': 65, 'speed': 70}",https://raw.githubusercontent.com/PokeAPI/sprites/master/sprites/pokemon/976.png,
977,dondozo,120,2200,['water'],"['unaware', 'oblivious', 'water-veil']","{'hp': 150, 'attack': 100, 'defense': 115, 'special-attack': 65, 'special-defense': 65, 'speed': 35}",https://raw.githubusercontent.com/PokeAPI/sprites/master/sprites/pokemon/977.png,
978,tatsugiri-curly,3,80,"['dragon', 'water']","['commander', 'storm-drain']","{'hp': 68, 'attack': 50, 'defense': 60, 'special-attack': 120, 'special-defense': 95, 'speed': 82}",https://raw.githubusercontent.com/PokeAPI/sprites/master/sprites/pokemon/978.png,
979,annihilape,12,560,"['fighting', 'ghost']","['vital-spirit', 'inner-focus', 'defiant']","{'hp': 110, 'attack': 115, 'defense': 80, 'special-attack': 50, 'special-defense': 90, 'speed': 90}",https://raw.githubusercontent.com/PokeAPI/sprites/master/sprites/pokemon/979.png,
980,clodsire,18,2230,"['poison', 'ground']","['poison-point', 'water-absorb', 'unaware']","{'hp': 130, 'attack': 75, 'defense': 60, 'special-attack': 45, 'special-defense': 100, 'speed': 20}",https://raw.githubusercontent.com/PokeAPI/sprites/master/sprites/pokemon/980.png,
981,farigiraf,32,1600,"['normal', 'psychic']","['cud-chew', 'armor-tail', 'sap-sipper']","{'hp': 120, 'attack': 90, 'defense': 70, 'special-attack': 110, 'special-defense': 70, 'speed': 60}",https://raw.githubusercontent.com/PokeAPI/sprites/master/sprites/pokemon/981.png,
982,dudunsparce-two-segment,36,392,['normal'],"['serene-grace', 'run-away', 'rattled']","{'hp': 125, 'attack': 100, 'defense': 80, 'special-attack': 85, 'special-defense': 75, 'speed': 55}",https://raw.githubusercontent.com/PokeAPI/sprites/master/sprites/pokemon/982.png,
983,kingambit,20,1200,"['dark', 'steel']","['defiant', 'supreme-overlord', 'pressure']","{'hp': 100, 'attack': 135, 'defense': 120, 'special-attack': 60, 'special-defense': 85, 'speed': 50}",https://raw.githubusercontent.com/PokeAPI/sprites/master/sprites/pokemon/983.png,
984,great-tusk,22,3200,"['ground', 'fighting']",['protosynthesis'],"{'hp': 115, 'attack': 131, 'defense': 131, 'special-attack': 53, 'special-defense': 53, 'speed': 87}",https://raw.githubusercontent.com/PokeAPI/sprites/master/sprites/pokemon/984.png,
985,scream-tail,12,80,"['fairy', 'psychic']",['protosynthesis'],"{'hp': 115, 'attack': 65, 'defense': 99, 'special-attack': 65, 'special-defense': 115, 'speed': 111}",https://raw.githubusercontent.com/PokeAPI/sprites/master/sprites/pokemon/985.png,
986,brute-bonnet,12,210,"['grass', 'dark']",['protosynthesis'],"{'hp': 111, 'attack': 127, 'defense': 99, 'special-attack': 79, 'special-defense': 99, 'speed': 55}",https://raw.githubusercontent.com/PokeAPI/sprites/master/sprites/pokemon/986.png,
987,flutter-mane,14,40,"['ghost', 'fairy']",['protosynthesis'],"{'hp': 55, 'attack': 55, 'defense': 55, 'special-attack': 135, 'special-defense': 135, 'speed': 135}",https://raw.githubusercontent.com/PokeAPI/sprites/master/sprites/pokemon/987.png,
988,slither-wing,32,920,"['bug', 'fighting']",['protosynthesis'],"{'hp': 85, 'attack': 135, 'defense': 79, 'special-attack': 85, 'special-defense': 105, 'speed': 81}",https://raw.githubusercontent.com/PokeAPI/sprites/master/sprites/pokemon/988.png,
989,sandy-shocks,23,600,"['electric', 'ground']",['protosynthesis'],"{'hp': 85, 'attack': 81, 'defense': 97, 'special-attack': 121, 'special-defense': 85, 'speed': 101}",https://raw.githubusercontent.com/PokeAPI/sprites/master/sprites/pokemon/989.png,
990,iron-treads,9,2400,"['ground', 'steel']",['quark-drive'],"{'hp': 90, 'attack': 112, 'defense': 120, 'special-attack': 72, 'special-defense': 70, 'speed': 106}",https://raw.githubusercontent.com/PokeAPI/sprites/master/sprites/pokemon/990.png,
991,iron-bundle,6,110,"['ice', 'water']",['quark-drive'],"{'hp': 56, 'attack': 80, 'defense': 114, 'special-attack': 124, 'special-defense': 60, 'speed': 136}",https://raw.githubusercontent.com/PokeAPI/sprites/master/sprites/pokemon/991.png,
992,iron-hands,18,3807,"['fighting', 'electric']",['quark-drive'],"{'hp': 154, 'attack': 140, 'defense': 108, 'special-attack': 50, 'special-defense': 68, 'speed': 50}",https://raw.githubusercontent.com/PokeAPI/sprites/master/sprites/pokemon/992.png,
993,iron-jugulis,13,1110,"['dark', 'flying']",['quark-drive'],"{'hp': 94, 'attack': 80, 'defense': 86, 'special-attack': 122, 'special-defense': 80, 'speed': 108}",https://raw.githubusercontent.com/PokeAPI/sprites/master/sprites/pokemon/993.png,
994,iron-moth,12,360,"['fire', 'poison']",['quark-drive'],"{'hp': 80, 'attack': 70, 'defense': 60, 'special-attack': 140, 'special-defense': 110, 'speed': 110}",https://raw.githubusercontent.com/PokeAPI/sprites/master/sprites/pokemon/994.png,
995,iron-thorns,16,3030,"['rock', 'electric']",['quark-drive'],"{'hp': 100, 'attack': 134, 'defense': 110, 'special-attack': 70, 'special-defense': 84, 'speed': 72}",https://raw.githubusercontent.com/PokeAPI/sprites/master/sprites/pokemon/995.png,
996,frigibax,5,170,"['dragon', 'ice']","['thermal-exchange', 'ice-body']","{'hp': 65, 'attack': 75, 'defense': 45, 'special-attack': 35, 'special-defense': 45, 'speed': 55}",https://raw.githubusercontent.com/PokeAPI/sprites/master/sprites/pokemon/996.png,
997,arctibax,8,300,"['dragon', 'ice']","['thermal-exchange', 'ice-body']","{'hp': 90, 'attack': 95, 'defense': 66, 'special-attack': 45, 'special-defense': 65, 'speed': 62}",https://raw.githubusercontent.com/PokeAPI/sprites/master/sprites/pokemon/997.png,
998,baxcalibur,21,2100,"['dragon', 'ice']","['thermal-exchange', 'ice-body']","{'hp': 115, 'attack': 145, 'defense': 92, 'special-attack': 75, 'special-defense': 86, 'speed': 87}",https://raw.githubusercontent.com/PokeAPI/sprites/master/sprites/pokemon/998.png,
999,gimmighoul,3,50,['ghost'],['rattled'],"{'hp': 45, 'attack': 30, 'defense': 70, 'special-attack': 75, 'special-defense': 70, 'speed': 10}",https://raw.githubusercontent.com/PokeAPI/sprites/master/sprites/pokemon/999.png,
1000,gholdengo,12,300,"['steel', 'ghost']",['good-as-gold'],"{'hp': 87, 'attack': 60, 'defense': 95, 'special-attack': 133, 'special-defense': 91, 'speed': 84}",https://raw.githubusercontent.com/PokeAPI/sprites/master/sprites/pokemon/1000.png,
1001,wo-chien,15,742,"['dark', 'grass']",['tablets-of-ruin'],"{'hp': 85, 'attack': 85, 'defense': 100, 'special-attack': 95, 'special-defense': 135, 'speed': 70}",https://raw.githubusercontent.com/PokeAPI/sprites/master/sprites/pokemon/1001.png,
1002,chien-pao,19,1522,"['dark', 'ice']",['sword-of-ruin'],"{'hp': 80, 'attack': 120, 'defense': 80, 'special-attack': 90, 'special-defense': 65, 'speed': 135}",https://raw.githubusercontent.com/PokeAPI/sprites/master/sprites/pokemon/1002.png,
1003,ting-lu,27,6997,"['dark', 'ground']",['vessel-of-ruin'],"{'hp': 155, 'attack': 110, 'defense': 125, 'special-attack': 55, 'special-defense': 80, 'speed': 45}",https://raw.githubusercontent.com/PokeAPI/sprites/master/sprites/pokemon/1003.png,
1004,chi-yu,4,49,"['dark', 'fire']",['beads-of-ruin'],"{'hp': 55, 'attack': 80, 'defense': 80, 'special-attack': 135, 'special-defense': 120, 'speed': 100}",https://raw.githubusercontent.com/PokeAPI/sprites/master/sprites/pokemon/1004.png,
1005,roaring-moon,20,3800,"['dragon', 'dark']",['protosynthesis'],"{'hp': 105, 'attack': 139, 'defense': 71, 'special-attack': 55, 'special-defense': 101, 'speed': 119}",https://raw.githubusercontent.com/PokeAPI/sprites/master/sprites/pokemon/1005.png,
1006,iron-valiant,14,350,"['fairy', 'fighting']",['quark-drive'],"{'hp': 74, 'attack': 130, 'defense': 90, 'special-attack': 120, 'special-defense': 60, 'speed': 116}",https://raw.githubusercontent.com/PokeAPI/sprites/master/sprites/pokemon/1006.png,
1007,koraidon,25,3030,"['fighting', 'dragon']",['orichalcum-pulse'],"{'hp': 100, 'attack': 135, 'defense': 115, 'special-attack': 85, 'special-defense': 100, 'speed': 135}",https://raw.githubusercontent.com/PokeAPI/sprites/master/sprites/pokemon/1007.png,
1008,miraidon,35,2400,"['electric', 'dragon']",['hadron-engine'],"{'hp': 100, 'attack': 85, 'defense': 100, 'special-attack': 135, 'special-defense': 115, 'speed': 135}",https://raw.githubusercontent.com/PokeAPI/sprites/master/sprites/pokemon/1008.png,
1009,walking-wake,35,2800,"['water', 'dragon']",['protosynthesis'],"{'hp': 99, 'attack': 83, 'defense': 91, 'special-attack': 125, 'special-defense': 83, 'speed': 109}",https://raw.githubusercontent.com/PokeAPI/sprites/master/sprites/pokemon/1009.png,
1010,iron-leaves,15,1250,"['grass', 'psychic']",['quark-drive'],"{'hp': 90, 'attack': 130, 'defense': 88, 'special-attack': 70, 'special-defense': 108, 'speed': 104}",https://raw.githubusercontent.com/PokeAPI/sprites/master/sprites/pokemon/1010.png,
1011,dipplin,4,97,"['grass', 'dragon']","['supersweet-syrup', 'gluttony', 'sticky-hold']","{'hp': 80, 'attack': 80, 'defense': 110, 'special-attack': 95, 'special-defense': 80, 'speed': 40}",https://raw.githubusercontent.com/PokeAPI/sprites/master/sprites/pokemon/1011.png,
1012,poltchageist,1,11,"['grass', 'ghost']","['hospitality', 'heatproof']","{'hp': 40, 'attack': 45, 'defense': 45, 'special-attack': 74, 'special-defense': 54, 'speed': 50}",https://raw.githubusercontent.com/PokeAPI/sprites/master/sprites/pokemon/1012.png,
1013,sinistcha,2,22,"['grass', 'ghost']","['hospitality', 'heatproof']","{'hp': 71, 'attack': 60, 'defense': 106, 'special-attack': 121, 'special-defense': 80, 'speed': 70}",https://raw.githubusercontent.com/PokeAPI/sprites/master/sprites/pokemon/1013.png,
1014,okidogi,18,922,"['poison', 'fighting']","['toxic-chain', 'guard-dog']","{'hp': 88, 'attack': 128, 'defense': 115, 'special-attack': 58, 'special-defense': 86, 'speed': 80}",https://raw.githubusercontent.com/PokeAPI/sprites/master/sprites/pokemon/1014.png,
1015,munkidori,10,122,"['poison', 'psychic']","['toxic-chain', 'frisk']","{'hp': 88, 'attack': 75, 'defense': 66, 'special-attack': 130, 'special-defense': 90, 'speed': 106}",https://raw.githubusercontent.com/PokeAPI/sprites/master/sprites/pokemon/1015.png,
1016,fezandipiti,14,301,"['poison', 'fairy']","['toxic-chain', 'technician']","{'hp': 88, 'attack': 91, 'defense': 82, 'special-attack': 70, 'special-defense': 125, 'speed': 99}",https://raw.githubusercontent.com/PokeAPI/sprites/master/sprites/pokemon/1016.png,
1017,ogerpon,12,398,['grass'],['defiant'],"{'hp': 80, 'attack': 120, 'defense': 84, 'special-attack': 60, 'special-defense': 96, 'speed': 110}",https://raw.githubusercontent.com/PokeAPI/sprites/master/sprites/pokemon/1017.png,
1018,archaludon,20,600,"['steel', 'dragon']","['stamina', 'sturdy', 'stalwart']","{'hp': 90, 'attack': 105, 'defense': 130, 'special-attack': 125, 'special-defense': 65, 'speed': 85}",https://raw.githubusercontent.com/PokeAPI/sprites/master/sprites/pokemon/1018.png,
1019,hydrapple,18,930,"['grass', 'dragon']","['supersweet-syrup', 'regenerator', 'sticky-hold']","{'hp': 106, 'attack': 80, 'defense': 110, 'special-attack': 120, 'special-defense': 80, 'speed': 44}",https://raw.githubusercontent.com/PokeAPI/sprites/master/sprites/pokemon/1019.png,
1020,gouging-fire,35,5900,"['fire', 'dragon']",['protosynthesis'],"{'hp': 105, 'attack': 115, 'defense': 121, 'special-attack': 65, 'special-defense': 93, 'speed': 91}",https://raw.githubusercontent.com/PokeAPI/sprites/master/sprites/pokemon/1020.png,
1021,raging-bolt,52,4800,"['electric', 'dragon']",['protosynthesis'],"{'hp': 125, 'attack': 73, 'defense': 91, 'special-attack': 137, 'special-defense': 89, 'speed': 75}",https://raw.githubusercontent.com/PokeAPI/sprites/master/sprites/pokemon/1021.png,
1022,iron-boulder,15,1625,"['rock', 'psychic']",['quark-drive'],"{'hp': 90, 'attack': 120, 'defense': 80, 'special-attack': 68, 'special-defense': 108, 'speed': 124}",https://raw.githubusercontent.com/PokeAPI/sprites/master/sprites/pokemon/1022.png,
1023,iron-crown,16,1560,"['steel', 'psychic']",['quark-drive'],"{'hp': 90, 'attack': 72, 'defense': 100, 'special-attack': 122, 'special-defense': 108, 'speed': 98}",https://raw.githubusercontent.com/PokeAPI/sprites/master/sprites/pokemon/1023.png,
1024,terapagos,2,65,['normal'],['tera-shift'],"{'hp': 90, 'attack': 65, 'defense': 85, 'special-attack': 65, 'special-defense': 85, 'speed': 60}",https://raw.githubusercontent.com/PokeAPI/sprites/master/sprites/pokemon/1024.png,
1025,pecharunt,3,3,"['poison', 'ghost']",['poison-puppeteer'],"{'hp': 88, 'attack': 88, 'defense': 160, 'special-attack': 88, 'special-defense': 88, 'speed': 88}",https://raw.githubusercontent.com/PokeAPI/sprites/master/sprites/pokemon/1025.png,
10001,deoxys-attack,17,608,['psychic'],['pressure'],"{'hp': 50, 'attack': 180, 'defense': 20, 'special-attack': 180, 'special-defense': 20, 'speed': 150}",https://raw.githubusercontent.com/PokeAPI/sprites/master/sprites/pokemon/10001.png,https://raw.githubusercontent.com/PokeAPI/sprites/master/sprites/pokemon/back/386-attack.png
10002,deoxys-defense,17,608,['psychic'],['pressure'],"{'hp': 50, 'attack': 70, 'defense': 160, 'special-attack': 70, 'special-defense': 160, 'speed': 90}",https://raw.githubusercontent.com/PokeAPI/sprites/master/sprites/pokemon/10002.png,https://raw.githubusercontent.com/PokeAPI/sprites/master/sprites/pokemon/back/386-defense.png
10003,deoxys-speed,17,608,['psychic'],['pressure'],"{'hp': 50, 'attack': 95, 'defense': 90, 'special-attack': 95, 'special-defense': 90, 'speed': 180}",https://raw.githubusercontent.com/PokeAPI/sprites/master/sprites/pokemon/10003.png,https://raw.githubusercontent.com/PokeAPI/sprites/master/sprites/pokemon/back/386-speed.png
10004,wormadam-sandy,5,65,"['bug', 'ground']","['anticipation', 'overcoat']","{'hp': 60, 'attack': 79, 'defense': 105, 'special-attack': 59, 'special-defense': 85, 'speed': 36}",https://raw.githubusercontent.com/PokeAPI/sprites/master/sprites/pokemon/10004.png,https://raw.githubusercontent.com/PokeAPI/sprites/master/sprites/pokemon/back/413-sandy.png
10005,wormadam-trash,5,65,"['bug', 'steel']","['anticipation', 'overcoat']","{'hp': 60, 'attack': 69, 'defense': 95, 'special-attack': 69, 'special-defense': 95, 'speed': 36}",https://raw.githubusercontent.com/PokeAPI/sprites/master/sprites/pokemon/10005.png,https://raw.githubusercontent.com/PokeAPI/sprites/master/sprites/pokemon/back/413-trash.png
10006,shaymin-sky,4,52,"['grass', 'flying']",['serene-grace'],"{'hp': 100, 'attack': 103, 'defense': 75, 'special-attack': 120, 'special-defense': 75, 'speed': 127}",https://raw.githubusercontent.com/PokeAPI/sprites/master/sprites/pokemon/10006.png,https://raw.githubusercontent.com/PokeAPI/sprites/master/sprites/pokemon/back/492-sky.png
10007,giratina-origin,69,6500,"['ghost', 'dragon']",['levitate'],"{'hp': 150, 'attack': 120, 'defense': 100, 'special-attack': 120, 'special-defense': 100, 'speed': 90}",https://raw.githubusercontent.com/PokeAPI/sprites/master/sprites/pokemon/10007.png,https://raw.githubusercontent.com/PokeAPI/sprites/master/sprites/pokemon/back/487-origin.png
10008,rotom-heat,3,3,"['electric', 'fire']",['levitate'],"{'hp': 50, 'attack': 65, 'defense': 107, 'special-attack': 105, 'special-defense': 107, 'speed': 86}",https://raw.githubusercontent.com/PokeAPI/sprites/master/sprites/pokemon/10008.png,https://raw.githubusercontent.com/PokeAPI/sprites/master/sprites/pokemon/back/479-heat.png
10009,rotom-wash,3,3,"['electric', 'water']",['levitate'],"{'hp': 50, 'attack': 65, 'defense': 107, 'special-attack': 105, 'special-defense': 107, 'speed': 86}",https://raw.githubusercontent.com/PokeAPI/sprites/master/sprites/pokemon/10009.png,https://raw.githubusercontent.com/PokeAPI/sprites/master/sprites/pokemon/back/479-wash.png
10010,rotom-frost,3,3,"['electric', 'ice']",['levitate'],"{'hp': 50, 'attack': 65, 'defense': 107, 'special-attack': 105, 'special-defense': 107, 'speed': 86}",https://raw.githubusercontent.com/PokeAPI/sprites/master/sprites/pokemon/10010.png,https://raw.githubusercontent.com/PokeAPI/sprites/master/sprites/pokemon/back/479-frost.png
10011,rotom-fan,3,3,"['electric', 'flying']",['levitate'],"{'hp': 50, 'attack': 65, 'defense': 107, 'special-attack': 105, 'special-defense': 107, 'speed': 86}",https://raw.githubusercontent.com/PokeAPI/sprites/master/sprites/pokemon/10011.png,https://raw.githubusercontent.com/PokeAPI/sprites/master/sprites/pokemon/back/479-fan.png
10012,rotom-mow,3,3,"['electric', 'grass']",['levitate'],"{'hp': 50, 'attack': 65, 'defense': 107, 'special-attack': 105, 'special-defense': 107, 'speed': 86}",https://raw.githubusercontent.com/PokeAPI/sprites/master/sprites/pokemon/10012.png,https://raw.githubusercontent.com/PokeAPI/sprites/master/sprites/pokemon/back/479-mow.png
10013,castform-sunny,3,8,['fire'],['forecast'],"{'hp': 70, 'attack': 70, 'defense': 70, 'special-attack': 70, 'special-defense': 70, 'speed': 70}",https://raw.githubusercontent.com/PokeAPI/sprites/master/sprites/pokemon/10013.png,https://raw.githubusercontent.com/PokeAPI/sprites/master/sprites/pokemon/back/351-sunny.png
10014,castform-rainy,3,8,['water'],['forecast'],"{'hp': 70, 'attack': 70, 'defense': 70, 'special-attack': 70, 'special-defense': 70, 'speed': 70}",https://raw.githubusercontent.com/PokeAPI/sprites/master/sprites/pokemon/10014.png,https://raw.githubusercontent.com/PokeAPI/sprites/master/sprites/pokemon/back/351-rainy.png
10015,castform-snowy,3,8,['ice'],['forecast'],"{'hp': 70, 'attack': 70, 'defense': 70, 'special-attack': 70, 'special-defense': 70, 'speed': 70}",https://raw.githubusercontent.com/PokeAPI/sprites/master/sprites/pokemon/10015.png,https://raw.githubusercontent.com/PokeAPI/sprites/master/sprites/pokemon/back/351-snowy.png
10016,basculin-blue-striped,10,180,['water'],"['rock-head', 'adaptability', 'mold-breaker']","{'hp': 70, 'attack': 92, 'defense': 65, 'special-attack': 80, 'special-defense': 55, 'speed': 98}",https://raw.githubusercontent.com/PokeAPI/sprites/master/sprites/pokemon/10016.png,https://raw.githubusercontent.com/PokeAPI/sprites/master/sprites/pokemon/back/550-blue-striped.png
10017,darmanitan-zen,13,929,"['fire', 'psychic']","['sheer-force', 'zen-mode']","{'hp': 105, 'attack': 30, 'defense': 105, 'special-attack': 140, 'special-defense': 105, 'speed': 55}",https://raw.githubusercontent.com/PokeAPI/sprites/master/sprites/pokemon/10017.png,https://raw.githubusercontent.com/PokeAPI/sprites/master/sprites/pokemon/back/555-zen.png
10018,meloetta-pirouette,6,65,"['normal', 'fighting']",['serene-grace'],"{'hp': 100, 'attack': 128, 'defense': 90, 'special-attack': 77, 'special-defense': 77, 'speed': 128}",https://raw.githubusercontent.com/PokeAPI/sprites/master/sprites/pokemon/10018.png,https://raw.githubusercontent.com/PokeAPI/sprites/master/sprites/pokemon/back/648-pirouette.png
10019,tornadus-therian,14,630,['flying'],['regenerator'],"{'hp': 79, 'attack': 100, 'defense': 80, 'special-attack': 110, 'special-defense': 90, 'speed': 121}",https://raw.githubusercontent.com/PokeAPI/sprites/master/sprites/pokemon/10019.png,https://raw.githubusercontent.com/PokeAPI/sprites/master/sprites/pokemon/back/641-therian.png
10020,thundurus-therian,30,610,"['electric', 'flying']",['volt-absorb'],"{'hp': 79, 'attack': 105, 'defense': 70, 'special-attack': 145, 'special-defense': 80, 'speed': 101}",https://raw.githubusercontent.com/PokeAPI/sprites/master/sprites/pokemon/10020.png,https://raw.githubusercontent.com/PokeAPI/sprites/master/sprites/pokemon/back/642-therian.png
10021,landorus-therian,13,680,"['ground', 'flying']",['intimidate'],"{'hp': 89, 'attack': 145, 'defense': 90, 'special-attack': 105, 'special-defense': 80, 'speed': 91}",https://raw.githubusercontent.com/PokeAPI/sprites/master/sprites/pokemon/10021.png,https://raw.githubusercontent.com/PokeAPI/sprites/master/sprites/pokemon/back/645-therian.png
10022,kyurem-black,33,3250,"['dragon', 'ice']",['teravolt'],"{'hp': 125, 'attack': 170, 'defense': 100, 'special-attack': 120, 'special-defense': 90, 'speed': 95}",https://raw.githubusercontent.com/PokeAPI/sprites/master/sprites/pokemon/10022.png,https://raw.githubusercontent.com/PokeAPI/sprites/master/sprites/pokemon/back/646-black.png
10023,kyurem-white,36,3250,"['dragon', 'ice']",['turboblaze'],"{'hp': 125, 'attack': 120, 'defense': 90, 'special-attack': 170, 'special-defense': 100, 'speed': 95}",https://raw.githubusercontent.com/PokeAPI/sprites/master/sprites/pokemon/10023.png,https://raw.githubusercontent.com/PokeAPI/sprites/master/sprites/pokemon/back/646-white.png
10024,keldeo-resolute,14,485,"['water', 'fighting']",['justified'],"{'hp': 91, 'attack': 72, 'defense': 90, 'special-attack': 129, 'special-defense': 90, 'speed': 108}",https://raw.githubusercontent.com/PokeAPI/sprites/master/sprites/pokemon/10024.png,https://raw.githubusercontent.com/PokeAPI/sprites/master/sprites/pokemon/back/647-resolute.png
10025,meowstic-female,6,85,['psychic'],"['keen-eye', 'infiltrator', 'competitive']","{'hp': 74, 'attack': 48, 'defense': 76, 'special-attack': 83, 'special-defense': 81, 'speed': 104}",https://raw.githubusercontent.com/PokeAPI/sprites/master/sprites/pokemon/10025.png,https://raw.githubusercontent.com/PokeAPI/sprites/master/sprites/pokemon/back/10025.png
10026,aegislash-blade,17,530,"['steel', 'ghost']",['stance-change'],"{'hp': 60, 'attack': 140, 'defense': 50, 'special-attack': 140, 'special-defense': 50, 'speed': 60}",https://raw.githubusercontent.com/PokeAPI/sprites/master/sprites/pokemon/10026.png,
10027,pumpkaboo-small,3,35,"['ghost', 'grass']","['pickup', 'frisk', 'insomnia']","{'hp': 44, 'attack': 66, 'defense': 70, 'special-attack': 44, 'special-defense': 55, 'speed': 56}",https://raw.githubusercontent.com/PokeAPI/sprites/master/sprites/pokemon/10027.png,
10028,pumpkaboo-large,5,75,"['ghost', 'grass']","['pickup', 'frisk', 'insomnia']","{'hp': 54, 'attack': 66, 'defense': 70, 'special-attack': 44, 'special-defense': 55, 'speed': 46}",https://raw.githubusercontent.com/PokeAPI/sprites/master/sprites/pokemon/10028.png,
10029,pumpkaboo-super,8,150,"['ghost', 'grass']","['pickup', 'frisk', 'insomnia']","{'hp': 59, 'attack': 66, 'defense': 70, 'special-attack': 44, 'special-defense': 55, 'speed': 41}",https://raw.githubusercontent.com/PokeAPI/sprites/master/sprites/pokemon/10029.png,
10030,gourgeist-small,7,95,"['ghost', 'grass']","['pickup', 'frisk', 'insomnia']","{'hp': 55, 'attack': 85, 'defense': 122, 'special-attack': 58, 'special-defense': 75, 'speed': 99}",https://raw.githubusercontent.com/PokeAPI/sprites/master/sprites/pokemon/10030.png,
10031,gourgeist-large,11,140,"['ghost', 'grass']","['pickup', 'frisk', 'insomnia']","{'hp': 75, 'attack': 95, 'defense': 122, 'special-attack': 58, 'special-defense': 75, 'speed': 69}",https://raw.githubusercontent.com/PokeAPI/sprites/master/sprites/pokemon/10031.png,
10032,gourgeist-super,17,390,"['ghost', 'grass']","['pickup', 'frisk', 'insomnia']","{'hp': 85, 'attack': 100, 'defense': 122, 'special-attack': 58, 'special-defense': 75, 'speed': 54}",https://raw.githubusercontent.com/PokeAPI/sprites/master/sprites/pokemon/10032.png,
10033,venusaur-mega,24,1555,"['grass', 'poison']",['thick-fat'],"{'hp': 80, 'attack': 100, 'defense': 123, 'special-attack': 122, 'special-defense': 120, 'speed': 80}",https://raw.githubusercontent.com/PokeAPI/sprites/master/sprites/pokemon/10033.png,https://raw.githubusercontent.com/PokeAPI/sprites/master/sprites/pokemon/back/10033.png
10034,charizard-mega-x,17,1105,"['fire', 'dragon']",['tough-claws'],"{'hp': 78, 'attack': 130, 'defense': 111, 'special-attack': 130, 'special-defense': 85, 'speed': 100}",https://raw.githubusercontent.com/PokeAPI/sprites/master/sprites/pokemon/10034.png,
10035,charizard-mega-y,17,1005,"['fire', 'flying']",['drought'],"{'hp': 78, 'attack': 104, 'defense': 78, 'special-attack': 159, 'special-defense': 115, 'speed': 100}",https://raw.githubusercontent.com/PokeAPI/sprites/master/sprites/pokemon/10035.png,
10036,blastoise-mega,16,1011,['water'],['mega-launcher'],"{'hp': 79, 'attack': 103, 'defense': 120, 'special-attack': 135, 'special-defense': 115, 'speed': 78}",https://raw.githubusercontent.com/PokeAPI/sprites/master/sprites/pokemon/10036.png,
10037,alakazam-mega,12,480,['psychic'],['trace'],"{'hp': 55, 'attack': 50, 'defense': 65, 'special-attack': 175, 'special-defense': 105, 'speed': 150}",https://raw.githubusercontent.com/PokeAPI/sprites/master/sprites/pokemon/10037.png,https://raw.githubusercontent.com/PokeAPI/sprites/master/sprites/pokemon/back/10037.png
10038,gengar-mega,14,405,"['ghost', 'poison']",['shadow-tag'],"{'hp': 60, 'attack': 65, 'defense': 80, 'special-attack': 170, 'special-defense': 95, 'speed': 130}",https://raw.githubusercontent.com/PokeAPI/sprites/master/sprites/pokemon/10038.png,
10039,kangaskhan-mega,22,1000,['normal'],['parental-bond'],"{'hp': 105, 'attack': 125, 'defense': 100, 'special-attack': 60, 'special-defense': 100, 'speed': 100}",https://raw.githubusercontent.com/PokeAPI/sprites/master/sprites/pokemon/10039.png,https://raw.githubusercontent.com/PokeAPI/sprites/master/sprites/pokemon/back/10039.png
10040,pinsir-mega,17,590,"['bug', 'flying']",['aerilate'],"{'hp': 65, 'attack': 155, 'defense': 120, 'special-attack': 65, 'special-defense': 90, 'speed': 105}",https://raw.githubusercontent.com/PokeAPI/sprites/master/sprites/pokemon/10040.png,
10041,gyarados-mega,65,3050,"['water', 'dark']",['mold-breaker'],"{'hp': 95, 'attack': 155, 'defense': 109, 'special-attack': 70, 'special-defense': 130, 'speed': 81}",https://raw.githubusercontent.com/PokeAPI/sprites/master/sprites/pokemon/10041.png,
10042,aerodactyl-mega,21,790,"['rock', 'flying']",['tough-claws'],"{'hp': 80, 'attack': 135, 'defense': 85, 'special-attack': 70, 'special-defense': 95, 'speed': 150}",https://raw.githubusercontent.com/PokeAPI/sprites/master/sprites/pokemon/10042.png,
10043,mewtwo-mega-x,23,1270,"['psychic', 'fighting']",['steadfast'],"{'hp': 106, 'attack': 190, 'defense': 100, 'special-attack': 154, 'special-defense': 100, 'speed': 130}",https://raw.githubusercontent.com/PokeAPI/sprites/master/sprites/pokemon/10043.png,
10044,mewtwo-mega-y,15,330,['psychic'],['insomnia'],"{'hp': 106, 'attack': 150, 'defense': 70, 'special-attack': 194, 'special-defense': 120, 'speed': 140}",https://raw.githubusercontent.com/PokeAPI/sprites/master/sprites/pokemon/10044.png,
10045,ampharos-mega,14,615,"['electric', 'dragon']",['mold-breaker'],"{'hp': 90, 'attack': 95, 'defense': 105, 'special-attack': 165, 'special-defense': 110, 'speed': 45}",https://raw.githubusercontent.com/PokeAPI/sprites/master/sprites/pokemon/10045.png,https://raw.githubusercontent.com/PokeAPI/sprites/master/sprites/pokemon/back/10045.png
10046,scizor-mega,20,1250,"['bug', 'steel']",['technician'],"{'hp': 70, 'attack': 150, 'defense': 140, 'special-attack': 65, 'special-defense': 100, 'speed': 75}",https://raw.githubusercontent.com/PokeAPI/sprites/master/sprites/pokemon/10046.png,
10047,heracross-mega,17,625,"['bug', 'fighting']",['skill-link'],"{'hp': 80, 'attack': 185, 'defense': 115, 'special-attack': 40, 'special-defense': 105, 'speed': 75}",https://raw.githubusercontent.com/PokeAPI/sprites/master/sprites/pokemon/10047.png,https://raw.githubusercontent.com/PokeAPI/sprites/master/sprites/pokemon/back/10047.png
10048,houndoom-mega,19,495,"['dark', 'fire']",['solar-power'],"{'hp': 75, 'attack': 90, 'defense': 90, 'special-attack': 140, 'special-defense': 90, 'speed': 115}",https://raw.githubusercontent.com/PokeAPI/sprites/master/sprites/pokemon/10048.png,
10049,tyranitar-mega,25,2550,"['rock', 'dark']",['sand-stream'],"{'hp': 100, 'attack': 164, 'defense': 150, 'special-attack': 95, 'special-defense': 120, 'speed': 71}",https://raw.githubusercontent.com/PokeAPI/sprites/master/sprites/pokemon/10049.png,
10050,blaziken-mega,19,520,"['fire', 'fighting']",['speed-boost'],"{'hp': 80, 'attack': 160, 'defense': 80, 'special-attack': 130, 'special-defense': 80, 'speed': 100}",https://raw.githubusercontent.com/PokeAPI/sprites/master/sprites/pokemon/10050.png,
10051,gardevoir-mega,16,484,"['psychic', 'fairy']",['pixilate'],"{'hp': 68, 'attack': 85, 'defense': 65, 'special-attack': 165, 'special-defense': 135, 'speed': 100}",https://raw.githubusercontent.com/PokeAPI/sprites/master/sprites/pokemon/10051.png,
10052,mawile-mega,10,235,"['steel', 'fairy']",['huge-power'],"{'hp': 50, 'attack': 105, 'defense': 125, 'special-attack': 55, 'special-defense': 95, 'speed': 50}",https://raw.githubusercontent.com/PokeAPI/sprites/master/sprites/pokemon/10052.png,
10053,aggron-mega,22,3950,['steel'],['filter'],"{'hp': 70, 'attack': 140, 'defense': 230, 'special-attack': 60, 'special-defense': 80, 'speed': 50}",https://raw.githubusercontent.com/PokeAPI/sprites/master/sprites/pokemon/10053.png,
10054,medicham-mega,13,315,"['fighting', 'psychic']",['pure-power'],"{'hp': 60, 'attack': 100, 'defense': 85, 'special-attack': 80, 'special-defense': 85, 'speed': 100}",https://raw.githubusercontent.com/PokeAPI/sprites/master/sprites/pokemon/10054.png,
10055,manectric-mega,18,440,['electric'],['intimidate'],"{'hp': 70, 'attack': 75, 'defense': 80, 'special-attack': 135, 'special-defense': 80, 'speed': 135}",https://raw.githubusercontent.com/PokeAPI/sprites/master/sprites/pokemon/10055.png,
10056,banette-mega,12,130,['ghost'],['prankster'],"{'hp': 64, 'attack': 165, 'defense': 75, 'special-attack': 93, 'special-defense': 83, 'speed': 75}",https://raw.githubusercontent.com/PokeAPI/sprites/master/sprites/pokemon/10056.png,https://raw.githubusercontent.com/PokeAPI/sprites/master/sprites/pokemon/back/10056.png
10057,absol-mega,12,490,['dark'],['magic-bounce'],"{'hp': 65, 'attack': 150, 'defense': 60, 'special-attack': 115, 'special-defense': 60, 'speed': 115}",https://raw.githubusercontent.com/PokeAPI/sprites/master/sprites/pokemon/10057.png,
10058,garchomp-mega,19,950,"['dragon', 'ground']",['sand-force'],"{'hp': 108, 'attack': 170, 'defense': 115, 'special-attack': 120, 'special-defense': 95, 'speed': 92}",https://raw.githubusercontent.com/PokeAPI/sprites/master/sprites/pokemon/10058.png,
10059,lucario-mega,13,575,"['fighting', 'steel']",['adaptability'],"{'hp': 70, 'attack': 145, 'defense': 88, 'special-attack': 140, 'special-defense': 70, 'speed': 112}",https://raw.githubusercontent.com/PokeAPI/sprites/master/sprites/pokemon/10059.png,
10060,abomasnow-mega,27,1850,"['grass', 'ice']",['snow-warning'],"{'hp': 90, 'attack': 132, 'defense': 105, 'special-attack': 132, 'special-defense': 105, 'speed': 30}",https://raw.githubusercontent.com/PokeAPI/sprites/master/sprites/pokemon/10060.png,
10061,floette-eternal,2,9,['fairy'],"['flower-veil', 'symbiosis']","{'hp': 74, 'attack': 65, 'defense': 67, 'special-attack': 125, 'special-defense': 128, 'speed': 92}",https://raw.githubusercontent.com/PokeAPI/sprites/master/sprites/pokemon/10061.png,https://raw.githubusercontent.com/PokeAPI/sprites/master/sprites/pokemon/back/10061.png
10062,latias-mega,18,520,"['dragon', 'psychic']",['levitate'],"{'hp': 80, 'attack': 100, 'defense': 120, 'special-attack': 140, 'special-defense': 150, 'speed': 110}",https://raw.githubusercontent.com/PokeAPI/sprites/master/sprites/pokemon/10062.png,
10063,latios-mega,23,700,"['dragon', 'psychic']",['levitate'],"{'hp': 80, 'attack': 130, 'defense': 100, 'special-attack': 160, 'special-defense': 120, 'speed': 110}",https://raw.githubusercontent.com/PokeAPI/sprites/master/sprites/pokemon/10063.png,
10064,swampert-mega,19,1020,"['water', 'ground']",['swift-swim'],"{'hp': 100, 'attack': 150, 'defense': 110, 'special-attack': 95, 'special-defense': 110, 'speed': 70}",https://raw.githubusercontent.com/PokeAPI/sprites/master/sprites/pokemon/10064.png,
10065,sceptile-mega,19,552,"['grass', 'dragon']",['lightning-rod'],"{'hp': 70, 'attack': 110, 'defense': 75, 'special-attack': 145, 'special-defense': 85, 'speed': 145}",https://raw.githubusercontent.com/PokeAPI/sprites/master/sprites/pokemon/10065.png,
10066,sableye-mega,5,1610,"['dark', 'ghost']",['magic-bounce'],"{'hp': 50, 'attack': 85, 'defense': 125, 'special-attack': 85, 'special-defense': 115, 'speed': 20}",https://raw.githubusercontent.com/PokeAPI/sprites/master/sprites/pokemon/10066.png,
10067,altaria-mega,15,206,"['dragon', 'fairy']",['pixilate'],"{'hp': 75, 'attack': 110, 'defense': 110, 'special-attack': 110, 'special-defense': 105, 'speed': 80}",https://raw.githubusercontent.com/PokeAPI/sprites/master/sprites/pokemon/10067.png,https://raw.githubusercontent.com/PokeAPI/sprites/master/sprites/pokemon/back/10067.png
10068,gallade-mega,16,564,"['psychic', 'fighting']",['inner-focus'],"{'hp': 68, 'attack': 165, 'defense': 95, 'special-attack': 65, 'special-defense': 115, 'speed': 110}",https://raw.githubusercontent.com/PokeAPI/sprites/master/sprites/pokemon/10068.png,
10069,audino-mega,15,320,"['normal', 'fairy']",['healer'],"{'hp': 103, 'attack': 60, 'defense': 126, 'special-attack': 80, 'special-defense': 126, 'speed': 50}",https://raw.githubusercontent.com/PokeAPI/sprites/master/sprites/pokemon/10069.png,
10070,sharpedo-mega,25,1303,"['water', 'dark']",['strong-jaw'],"{'hp': 70, 'attack': 140, 'defense': 70, 'special-attack': 110, 'special-defense': 65, 'speed': 105}",https://raw.githubusercontent.com/PokeAPI/sprites/master/sprites/pokemon/10070.png,https://raw.githubusercontent.com/PokeAPI/sprites/master/sprites/pokemon/back/10070.png
10071,slowbro-mega,20,1200,"['water', 'psychic']",['shell-armor'],"{'hp': 95, 'attack': 75, 'defense': 180, 'special-attack': 130, 'special-defense': 80, 'speed': 30}",https://raw.githubusercontent.com/PokeAPI/sprites/master/sprites/pokemon/10071.png,
10072,steelix-mega,105,7400,"['steel', 'ground']",['sand-force'],"{'hp': 75, 'attack': 125, 'defense': 230, 'special-attack': 55, 'special-defense': 95, 'speed': 30}",https://raw.githubusercontent.com/PokeAPI/sprites/master/sprites/pokemon/10072.png,
10073,pidgeot-mega,22,505,"['normal', 'flying']",['no-guard'],"{'hp': 83, 'attack': 80, 'defense': 80, 'special-attack': 135, 'special-defense': 80, 'speed': 121}",https://raw.githubusercontent.com/PokeAPI/sprites/master/sprites/pokemon/10073.png,
10074,glalie-mega,21,3502,['ice'],['refrigerate'],"{'hp': 80, 'attack': 120, 'defense': 80, 'special-attack': 120, 'special-defense': 80, 'speed': 100}",https://raw.githubusercontent.com/PokeAPI/sprites/master/sprites/pokemon/10074.png,https://raw.githubusercontent.com/PokeAPI/sprites/master/sprites/pokemon/back/10074.png
10075,diancie-mega,11,278,"['rock', 'fairy']",['magic-bounce'],"{'hp': 50, 'attack': 160, 'defense': 110, 'special-attack': 160, 'special-defense': 110, 'speed': 110}",https://raw.githubusercontent.com/PokeAPI/sprites/master/sprites/pokemon/10075.png,
10076,metagross-mega,25,9429,"['steel', 'psychic']",['tough-claws'],"{'hp': 80, 'attack': 145, 'defense': 150, 'special-attack': 105, 'special-defense': 110, 'speed': 110}",https://raw.githubusercontent.com/PokeAPI/sprites/master/sprites/pokemon/10076.png,
10077,kyogre-primal,98,4300,['water'],['primordial-sea'],"{'hp': 100, 'attack': 150, 'defense': 90, 'special-attack': 180, 'special-defense': 160, 'speed': 90}",https://raw.githubusercontent.com/PokeAPI/sprites/master/sprites/pokemon/10077.png,
10078,groudon-primal,50,9997,"['ground', 'fire']",['desolate-land'],"{'hp': 100, 'attack': 180, 'defense': 160, 'special-attack': 150, 'special-defense': 90, 'speed': 90}",https://raw.githubusercontent.com/PokeAPI/sprites/master/sprites/pokemon/10078.png,
10079,rayquaza-mega,108,3920,"['dragon', 'flying']",['delta-stream'],"{'hp': 105, 'attack': 180, 'defense': 100, 'special-attack': 180, 'special-defense': 100, 'speed': 115}",https://raw.githubusercontent.com/PokeAPI/sprites/master/sprites/pokemon/10079.png,https://raw.githubusercontent.com/PokeAPI/sprites/master/sprites/pokemon/back/10079.png
10080,pikachu-rock-star,4,60,['electric'],"['static', 'lightning-rod']","{'hp': 35, 'attack': 55, 'defense': 40, 'special-attack': 50, 'special-defense': 50, 'speed': 90}",https://raw.githubusercontent.com/PokeAPI/sprites/master/sprites/pokemon/10080.png,https://raw.githubusercontent.com/PokeAPI/sprites/master/sprites/pokemon/back/10080.png
10081,pikachu-belle,4,60,['electric'],"['static', 'lightning-rod']","{'hp': 35, 'attack': 55, 'defense': 40, 'special-attack': 50, 'special-defense': 50, 'speed': 90}",https://raw.githubusercontent.com/PokeAPI/sprites/master/sprites/pokemon/10081.png,https://raw.githubusercontent.com/PokeAPI/sprites/master/sprites/pokemon/back/10081.png
10082,pikachu-pop-star,4,60,['electric'],"['static', 'lightning-rod']","{'hp': 35, 'attack': 55, 'defense': 40, 'special-attack': 50, 'special-defense': 50, 'speed': 90}",https://raw.githubusercontent.com/PokeAPI/sprites/master/sprites/pokemon/10082.png,https://raw.githubusercontent.com/PokeAPI/sprites/master/sprites/pokemon/back/10082.png
10083,pikachu-phd,4,60,['electric'],"['static', 'lightning-rod']","{'hp': 35, 'attack': 55, 'defense': 40, 'special-attack': 50, 'special-defense': 50, 'speed': 90}",https://raw.githubusercontent.com/PokeAPI/sprites/master/sprites/pokemon/10083.png,https://raw.githubusercontent.com/PokeAPI/sprites/master/sprites/pokemon/back/10083.png
10084,pikachu-libre,4,60,['electric'],"['static', 'lightning-rod']","{'hp': 35, 'attack': 55, 'defense': 40, 'special-attack': 50, 'special-defense': 50, 'speed': 90}",https://raw.githubusercontent.com/PokeAPI/sprites/master/sprites/pokemon/10084.png,https://raw.githubusercontent.com/PokeAPI/sprites/master/sprites/pokemon/back/10084.png
10085,pikachu-cosplay,4,60,['electric'],"['static', 'lightning-rod']","{'hp': 35, 'attack': 55, 'defense': 40, 'special-attack': 50, 'special-defense': 50, 'speed': 90}",https://raw.githubusercontent.com/PokeAPI/sprites/master/sprites/pokemon/10085.png,https://raw.githubusercontent.com/PokeAPI/sprites/master/sprites/pokemon/back/10085.png
10086,hoopa-unbound,65,4900,"['psychic', 'dark']",['magician'],"{'hp': 80, 'attack': 160, 'defense': 60, 'special-attack': 170, 'special-defense': 130, 'speed': 80}",https://raw.githubusercontent.com/PokeAPI/sprites/master/sprites/pokemon/10086.png,
10087,camerupt-mega,25,3205,"['fire', 'ground']",['sheer-force'],"{'hp': 70, 'attack': 120, 'defense': 100, 'special-attack': 145, 'special-defense': 105, 'speed': 20}",https://raw.githubusercontent.com/PokeAPI/sprites/master/sprites/pokemon/10087.png,
10088,lopunny-mega,13,283,"['normal', 'fighting']",['scrappy'],"{'hp': 65, 'attack': 136, 'defense': 94, 'special-attack': 54, 'special-defense': 96, 'speed': 135}",https://raw.githubusercontent.com/PokeAPI/sprites/master/sprites/pokemon/10088.png,
10089,salamence-mega,18,1126,"['dragon', 'flying']",['aerilate'],"{'hp': 95, 'attack': 145, 'defense': 130, 'special-attack': 120, 'special-defense': 90, 'speed': 120}",https://raw.githubusercontent.com/PokeAPI/sprites/master/sprites/pokemon/10089.png,https://raw.githubusercontent.com/PokeAPI/sprites/master/sprites/pokemon/back/10089.png
10090,beedrill-mega,14,405,"['bug', 'poison']",['adaptability'],"{'hp': 65, 'attack': 150, 'defense': 40, 'special-attack': 15, 'special-defense': 80, 'speed': 145}",https://raw.githubusercontent.com/PokeAPI/sprites/master/sprites/pokemon/10090.png,
10091,rattata-alola,3,38,"['dark', 'normal']","['gluttony', 'hustle', 'thick-fat']","{'hp': 30, 'attack': 56, 'defense': 35, 'special-attack': 25, 'special-defense': 35, 'speed': 72}",https://raw.githubusercontent.com/PokeAPI/sprites/master/sprites/pokemon/10091.png,https://raw.githubusercontent.com/PokeAPI/sprites/master/sprites/pokemon/back/10091.png
10092,raticate-alola,7,255,"['dark', 'normal']","['gluttony', 'hustle', 'thick-fat']","{'hp': 75, 'attack': 71, 'defense': 70, 'special-attack': 40, 'special-defense': 80, 'speed': 77}",https://raw.githubusercontent.com/PokeAPI/sprites/master/sprites/pokemon/10092.png,https://raw.githubusercontent.com/PokeAPI/sprites/master/sprites/pokemon/back/10092.png
10093,raticate-totem-alola,14,1050,"['dark', 'normal']","['gluttony', 'hustle', 'thick-fat']","{'hp': 75, 'attack': 71, 'defense': 70, 'special-attack': 40, 'special-defense': 80, 'speed': 77}",https://raw.githubusercontent.com/PokeAPI/sprites/master/sprites/pokemon/10093.png,
10094,pikachu-original-cap,4,60,['electric'],"['static', 'lightning-rod']","{'hp': 35, 'attack': 55, 'defense': 40, 'special-attack': 50, 'special-defense': 50, 'speed': 90}",https://raw.githubusercontent.com/PokeAPI/sprites/master/sprites/pokemon/10094.png,
10095,pikachu-hoenn-cap,4,60,['electric'],"['static', 'lightning-rod']","{'hp': 35, 'attack': 55, 'defense': 40, 'special-attack': 50, 'special-defense': 50, 'speed': 90}",https://raw.githubusercontent.com/PokeAPI/sprites/master/sprites/pokemon/10095.png,
10096,pikachu-sinnoh-cap,4,60,['electric'],"['static', 'lightning-rod']","{'hp': 35, 'attack': 55, 'defense': 40, 'special-attack': 50, 'special-defense': 50, 'speed': 90}",https://raw.githubusercontent.com/PokeAPI/sprites/master/sprites/pokemon/10096.png,
10097,pikachu-unova-cap,4,60,['electric'],"['static', 'lightning-rod']","{'hp': 35, 'attack': 55, 'defense': 40, 'special-attack': 50, 'special-defense': 50, 'speed': 90}",https://raw.githubusercontent.com/PokeAPI/sprites/master/sprites/pokemon/10097.png,
10098,pikachu-kalos-cap,4,60,['electric'],"['static', 'lightning-rod']","{'hp': 35, 'attack': 55, 'defense': 40, 'special-attack': 50, 'special-defense': 50, 'speed': 90}",https://raw.githubusercontent.com/PokeAPI/sprites/master/sprites/pokemon/10098.png,
10099,pikachu-alola-cap,4,60,['electric'],"['static', 'lightning-rod']","{'hp': 35, 'attack': 55, 'defense': 40, 'special-attack': 50, 'special-defense': 50, 'speed': 90}",https://raw.githubusercontent.com/PokeAPI/sprites/master/sprites/pokemon/10099.png,
10100,raichu-alola,7,210,"['electric', 'psychic']",['surge-surfer'],"{'hp': 60, 'attack': 85, 'defense': 50, 'special-attack': 95, 'special-defense': 85, 'speed': 110}",https://raw.githubusercontent.com/PokeAPI/sprites/master/sprites/pokemon/10100.png,https://raw.githubusercontent.com/PokeAPI/sprites/master/sprites/pokemon/back/10100.png
10101,sandshrew-alola,7,400,"['ice', 'steel']","['snow-cloak', 'slush-rush']","{'hp': 50, 'attack': 75, 'defense': 90, 'special-attack': 10, 'special-defense': 35, 'speed': 40}",https://raw.githubusercontent.com/PokeAPI/sprites/master/sprites/pokemon/10101.png,https://raw.githubusercontent.com/PokeAPI/sprites/master/sprites/pokemon/back/10101.png
10102,sandslash-alola,12,550,"['ice', 'steel']","['snow-cloak', 'slush-rush']","{'hp': 75, 'attack': 100, 'defense': 120, 'special-attack': 25, 'special-defense': 65, 'speed': 65}",https://raw.githubusercontent.com/PokeAPI/sprites/master/sprites/pokemon/10102.png,https://raw.githubusercontent.com/PokeAPI/sprites/master/sprites/pokemon/back/10102.png
10103,vulpix-alola,6,99,['ice'],"['snow-cloak', 'snow-warning']","{'hp': 38, 'attack': 41, 'defense': 40, 'special-attack': 50, 'special-defense': 65, 'speed': 65}",https://raw.githubusercontent.com/PokeAPI/sprites/master/sprites/pokemon/10103.png,https://raw.githubusercontent.com/PokeAPI/sprites/master/sprites/pokemon/back/10103.png
10104,ninetales-alola,11,199,"['ice', 'fairy']","['snow-cloak', 'snow-warning']","{'hp': 73, 'attack': 67, 'defense': 75, 'special-attack': 81, 'special-defense': 100, 'speed': 109}",https://raw.githubusercontent.com/PokeAPI/sprites/master/sprites/pokemon/10104.png,https://raw.githubusercontent.com/PokeAPI/sprites/master/sprites/pokemon/back/10104.png
10105,diglett-alola,2,10,"['ground', 'steel']","['sand-veil', 'tangling-hair', 'sand-force']","{'hp': 10, 'attack': 55, 'defense': 30, 'special-attack': 35, 'special-defense': 45, 'speed': 90}",https://raw.githubusercontent.com/PokeAPI/sprites/master/sprites/pokemon/10105.png,https://raw.githubusercontent.com/PokeAPI/sprites/master/sprites/pokemon/back/10105.png
10106,dugtrio-alola,7,666,"['ground', 'steel']","['sand-veil', 'tangling-hair', 'sand-force']","{'hp': 35, 'attack': 100, 'defense': 60, 'special-attack': 50, 'special-defense': 70, 'speed': 110}",https://raw.githubusercontent.com/PokeAPI/sprites/master/sprites/pokemon/10106.png,https://raw.githubusercontent.com/PokeAPI/sprites/master/sprites/pokemon/back/10106.png
10107,meowth-alola,4,42,['dark'],"['pickup', 'technician', 'rattled']","{'hp': 40, 'attack': 35, 'defense': 35, 'special-attack': 50, 'special-defense': 40, 'speed': 90}",https://raw.githubusercontent.com/PokeAPI/sprites/master/sprites/pokemon/10107.png,https://raw.githubusercontent.com/PokeAPI/sprites/master/sprites/pokemon/back/10107.png
10108,persian-alola,11,330,['dark'],"['fur-coat', 'technician', 'rattled']","{'hp': 65, 'attack': 60, 'defense': 60, 'special-attack': 75, 'special-defense': 65, 'speed': 115}",https://raw.githubusercontent.com/PokeAPI/sprites/master/sprites/pokemon/10108.png,https://raw.githubusercontent.com/PokeAPI/sprites/master/sprites/pokemon/back/10108.png
10109,geodude-alola,4,203,"['rock', 'electric']","['magnet-pull', 'sturdy', 'galvanize']","{'hp': 40, 'attack': 80, 'defense': 100, 'special-attack': 30, 'special-defense': 30, 'speed': 20}",https://raw.githubusercontent.com/PokeAPI/sprites/master/sprites/pokemon/10109.png,https://raw.githubusercontent.com/PokeAPI/sprites/master/sprites/pokemon/back/10109.png
10110,graveler-alola,10,1100,"['rock', 'electric']","['magnet-pull', 'sturdy', 'galvanize']","{'hp': 55, 'attack': 95, 'defense': 115, 'special-attack': 45, 'special-defense': 45, 'speed': 35}",https://raw.githubusercontent.com/PokeAPI/sprites/master/sprites/pokemon/10110.png,https://raw.githubusercontent.com/PokeAPI/sprites/master/sprites/pokemon/back/10110.png
10111,golem-alola,17,3160,"['rock', 'electric']","['magnet-pull', 'sturdy', 'galvanize']","{'hp': 80, 'attack': 120, 'defense': 130, 'special-attack': 55, 'special-defense': 65, 'speed': 45}",https://raw.githubusercontent.com/PokeAPI/sprites/master/sprites/pokemon/10111.png,https://raw.githubusercontent.com/PokeAPI/sprites/master/sprites/pokemon/back/10111.png
10112,grimer-alola,7,420,"['poison', 'dark']","['poison-touch', 'gluttony', 'power-of-alchemy']","{'hp': 80, 'attack': 80, 'defense': 50, 'special-attack': 40, 'special-defense': 50, 'speed': 25}",https://raw.githubusercontent.com/PokeAPI/sprites/master/sprites/pokemon/10112.png,https://raw.githubusercontent.com/PokeAPI/sprites/master/sprites/pokemon/back/10112.png
10113,muk-alola,10,520,"['poison', 'dark']","['poison-touch', 'gluttony', 'power-of-alchemy']","{'hp': 105, 'attack': 105, 'defense': 75, 'special-attack': 65, 'special-defense': 100, 'speed': 50}",https://raw.githubusercontent.com/PokeAPI/sprites/master/sprites/pokemon/10113.png,https://raw.githubusercontent.com/PokeAPI/sprites/master/sprites/pokemon/back/10113.png
10114,exeggutor-alola,109,4156,"['grass', 'dragon']","['frisk', 'harvest']","{'hp': 95, 'attack': 105, 'defense': 85, 'special-attack': 125, 'special-defense': 75, 'speed': 45}",https://raw.githubusercontent.com/PokeAPI/sprites/master/sprites/pokemon/10114.png,https://raw.githubusercontent.com/PokeAPI/sprites/master/sprites/pokemon/back/10114.png
10115,marowak-alola,10,340,"['fire', 'ghost']","['cursed-body', 'lightning-rod', 'rock-head']","{'hp': 60, 'attack': 80, 'defense': 110, 'special-attack': 50, 'special-defense': 80, 'speed': 45}",https://raw.githubusercontent.com/PokeAPI/sprites/master/sprites/pokemon/10115.png,https://raw.githubusercontent.com/PokeAPI/sprites/master/sprites/pokemon/back/10115.png
10116,greninja-battle-bond,15,400,"['water', 'dark']",['battle-bond'],"{'hp': 72, 'attack': 95, 'defense': 67, 'special-attack': 103, 'special-defense': 71, 'speed': 122}",https://raw.githubusercontent.com/PokeAPI/sprites/master/sprites/pokemon/10116.png,https://raw.githubusercontent.com/PokeAPI/sprites/master/sprites/pokemon/back/10116.png
10117,greninja-ash,15,400,"['water', 'dark']",['battle-bond'],"{'hp': 72, 'attack': 145, 'defense': 67, 'special-attack': 153, 'special-defense': 71, 'speed': 132}",https://raw.githubusercontent.com/PokeAPI/sprites/master/sprites/pokemon/10117.png,
10118,zygarde-10-power-construct,12,335,"['dragon', 'ground']",['power-construct'],"{'hp': 54, 'attack': 100, 'defense': 71, 'special-attack': 61, 'special-defense': 85, 'speed': 115}",https://raw.githubusercontent.com/PokeAPI/sprites/master/sprites/pokemon/10118.png,https://raw.githubusercontent.com/PokeAPI/sprites/master/sprites/pokemon/back/10118.png
10119,zygarde-50-power-construct,50,3050,"['dragon', 'ground']",['power-construct'],"{'hp': 108, 'attack': 100, 'defense': 121, 'special-attack': 81, 'special-defense': 95, 'speed': 95}",https://raw.githubusercontent.com/PokeAPI/sprites/master/sprites/pokemon/10119.png,https://raw.githubusercontent.com/PokeAPI/sprites/master/sprites/pokemon/back/10119.png
10120,zygarde-complete,45,6100,"['dragon', 'ground']",['power-construct'],"{'hp': 216, 'attack': 100, 'defense': 121, 'special-attack': 91, 'special-defense': 95, 'speed': 85}",https://raw.githubusercontent.com/PokeAPI/sprites/master/sprites/pokemon/10120.png,https://raw.githubusercontent.com/PokeAPI/sprites/master/sprites/pokemon/back/10120.png
10121,gumshoos-totem,14,600,['normal'],"['stakeout', 'strong-jaw', 'adaptability']","{'hp': 88, 'attack': 110, 'defense': 60, 'special-attack': 55, 'special-defense': 60, 'speed': 45}",https://raw.githubusercontent.com/PokeAPI/sprites/master/sprites/pokemon/10121.png,
10122,vikavolt-totem,26,1475,"['bug', 'electric']",['levitate'],"{'hp': 77, 'attack': 70, 'defense': 90, 'special-attack': 145, 'special-defense': 75, 'speed': 43}",https://raw.githubusercontent.com/PokeAPI/sprites/master/sprites/pokemon/10122.png,
10123,oricorio-pom-pom,6,34,"['electric', 'flying']",['dancer'],"{'hp': 75, 'attack': 70, 'defense': 70, 'special-attack': 98, 'special-defense': 70, 'speed': 93}",https://raw.githubusercontent.com/PokeAPI/sprites/master/sprites/pokemon/10123.png,https://raw.githubusercontent.com/PokeAPI/sprites/master/sprites/pokemon/back/10123.png
10124,oricorio-pau,6,34,"['psychic', 'flying']",['dancer'],"{'hp': 75, 'attack': 70, 'defense': 70, 'special-attack': 98, 'special-defense': 70, 'speed': 93}",https://raw.githubusercontent.com/PokeAPI/sprites/master/sprites/pokemon/10124.png,https://raw.githubusercontent.com/PokeAPI/sprites/master/sprites/pokemon/back/10124.png
10125,oricorio-sensu,6,34,"['ghost', 'flying']",['dancer'],"{'hp': 75, 'attack': 70, 'defense': 70, 'special-attack': 98, 'special-defense': 70, 'speed': 93}",https://raw.githubusercontent.com/PokeAPI/sprites/master/sprites/pokemon/10125.png,https://raw.githubusercontent.com/PokeAPI/sprites/master/sprites/pokemon/back/10125.png
10126,lycanroc-midnight,11,250,['rock'],"['keen-eye', 'vital-spirit', 'no-guard']","{'hp': 85, 'attack': 115, 'defense': 75, 'special-attack': 55, 'special-defense': 75, 'speed': 82}",https://raw.githubusercontent.com/PokeAPI/sprites/master/sprites/pokemon/10126.png,https://raw.githubusercontent.com/PokeAPI/sprites/master/sprites/pokemon/back/10126.png
10127,wishiwashi-school,82,786,['water'],['schooling'],"{'hp': 45, 'attack': 140, 'defense': 130, 'special-attack': 140, 'special-defense': 135, 'speed': 30}",https://raw.githubusercontent.com/PokeAPI/sprites/master/sprites/pokemon/10127.png,https://raw.githubusercontent.com/PokeAPI/sprites/master/sprites/pokemon/back/10127.png
10128,lurantis-totem,15,580,['grass'],"['leaf-guard', 'contrary']","{'hp': 70, 'attack': 105, 'defense': 90, 'special-attack': 80, 'special-defense': 90, 'speed': 45}",,
10129,salazzle-totem,21,810,"['poison', 'fire']","['corrosion', 'oblivious']","{'hp': 68, 'attack': 64, 'defense': 60, 'special-attack': 111, 'special-defense': 60, 'speed': 117}",,
10130,minior-orange-meteor,3,400,"['rock', 'flying']",['shields-down'],"{'hp': 60, 'attack': 60, 'defense': 100, 'special-attack': 60, 'special-defense': 100, 'speed': 60}",https://raw.githubusercontent.com/PokeAPI/sprites/master/sprites/pokemon/10130.png,
10131,minior-yellow-meteor,3,400,"['rock', 'flying']",['shields-down'],"{'hp': 60, 'attack': 60, 'defense': 100, 'special-attack': 60, 'special-defense': 100, 'speed': 60}",https://raw.githubusercontent.com/PokeAPI/sprites/master/sprites/pokemon/10131.png,
10132,minior-green-meteor,3,400,"['rock', 'flying']",['shields-down'],"{'hp': 60, 'attack': 60, 'defense': 100, 'special-attack': 60, 'special-defense': 100, 'speed': 60}",https://raw.githubusercontent.com/PokeAPI/sprites/master/sprites/pokemon/10132.png,
10133,minior-blue-meteor,3,400,"['rock', 'flying']",['shields-down'],"{'hp': 60, 'attack': 60, 'defense': 100, 'special-attack': 60, 'special-defense': 100, 'speed': 60}",https://raw.githubusercontent.com/PokeAPI/sprites/master/sprites/pokemon/10133.png,
10134,minior-indigo-meteor,3,400,"['rock', 'flying']",['shields-down'],"{'hp': 60, 'attack': 60, 'defense': 100, 'special-attack': 60, 'special-defense': 100, 'speed': 60}",https://raw.githubusercontent.com/PokeAPI/sprites/master/sprites/pokemon/10134.png,
10135,minior-violet-meteor,3,400,"['rock', 'flying']",['shields-down'],"{'hp': 60, 'attack': 60, 'defense': 100, 'special-attack': 60, 'special-defense': 100, 'speed': 60}",https://raw.githubusercontent.com/PokeAPI/sprites/master/sprites/pokemon/10135.png,
10136,minior-red,3,3,"['rock', 'flying']",['shields-down'],"{'hp': 60, 'attack': 100, 'defense': 60, 'special-attack': 100, 'special-defense': 60, 'speed': 120}",https://raw.githubusercontent.com/PokeAPI/sprites/master/sprites/pokemon/10136.png,https://raw.githubusercontent.com/PokeAPI/sprites/master/sprites/pokemon/back/10136.png
10137,minior-orange,3,3,"['rock', 'flying']",['shields-down'],"{'hp': 60, 'attack': 100, 'defense': 60, 'special-attack': 100, 'special-defense': 60, 'speed': 120}",https://raw.githubusercontent.com/PokeAPI/sprites/master/sprites/pokemon/10137.png,https://raw.githubusercontent.com/PokeAPI/sprites/master/sprites/pokemon/back/10137.png
10138,minior-yellow,3,3,"['rock', 'flying']",['shields-down'],"{'hp': 60, 'attack': 100, 'defense': 60, 'special-attack': 100, 'special-defense': 60, 'speed': 120}",https://raw.githubusercontent.com/PokeAPI/sprites/master/sprites/pokemon/10138.png,https://raw.githubusercontent.com/PokeAPI/sprites/master/sprites/pokemon/back/10138.png
10139,minior-green,3,3,"['rock', 'flying']",['shields-down'],"{'hp': 60, 'attack': 100, 'defense': 60, 'special-attack': 100, 'special-defense': 60, 'speed': 120}",https://raw.githubusercontent.com/PokeAPI/sprites/master/sprites/pokemon/10139.png,https://raw.githubusercontent.com/PokeAPI/sprites/master/sprites/pokemon/back/10139.png
10140,minior-blue,3,3,"['rock', 'flying']",['shields-down'],"{'hp': 60, 'attack': 100, 'defense': 60, 'special-attack': 100, 'special-defense': 60, 'speed': 120}",https://raw.githubusercontent.com/PokeAPI/sprites/master/sprites/pokemon/10140.png,https://raw.githubusercontent.com/PokeAPI/sprites/master/sprites/pokemon/back/10140.png
10141,minior-indigo,3,3,"['rock', 'flying']",['shields-down'],"{'hp': 60, 'attack': 100, 'defense': 60, 'special-attack': 100, 'special-defense': 60, 'speed': 120}",https://raw.githubusercontent.com/PokeAPI/sprites/master/sprites/pokemon/10141.png,https://raw.githubusercontent.com/PokeAPI/sprites/master/sprites/pokemon/back/10141.png
10142,minior-violet,3,3,"['rock', 'flying']",['shields-down'],"{'hp': 60, 'attack': 100, 'defense': 60, 'special-attack': 100, 'special-defense': 60, 'speed': 120}",https://raw.githubusercontent.com/PokeAPI/sprites/master/sprites/pokemon/10142.png,https://raw.githubusercontent.com/PokeAPI/sprites/master/sprites/pokemon/back/10142.png
10143,mimikyu-busted,2,7,"['ghost', 'fairy']",['disguise'],"{'hp': 55, 'attack': 90, 'defense': 80, 'special-attack': 50, 'special-defense': 105, 'speed': 96}",https://raw.githubusercontent.com/PokeAPI/sprites/master/sprites/pokemon/10143.png,https://raw.githubusercontent.com/PokeAPI/sprites/master/sprites/pokemon/back/10143.png
10144,mimikyu-totem-disguised,4,28,"['ghost', 'fairy']",['disguise'],"{'hp': 55, 'attack': 90, 'defense': 80, 'special-attack': 50, 'special-defense': 105, 'speed': 96}",https://raw.githubusercontent.com/PokeAPI/sprites/master/sprites/pokemon/10144.png,
10145,mimikyu-totem-busted,4,28,"['ghost', 'fairy']",['disguise'],"{'hp': 55, 'attack': 90, 'defense': 80, 'special-attack': 50, 'special-defense': 105, 'speed': 96}",https://raw.githubusercontent.com/PokeAPI/sprites/master/sprites/pokemon/10145.png,
10146,kommo-o-totem,24,2075,"['dragon', 'fighting']","['bulletproof', 'soundproof', 'overcoat']","{'hp': 75, 'attack': 110, 'defense': 125, 'special-attack': 100, 'special-defense': 105, 'speed': 85}",,
10147,magearna-original,10,805,"['steel', 'fairy']",['soul-heart'],"{'hp': 80, 'attack': 95, 'defense': 115, 'special-attack': 130, 'special-defense': 115, 'speed': 65}",https://raw.githubusercontent.com/PokeAPI/sprites/master/sprites/pokemon/10147.png,https://raw.githubusercontent.com/PokeAPI/sprites/master/sprites/pokemon/back/10147.png
10148,pikachu-partner-cap,4,60,['electric'],"['static', 'lightning-rod']","{'hp': 35, 'attack': 55, 'defense': 40, 'special-attack': 50, 'special-defense': 50, 'speed': 90}",https://raw.githubusercontent.com/PokeAPI/sprites/master/sprites/pokemon/10148.png,
10149,marowak-totem,17,980,"['fire', 'ghost']","['cursed-body', 'lightning-rod', 'rock-head']","{'hp': 60, 'attack': 80, 'defense': 110, 'special-attack': 50, 'special-defense': 80, 'speed': 45}",https://raw.githubusercontent.com/PokeAPI/sprites/master/sprites/pokemon/10149.png,
10150,ribombee-totem,4,20,"['bug', 'fairy']","['honey-gather', 'shield-dust', 'sweet-veil']","{'hp': 60, 'attack': 55, 'defense': 60, 'special-attack': 95, 'special-defense': 70, 'speed': 124}",https://raw.githubusercontent.com/PokeAPI/sprites/master/sprites/pokemon/10150.png,
10151,rockruff-own-tempo,5,92,['rock'],['own-tempo'],"{'hp': 45, 'attack': 65, 'defense': 40, 'special-attack': 30, 'special-defense': 40, 'speed': 60}",https://raw.githubusercontent.com/PokeAPI/sprites/master/sprites/pokemon/10151.png,
10152,lycanroc-dusk,8,250,['rock'],['tough-claws'],"{'hp': 75, 'attack': 117, 'defense': 65, 'special-attack': 55, 'special-defense': 65, 'speed': 110}",https://raw.githubusercontent.com/PokeAPI/sprites/master/sprites/pokemon/10152.png,https://raw.githubusercontent.com/PokeAPI/sprites/master/sprites/pokemon/back/10152.png
10153,araquanid-totem,31,2175,"['water', 'bug']","['water-bubble', 'water-absorb']","{'hp': 68, 'attack': 70, 'defense': 92, 'special-attack': 50, 'special-defense': 132, 'speed': 42}",,
10154,togedemaru-totem,6,130,"['electric', 'steel']","['iron-barbs', 'lightning-rod', 'sturdy']","{'hp': 65, 'attack': 98, 'defense': 63, 'special-attack': 40, 'special-defense': 73, 'speed': 96}",,
10155,necrozma-dusk,38,4600,"['psychic', 'steel']",['prism-armor'],"{'hp': 97, 'attack': 157, 'defense': 127, 'special-attack': 113, 'special-defense': 109, 'speed': 77}",https://raw.githubusercontent.com/PokeAPI/sprites/master/sprites/pokemon/10155.png,https://raw.githubusercontent.com/PokeAPI/sprites/master/sprites/pokemon/back/10155.png
10156,necrozma-dawn,42,3500,"['psychic', 'ghost']",['prism-armor'],"{'hp': 97, 'attack': 113, 'defense': 109, 'special-attack': 157, 'special-defense': 127, 'speed': 77}",https://raw.githubusercontent.com/PokeAPI/sprites/master/sprites/pokemon/10156.png,https://raw.githubusercontent.com/PokeAPI/sprites/master/sprites/pokemon/back/10156.png
10157,necrozma-ultra,75,2300,"['psychic', 'dragon']",['neuroforce'],"{'hp': 97, 'attack': 167, 'defense': 97, 'special-attack': 167, 'special-defense': 97, 'speed': 129}",https://raw.githubusercontent.com/PokeAPI/sprites/master/sprites/pokemon/10157.png,https://raw.githubusercontent.com/PokeAPI/sprites/master/sprites/pokemon/back/10157.png
10158,pikachu-starter,4,60,['electric'],"['static', 'lightning-rod']","{'hp': 45, 'attack': 80, 'defense': 50, 'special-attack': 75, 'special-defense': 60, 'speed': 120}",,
10159,eevee-starter,3,65,['normal'],"['run-away', 'adaptability', 'anticipation']","{'hp': 65, 'attack': 75, 'defense': 70, 'special-attack': 65, 'special-defense': 85, 'speed': 75}",,
10160,pikachu-world-cap,4,60,['electric'],"['static', 'lightning-rod']","{'hp': 35, 'attack': 55, 'defense': 40, 'special-attack': 50, 'special-defense': 50, 'speed': 90}",https://raw.githubusercontent.com/PokeAPI/sprites/master/sprites/pokemon/10160.png,https://raw.githubusercontent.com/PokeAPI/sprites/master/sprites/pokemon/back/10160.png
10161,meowth-galar,4,75,['steel'],"['pickup', 'tough-claws', 'unnerve']","{'hp': 50, 'attack': 65, 'defense': 55, 'special-attack': 40, 'special-defense': 40, 'speed': 40}",https://raw.githubusercontent.com/PokeAPI/sprites/master/sprites/pokemon/10161.png,https://raw.githubusercontent.com/PokeAPI/sprites/master/sprites/pokemon/back/10161.png
10162,ponyta-galar,8,240,['psychic'],"['run-away', 'pastel-veil', 'anticipation']","{'hp': 50, 'attack': 85, 'defense': 55, 'special-attack': 65, 'special-defense': 65, 'speed': 90}",https://raw.githubusercontent.com/PokeAPI/sprites/master/sprites/pokemon/10162.png,https://raw.githubusercontent.com/PokeAPI/sprites/master/sprites/pokemon/back/10162.png
10163,rapidash-galar,17,800,"['psychic', 'fairy']","['run-away', 'pastel-veil', 'anticipation']","{'hp': 65, 'attack': 100, 'defense': 70, 'special-attack': 80, 'special-defense': 80, 'speed': 105}",https://raw.githubusercontent.com/PokeAPI/sprites/master/sprites/pokemon/10163.png,https://raw.githubusercontent.com/PokeAPI/sprites/master/sprites/pokemon/back/10163.png
10164,slowpoke-galar,12,360,['psychic'],"['gluttony', 'own-tempo', 'regenerator']","{'hp': 90, 'attack': 65, 'defense': 65, 'special-attack': 40, 'special-defense': 40, 'speed': 15}",https://raw.githubusercontent.com/PokeAPI/sprites/master/sprites/pokemon/10164.png,https://raw.githubusercontent.com/PokeAPI/sprites/master/sprites/pokemon/back/10164.png
10165,slowbro-galar,16,705,"['poison', 'psychic']","['quick-draw', 'own-tempo', 'regenerator']","{'hp': 95, 'attack': 100, 'defense': 95, 'special-attack': 100, 'special-defense': 70, 'speed': 30}",https://raw.githubusercontent.com/PokeAPI/sprites/master/sprites/pokemon/10165.png,https://raw.githubusercontent.com/PokeAPI/sprites/master/sprites/pokemon/back/10165.png
10166,farfetchd-galar,8,420,['fighting'],"['steadfast', 'scrappy']","{'hp': 52, 'attack': 95, 'defense': 55, 'special-attack': 58, 'special-defense': 62, 'speed': 55}",https://raw.githubusercontent.com/PokeAPI/sprites/master/sprites/pokemon/10166.png,https://raw.githubusercontent.com/PokeAPI/sprites/master/sprites/pokemon/back/10166.png
10167,weezing-galar,30,160,"['poison', 'fairy']","['levitate', 'neutralizing-gas', 'misty-surge']","{'hp': 65, 'attack': 90, 'defense': 120, 'special-attack': 85, 'special-defense': 70, 'speed': 60}",https://raw.githubusercontent.com/PokeAPI/sprites/master/sprites/pokemon/10167.png,https://raw.githubusercontent.com/PokeAPI/sprites/master/sprites/pokemon/back/10167.png
10168,mr-mime-galar,14,568,"['ice', 'psychic']","['vital-spirit', 'screen-cleaner', 'ice-body']","{'hp': 50, 'attack': 65, 'defense': 65, 'special-attack': 90, 'special-defense': 90, 'speed': 100}",https://raw.githubusercontent.com/PokeAPI/sprites/master/sprites/pokemon/10168.png,https://raw.githubusercontent.com/PokeAPI/sprites/master/sprites/pokemon/back/10168.png
10169,articuno-galar,17,509,"['psychic', 'flying']",['competitive'],"{'hp': 90, 'attack': 85, 'defense': 85, 'special-attack': 125, 'special-defense': 100, 'speed': 95}",https://raw.githubusercontent.com/PokeAPI/sprites/master/sprites/pokemon/10169.png,https://raw.githubusercontent.com/PokeAPI/sprites/master/sprites/pokemon/back/10169.png
10170,zapdos-galar,16,582,"['fighting', 'flying']",['defiant'],"{'hp': 90, 'attack': 125, 'defense': 90, 'special-attack': 85, 'special-defense': 90, 'speed': 100}",https://raw.githubusercontent.com/PokeAPI/sprites/master/sprites/pokemon/10170.png,https://raw.githubusercontent.com/PokeAPI/sprites/master/sprites/pokemon/back/10170.png
10171,moltres-galar,20,660,"['dark', 'flying']",['berserk'],"{'hp': 90, 'attack': 85, 'defense': 90, 'special-attack': 100, 'special-defense': 125, 'speed': 90}",https://raw.githubusercontent.com/PokeAPI/sprites/master/sprites/pokemon/10171.png,https://raw.githubusercontent.com/PokeAPI/sprites/master/sprites/pokemon/back/10171.png
10172,slowking-galar,18,795,"['poison', 'psychic']","['curious-medicine', 'own-tempo', 'regenerator']","{'hp': 95, 'attack': 65, 'defense': 80, 'special-attack': 110, 'special-defense': 110, 'speed': 30}",https://raw.githubusercontent.com/PokeAPI/sprites/master/sprites/pokemon/10172.png,https://raw.githubusercontent.com/PokeAPI/sprites/master/sprites/pokemon/back/10172.png
10173,corsola-galar,6,5,['ghost'],"['weak-armor', 'cursed-body']","{'hp': 60, 'attack': 55, 'defense': 100, 'special-attack': 65, 'special-defense': 100, 'speed': 30}",https://raw.githubusercontent.com/PokeAPI/sprites/master/sprites/pokemon/10173.png,https://raw.githubusercontent.com/PokeAPI/sprites/master/sprites/pokemon/back/10173.png
10174,zigzagoon-galar,4,175,"['dark', 'normal']","['pickup', 'gluttony', 'quick-feet']","{'hp': 38, 'attack': 30, 'defense': 41, 'special-attack': 30, 'special-defense': 41, 'speed': 60}",https://raw.githubusercontent.com/PokeAPI/sprites/master/sprites/pokemon/10174.png,https://raw.githubusercontent.com/PokeAPI/sprites/master/sprites/pokemon/back/10174.png
10175,linoone-galar,5,325,"['dark', 'normal']","['pickup', 'gluttony', 'quick-feet']","{'hp': 78, 'attack': 70, 'defense': 61, 'special-attack': 50, 'special-defense': 61, 'speed': 100}",https://raw.githubusercontent.com/PokeAPI/sprites/master/sprites/pokemon/10175.png,https://raw.githubusercontent.com/PokeAPI/sprites/master/sprites/pokemon/back/10175.png
10176,darumaka-galar,7,400,['ice'],"['hustle', 'inner-focus']","{'hp': 70, 'attack': 90, 'defense': 45, 'special-attack': 15, 'special-defense': 45, 'speed': 50}",https://raw.githubusercontent.com/PokeAPI/sprites/master/sprites/pokemon/10176.png,https://raw.githubusercontent.com/PokeAPI/sprites/master/sprites/pokemon/back/10176.png
10177,darmanitan-galar-standard,17,1200,['ice'],"['gorilla-tactics', 'zen-mode']","{'hp': 105, 'attack': 140, 'defense': 55, 'special-attack': 30, 'special-defense': 55, 'speed': 95}",https://raw.githubusercontent.com/PokeAPI/sprites/master/sprites/pokemon/10177.png,https://raw.githubusercontent.com/PokeAPI/sprites/master/sprites/pokemon/back/10177.png
10178,darmanitan-galar-zen,17,1200,"['ice', 'fire']","['gorilla-tactics', 'zen-mode']","{'hp': 105, 'attack': 160, 'defense': 55, 'special-attack': 30, 'special-defense': 55, 'speed': 135}",https://raw.githubusercontent.com/PokeAPI/sprites/master/sprites/pokemon/10178.png,https://raw.githubusercontent.com/PokeAPI/sprites/master/sprites/pokemon/back/10178.png
10179,yamask-galar,5,15,"['ground', 'ghost']",['wandering-spirit'],"{'hp': 38, 'attack': 55, 'defense': 85, 'special-attack': 30, 'special-defense': 65, 'speed': 30}",https://raw.githubusercontent.com/PokeAPI/sprites/master/sprites/pokemon/10179.png,https://raw.githubusercontent.com/PokeAPI/sprites/master/sprites/pokemon/back/10179.png
10180,stunfisk-galar,7,205,"['ground', 'steel']",['mimicry'],"{'hp': 109, 'attack': 81, 'defense': 99, 'special-attack': 66, 'special-defense': 84, 'speed': 32}",https://raw.githubusercontent.com/PokeAPI/sprites/master/sprites/pokemon/10180.png,https://raw.githubusercontent.com/PokeAPI/sprites/master/sprites/pokemon/back/10180.png
10181,zygarde-10,12,335,"['dragon', 'ground']",['aura-break'],"{'hp': 54, 'attack': 100, 'defense': 71, 'special-attack': 61, 'special-defense': 85, 'speed': 115}",,
10182,cramorant-gulping,8,180,"['flying', 'water']",['gulp-missile'],"{'hp': 70, 'attack': 85, 'defense': 55, 'special-attack': 85, 'special-defense': 95, 'speed': 85}",,
10183,cramorant-gorging,8,180,"['flying', 'water']",['gulp-missile'],"{'hp': 70, 'attack': 85, 'defense': 55, 'special-attack': 85, 'special-defense': 95, 'speed': 85}",,
10184,toxtricity-low-key,16,400,"['electric', 'poison']","['punk-rock', 'minus', 'technician']","{'hp': 75, 'attack': 98, 'defense': 70, 'special-attack': 114, 'special-defense': 70, 'speed': 75}",https://raw.githubusercontent.com/PokeAPI/sprites/master/sprites/pokemon/10184.png,https://raw.githubusercontent.com/PokeAPI/sprites/master/sprites/pokemon/back/10184.png
10185,eiscue-noice,14,890,['ice'],['ice-face'],"{'hp': 75, 'attack': 80, 'defense': 70, 'special-attack': 65, 'special-defense': 50, 'speed': 130}",https://raw.githubusercontent.com/PokeAPI/sprites/master/sprites/pokemon/10185.png,https://raw.githubusercontent.com/PokeAPI/sprites/master/sprites/pokemon/back/10185.png
10186,indeedee-female,9,280,"['psychic', 'normal']","['own-tempo', 'synchronize', 'psychic-surge']","{'hp': 70, 'attack': 55, 'defense': 65, 'special-attack': 95, 'special-defense': 105, 'speed': 85}",https://raw.githubusercontent.com/PokeAPI/sprites/master/sprites/pokemon/10186.png,https://raw.githubusercontent.com/PokeAPI/sprites/master/sprites/pokemon/back/10186.png
10187,morpeko-hangry,3,30,"['electric', 'dark']",['hunger-switch'],"{'hp': 58, 'attack': 95, 'defense': 58, 'special-attack': 70, 'special-defense': 58, 'speed': 97}",https://raw.githubusercontent.com/PokeAPI/sprites/master/sprites/pokemon/10187.png,
10188,zacian-crowned,28,3550,"['fairy', 'steel']",['intrepid-sword'],"{'hp': 92, 'attack': 150, 'defense': 115, 'special-attack': 80, 'special-defense': 115, 'speed': 148}",https://raw.githubusercontent.com/PokeAPI/sprites/master/sprites/pokemon/10188.png,https://raw.githubusercontent.com/PokeAPI/sprites/master/sprites/pokemon/back/10188.png
10189,zamazenta-crowned,29,7850,"['fighting', 'steel']",['dauntless-shield'],"{'hp': 92, 'attack': 120, 'defense': 140, 'special-attack': 80, 'special-defense': 140, 'speed': 128}",https://raw.githubusercontent.com/PokeAPI/sprites/master/sprites/pokemon/10189.png,https://raw.githubusercontent.com/PokeAPI/sprites/master/sprites/pokemon/back/10189.png
10190,eternatus-eternamax,1000,0,"['poison', 'dragon']",['pressure'],"{'hp': 255, 'attack': 115, 'defense': 250, 'special-attack': 125, 'special-defense': 250, 'speed': 130}",https://raw.githubusercontent.com/PokeAPI/sprites/master/sprites/pokemon/10190.png,
10191,urshifu-rapid-strike,19,1050,"['fighting', 'water']",['unseen-fist'],"{'hp': 100, 'attack': 130, 'defense': 100, 'special-attack': 63, 'special-defense': 60, 'speed': 97}",https://raw.githubusercontent.com/PokeAPI/sprites/master/sprites/pokemon/10191.png,https://raw.githubusercontent.com/PokeAPI/sprites/master/sprites/pokemon/back/10191.png
10192,zarude-dada,18,700,"['dark', 'grass']",['leaf-guard'],"{'hp': 105, 'attack': 120, 'defense': 105, 'special-attack': 70, 'special-defense': 95, 'speed': 105}",https://raw.githubusercontent.com/PokeAPI/sprites/master/sprites/pokemon/10192.png,
10193,calyrex-ice,24,8091,"['psychic', 'ice']",['as-one-glastrier'],"{'hp': 100, 'attack': 165, 'defense': 150, 'special-attack': 85, 'special-defense': 130, 'speed': 50}",https://raw.githubusercontent.com/PokeAPI/sprites/master/sprites/pokemon/10193.png,https://raw.githubusercontent.com/PokeAPI/sprites/master/sprites/pokemon/back/10193.png
10194,calyrex-shadow,24,536,"['psychic', 'ghost']",['as-one-spectrier'],"{'hp': 100, 'attack': 85, 'defense': 80, 'special-attack': 165, 'special-defense': 100, 'speed': 150}",https://raw.githubusercontent.com/PokeAPI/sprites/master/sprites/pokemon/10194.png,https://raw.githubusercontent.com/PokeAPI/sprites/master/sprites/pokemon/back/10194.png
10195,venusaur-gmax,240,10000,"['grass', 'poison']","['overgrow', 'chlorophyll']","{'hp': 80, 'attack': 82, 'defense': 83, 'special-attack': 100, 'special-defense': 100, 'speed': 80}",https://raw.githubusercontent.com/PokeAPI/sprites/master/sprites/pokemon/10195.png,https://raw.githubusercontent.com/PokeAPI/sprites/master/sprites/pokemon/back/10195.png
10196,charizard-gmax,280,10000,"['fire', 'flying']","['blaze', 'solar-power']","{'hp': 78, 'attack': 84, 'defense': 78, 'special-attack': 109, 'special-defense': 85, 'speed': 100}",https://raw.githubusercontent.com/PokeAPI/sprites/master/sprites/pokemon/10196.png,https://raw.githubusercontent.com/PokeAPI/sprites/master/sprites/pokemon/back/10196.png
10197,blastoise-gmax,250,10000,['water'],"['torrent', 'rain-dish']","{'hp': 79, 'attack': 83, 'defense': 100, 'special-attack': 85, 'special-defense': 105, 'speed': 78}",https://raw.githubusercontent.com/PokeAPI/sprites/master/sprites/pokemon/10197.png,https://raw.githubusercontent.com/PokeAPI/sprites/master/sprites/pokemon/back/10197.png
10198,butterfree-gmax,170,10000,"['bug', 'flying']","['compound-eyes', 'tinted-lens']","{'hp': 60, 'attack': 45, 'defense': 50, 'special-attack': 90, 'special-defense': 80, 'speed': 70}",https://raw.githubusercontent.com/PokeAPI/sprites/master/sprites/pokemon/10198.png,https://raw.githubusercontent.com/PokeAPI/sprites/master/sprites/pokemon/back/10198.png
10199,pikachu-gmax,210,10000,['electric'],"['static', 'lightning-rod']","{'hp': 35, 'attack': 55, 'defense': 40, 'special-attack': 50, 'special-defense': 50, 'speed': 90}",https://raw.githubusercontent.com/PokeAPI/sprites/master/sprites/pokemon/10199.png,https://raw.githubusercontent.com/PokeAPI/sprites/master/sprites/pokemon/back/10199.png
10200,meowth-gmax,330,10000,['normal'],"['pickup', 'technician', 'unnerve']","{'hp': 40, 'attack': 45, 'defense': 35, 'special-attack': 40, 'special-defense': 40, 'speed': 90}",https://raw.githubusercontent.com/PokeAPI/sprites/master/sprites/pokemon/10200.png,https://raw.githubusercontent.com/PokeAPI/sprites/master/sprites/pokemon/back/10200.png
10201,machamp-gmax,250,10000,['fighting'],"['guts', 'no-guard', 'steadfast']","{'hp': 90, 'attack': 130, 'defense': 80, 'special-attack': 65, 'special-defense': 85, 'speed': 55}",https://raw.githubusercontent.com/PokeAPI/sprites/master/sprites/pokemon/10201.png,https://raw.githubusercontent.com/PokeAPI/sprites/master/sprites/pokemon/back/10201.png
10202,gengar-gmax,200,10000,"['ghost', 'poison']",['cursed-body'],"{'hp': 60, 'attack': 65, 'defense': 60, 'special-attack': 130, 'special-defense': 75, 'speed': 110}",https://raw.githubusercontent.com/PokeAPI/sprites/master/sprites/pokemon/10202.png,https://raw.githubusercontent.com/PokeAPI/sprites/master/sprites/pokemon/back/10202.png
10203,kingler-gmax,190,10000,['water'],"['hyper-cutter', 'shell-armor', 'sheer-force']","{'hp': 55, 'attack': 130, 'defense': 115, 'special-attack': 50, 'special-defense': 50, 'speed': 75}",https://raw.githubusercontent.com/PokeAPI/sprites/master/sprites/pokemon/10203.png,https://raw.githubusercontent.com/PokeAPI/sprites/master/sprites/pokemon/back/10203.png
10204,lapras-gmax,240,10000,"['water', 'ice']","['water-absorb', 'shell-armor', 'hydration']","{'hp': 130, 'attack': 85, 'defense': 80, 'special-attack': 85, 'special-defense': 95, 'speed': 60}",https://raw.githubusercontent.com/PokeAPI/sprites/master/sprites/pokemon/10204.png,https://raw.githubusercontent.com/PokeAPI/sprites/master/sprites/pokemon/back/10204.png
10205,eevee-gmax,180,10000,['normal'],"['run-away', 'adaptability', 'anticipation']","{'hp': 55, 'attack': 55, 'defense': 50, 'special-attack': 45, 'special-defense': 65, 'speed': 55}",https://raw.githubusercontent.com/PokeAPI/sprites/master/sprites/pokemon/10205.png,https://raw.githubusercontent.com/PokeAPI/sprites/master/sprites/pokemon/back/10205.png
10206,snorlax-gmax,350,10000,['normal'],"['immunity', 'thick-fat', 'gluttony']","{'hp': 160, 'attack': 110, 'defense': 65, 'special-attack': 65, 'special-defense': 110, 'speed': 30}",https://raw.githubusercontent.com/PokeAPI/sprites/master/sprites/pokemon/10206.png,https://raw.githubusercontent.com/PokeAPI/sprites/master/sprites/pokemon/back/10206.png
10207,garbodor-gmax,210,10000,['poison'],"['stench', 'weak-armor', 'aftermath']","{'hp': 80, 'attack': 95, 'defense': 82, 'special-attack': 60, 'special-defense': 82, 'speed': 75}",https://raw.githubusercontent.com/PokeAPI/sprites/master/sprites/pokemon/10207.png,https://raw.githubusercontent.com/PokeAPI/sprites/master/sprites/pokemon/back/10207.png
10208,melmetal-gmax,250,10000,['steel'],['iron-fist'],"{'hp': 135, 'attack': 143, 'defense': 143, 'special-attack': 80, 'special-defense': 65, 'speed': 34}",https://raw.githubusercontent.com/PokeAPI/sprites/master/sprites/pokemon/10208.png,https://raw.githubusercontent.com/PokeAPI/sprites/master/sprites/pokemon/back/10208.png
10209,rillaboom-gmax,280,10000,['grass'],"['overgrow', 'grassy-surge']","{'hp': 100, 'attack': 125, 'defense': 90, 'special-attack': 60, 'special-defense': 70, 'speed': 85}",https://raw.githubusercontent.com/PokeAPI/sprites/master/sprites/pokemon/10209.png,https://raw.githubusercontent.com/PokeAPI/sprites/master/sprites/pokemon/back/10209.png
10210,cinderace-gmax,270,10000,['fire'],"['blaze', 'libero']","{'hp': 80, 'attack': 116, 'defense': 75, 'special-attack': 65, 'special-defense': 75, 'speed': 119}",https://raw.githubusercontent.com/PokeAPI/sprites/master/sprites/pokemon/10210.png,https://raw.githubusercontent.com/PokeAPI/sprites/master/sprites/pokemon/back/10210.png
10211,inteleon-gmax,400,10000,['water'],"['torrent', 'sniper']","{'hp': 70, 'attack': 85, 'defense': 65, 'special-attack': 125, 'special-defense': 65, 'speed': 120}",https://raw.githubusercontent.com/PokeAPI/sprites/master/sprites/pokemon/10211.png,https://raw.githubusercontent.com/PokeAPI/sprites/master/sprites/pokemon/back/10211.png
10212,corviknight-gmax,140,10000,"['flying', 'steel']","['pressure', 'unnerve', 'mirror-armor']","{'hp': 98, 'attack': 87, 'defense': 105, 'special-attack': 53, 'special-defense': 85, 'speed': 67}",https://raw.githubusercontent.com/PokeAPI/sprites/master/sprites/pokemon/10212.png,https://raw.githubusercontent.com/PokeAPI/sprites/master/sprites/pokemon/back/10212.png
10213,orbeetle-gmax,140,10000,"['bug', 'psychic']","['swarm', 'frisk', 'telepathy']","{'hp': 60, 'attack': 45, 'defense': 110, 'special-attack': 80, 'special-defense': 120, 'speed': 90}",https://raw.githubusercontent.com/PokeAPI/sprites/master/sprites/pokemon/10213.png,https://raw.githubusercontent.com/PokeAPI/sprites/master/sprites/pokemon/back/10213.png
10214,drednaw-gmax,240,10000,"['water', 'rock']","['strong-jaw', 'shell-armor', 'swift-swim']","{'hp': 90, 'attack': 115, 'defense': 90, 'special-attack': 48, 'special-defense': 68, 'speed': 74}",https://raw.githubusercontent.com/PokeAPI/sprites/master/sprites/pokemon/10214.png,https://raw.githubusercontent.com/PokeAPI/sprites/master/sprites/pokemon/back/10214.png
10215,coalossal-gmax,420,10000,"['rock', 'fire']","['steam-engine', 'flame-body', 'flash-fire']","{'hp': 110, 'attack': 80, 'defense': 120, 'special-attack': 80, 'special-defense': 90, 'speed': 30}",https://raw.githubusercontent.com/PokeAPI/sprites/master/sprites/pokemon/10215.png,https://raw.githubusercontent.com/PokeAPI/sprites/master/sprites/pokemon/back/10215.png
10216,flapple-gmax,240,10000,"['grass', 'dragon']","['ripen', 'gluttony', 'hustle']","{'hp': 70, 'attack': 110, 'defense': 80, 'special-attack': 95, 'special-defense': 60, 'speed': 70}",https://raw.githubusercontent.com/PokeAPI/sprites/master/sprites/pokemon/10216.png,
10217,appletun-gmax,240,10000,"['grass', 'dragon']","['ripen', 'gluttony', 'thick-fat']","{'hp': 110, 'attack': 85, 'defense': 80, 'special-attack': 100, 'special-defense': 80, 'speed': 30}",https://raw.githubusercontent.com/PokeAPI/sprites/master/sprites/pokemon/10217.png,
10218,sandaconda-gmax,220,10000,['ground'],"['sand-spit', 'shed-skin', 'sand-veil']","{'hp': 72, 'attack': 107, 'defense': 125, 'special-attack': 65, 'special-defense': 70, 'speed': 71}",https://raw.githubusercontent.com/PokeAPI/sprites/master/sprites/pokemon/10218.png,https://raw.githubusercontent.com/PokeAPI/sprites/master/sprites/pokemon/back/10218.png
10219,toxtricity-amped-gmax,240,10000,"['electric', 'poison']","['punk-rock', 'plus', 'technician']","{'hp': 75, 'attack': 98, 'defense': 70, 'special-attack': 114, 'special-defense': 70, 'speed': 75}",https://raw.githubusercontent.com/PokeAPI/sprites/master/sprites/pokemon/10219.png,
10220,centiskorch-gmax,750,10000,"['fire', 'bug']","['flash-fire', 'white-smoke', 'flame-body']","{'hp': 100, 'attack': 115, 'defense': 65, 'special-attack': 90, 'special-defense': 90, 'speed': 65}",https://raw.githubusercontent.com/PokeAPI/sprites/master/sprites/pokemon/10220.png,https://raw.githubusercontent.com/PokeAPI/sprites/master/sprites/pokemon/back/10220.png
10221,hatterene-gmax,260,10000,"['psychic', 'fairy']","['healer', 'anticipation', 'magic-bounce']","{'hp': 57, 'attack': 90, 'defense': 95, 'special-attack': 136, 'special-defense': 103, 'speed': 29}",https://raw.githubusercontent.com/PokeAPI/sprites/master/sprites/pokemon/10221.png,https://raw.githubusercontent.com/PokeAPI/sprites/master/sprites/pokemon/back/10221.png
10222,grimmsnarl-gmax,320,10000,"['dark', 'fairy']","['prankster', 'frisk', 'pickpocket']","{'hp': 95, 'attack': 120, 'defense': 65, 'special-attack': 95, 'special-defense': 75, 'speed': 60}",https://raw.githubusercontent.com/PokeAPI/sprites/master/sprites/pokemon/10222.png,https://raw.githubusercontent.com/PokeAPI/sprites/master/sprites/pokemon/back/10222.png
10223,alcremie-gmax,300,10000,['fairy'],"['sweet-veil', 'aroma-veil']","{'hp': 65, 'attack': 60, 'defense': 75, 'special-attack': 110, 'special-defense': 121, 'speed': 64}",https://raw.githubusercontent.com/PokeAPI/sprites/master/sprites/pokemon/10223.png,https://raw.githubusercontent.com/PokeAPI/sprites/master/sprites/pokemon/back/10223.png
10224,copperajah-gmax,230,10000,['steel'],"['sheer-force', 'heavy-metal']","{'hp': 122, 'attack': 130, 'defense': 69, 'special-attack': 80, 'special-defense': 69, 'speed': 30}",https://raw.githubusercontent.com/PokeAPI/sprites/master/sprites/pokemon/10224.png,https://raw.githubusercontent.com/PokeAPI/sprites/master/sprites/pokemon/back/10224.png
10225,duraludon-gmax,430,10000,"['steel', 'dragon']","['light-metal', 'heavy-metal', 'stalwart']","{'hp': 70, 'attack': 95, 'defense': 115, 'special-attack': 120, 'special-defense': 50, 'speed': 85}",https://raw.githubusercontent.com/PokeAPI/sprites/master/sprites/pokemon/10225.png,https://raw.githubusercontent.com/PokeAPI/sprites/master/sprites/pokemon/back/10225.png
10226,urshifu-single-strike-gmax,290,10000,"['fighting', 'dark']",['unseen-fist'],"{'hp': 100, 'attack': 130, 'defense': 100, 'special-attack': 63, 'special-defense': 60, 'speed': 97}",https://raw.githubusercontent.com/PokeAPI/sprites/master/sprites/pokemon/10226.png,
10227,urshifu-rapid-strike-gmax,260,10000,"['fighting', 'water']",['unseen-fist'],"{'hp': 100, 'attack': 130, 'defense': 100, 'special-attack': 63, 'special-defense': 60, 'speed': 97}",https://raw.githubusercontent.com/PokeAPI/sprites/master/sprites/pokemon/10227.png,
10228,toxtricity-low-key-gmax,240,10000,"['electric', 'poison']","['punk-rock', 'minus', 'technician']","{'hp': 75, 'attack': 98, 'defense': 70, 'special-attack': 114, 'special-defense': 70, 'speed': 75}",https://raw.githubusercontent.com/PokeAPI/sprites/master/sprites/pokemon/10228.png,
10229,growlithe-hisui,8,227,"['fire', 'rock']","['intimidate', 'flash-fire', 'rock-head']","{'hp': 60, 'attack': 75, 'defense': 45, 'special-attack': 65, 'special-defense': 50, 'speed': 55}",https://raw.githubusercontent.com/PokeAPI/sprites/master/sprites/pokemon/10229.png,
10230,arcanine-hisui,20,1680,"['fire', 'rock']","['intimidate', 'flash-fire', 'rock-head']","{'hp': 95, 'attack': 115, 'defense': 80, 'special-attack': 95, 'special-defense': 80, 'speed': 90}",https://raw.githubusercontent.com/PokeAPI/sprites/master/sprites/pokemon/10230.png,
10231,voltorb-hisui,5,130,"['electric', 'grass']","['soundproof', 'static', 'aftermath']","{'hp': 40, 'attack': 30, 'defense': 50, 'special-attack': 55, 'special-defense': 55, 'speed': 100}",https://raw.githubusercontent.com/PokeAPI/sprites/master/sprites/pokemon/10231.png,
10232,electrode-hisui,12,710,"['electric', 'grass']","['soundproof', 'static', 'aftermath']","{'hp': 60, 'attack': 50, 'defense': 70, 'special-attack': 80, 'special-defense': 80, 'speed': 150}",https://raw.githubusercontent.com/PokeAPI/sprites/master/sprites/pokemon/10232.png,
10233,typhlosion-hisui,16,698,"['fire', 'ghost']","['blaze', 'frisk']","{'hp': 73, 'attack': 84, 'defense': 78, 'special-attack': 119, 'special-defense': 85, 'speed': 95}",https://raw.githubusercontent.com/PokeAPI/sprites/master/sprites/pokemon/10233.png,
10234,qwilfish-hisui,5,39,"['dark', 'poison']","['poison-point', 'swift-swim', 'intimidate']","{'hp': 65, 'attack': 95, 'defense': 85, 'special-attack': 55, 'special-defense': 55, 'speed': 85}",https://raw.githubusercontent.com/PokeAPI/sprites/master/sprites/pokemon/10234.png,
10235,sneasel-hisui,9,270,"['fighting', 'poison']","['inner-focus', 'keen-eye', 'pickpocket']","{'hp': 55, 'attack': 95, 'defense': 55, 'special-attack': 35, 'special-defense': 75, 'speed': 115}",https://raw.githubusercontent.com/PokeAPI/sprites/master/sprites/pokemon/10235.png,
10236,samurott-hisui,15,582,"['water', 'dark']","['torrent', 'sharpness']","{'hp': 90, 'attack': 108, 'defense': 80, 'special-attack': 100, 'special-defense': 65, 'speed': 85}",https://raw.githubusercontent.com/PokeAPI/sprites/master/sprites/pokemon/10236.png,
10237,lilligant-hisui,12,192,"['grass', 'fighting']","['chlorophyll', 'hustle', 'leaf-guard']","{'hp': 70, 'attack': 105, 'defense': 75, 'special-attack': 50, 'special-defense': 75, 'speed': 105}",https://raw.githubusercontent.com/PokeAPI/sprites/master/sprites/pokemon/10237.png,
10238,zorua-hisui,7,125,"['normal', 'ghost']",['illusion'],"{'hp': 35, 'attack': 60, 'defense': 40, 'special-attack': 85, 'special-defense': 40, 'speed': 70}",https://raw.githubusercontent.com/PokeAPI/sprites/master/sprites/pokemon/10238.png,
10239,zoroark-hisui,16,730,"['normal', 'ghost']",['illusion'],"{'hp': 55, 'attack': 100, 'defense': 60, 'special-attack': 125, 'special-defense': 60, 'speed': 110}",https://raw.githubusercontent.com/PokeAPI/sprites/master/sprites/pokemon/10239.png,
10240,braviary-hisui,17,434,"['psychic', 'flying']","['keen-eye', 'sheer-force', 'tinted-lens']","{'hp': 110, 'attack': 83, 'defense': 70, 'special-attack': 112, 'special-defense': 70, 'speed': 65}",https://raw.githubusercontent.com/PokeAPI/sprites/master/sprites/pokemon/10240.png,
10241,sliggoo-hisui,7,685,"['steel', 'dragon']","['sap-sipper', 'shell-armor', 'gooey']","{'hp': 58, 'attack': 75, 'defense': 83, 'special-attack': 83, 'special-defense': 113, 'speed': 40}",https://raw.githubusercontent.com/PokeAPI/sprites/master/sprites/pokemon/10241.png,
10242,goodra-hisui,17,3341,"['steel', 'dragon']","['sap-sipper', 'shell-armor', 'gooey']","{'hp': 80, 'attack': 100, 'defense': 100, 'special-attack': 110, 'special-defense': 150, 'speed': 60}",https://raw.githubusercontent.com/PokeAPI/sprites/master/sprites/pokemon/10242.png,
10243,avalugg-hisui,14,2624,"['ice', 'rock']","['strong-jaw', 'ice-body', 'sturdy']","{'hp': 95, 'attack': 127, 'defense': 184, 'special-attack': 34, 'special-defense': 36, 'speed': 38}",https://raw.githubusercontent.com/PokeAPI/sprites/master/sprites/pokemon/10243.png,
10244,decidueye-hisui,16,370,"['grass', 'fighting']","['overgrow', 'scrappy']","{'hp': 88, 'attack': 112, 'defense': 80, 'special-attack': 95, 'special-defense': 95, 'speed': 60}",https://raw.githubusercontent.com/PokeAPI/sprites/master/sprites/pokemon/10244.png,
10245,dialga-origin,70,8487,"['steel', 'dragon']","['pressure', 'telepathy']","{'hp': 100, 'attack': 100, 'defense': 120, 'special-attack': 150, 'special-defense': 120, 'speed': 90}",https://raw.githubusercontent.com/PokeAPI/sprites/master/sprites/pokemon/10245.png,
10246,palkia-origin,63,6590,"['water', 'dragon']","['pressure', 'telepathy']","{'hp': 90, 'attack': 100, 'defense': 100, 'special-attack': 150, 'special-defense': 120, 'speed': 120}",https://raw.githubusercontent.com/PokeAPI/sprites/master/sprites/pokemon/10246.png,
10247,basculin-white-striped,10,180,['water'],"['rattled', 'adaptability', 'mold-breaker']","{'hp': 70, 'attack': 92, 'defense': 65, 'special-attack': 80, 'special-defense': 55, 'speed': 98}",https://raw.githubusercontent.com/PokeAPI/sprites/master/sprites/pokemon/10247.png,
10248,basculegion-female,30,1100,"['water', 'ghost']","['swift-swim', 'adaptability', 'mold-breaker']","{'hp': 120, 'attack': 92, 'defense': 65, 'special-attack': 100, 'special-defense': 75, 'speed': 78}",https://raw.githubusercontent.com/PokeAPI/sprites/master/sprites/pokemon/10248.png,
10249,enamorus-therian,16,480,"['fairy', 'flying']",['overcoat'],"{'hp': 74, 'attack': 115, 'defense': 110, 'special-attack': 135, 'special-defense': 100, 'speed': 46}",https://raw.githubusercontent.com/PokeAPI/sprites/master/sprites/pokemon/10249.png,
10250,tauros-paldea-combat-breed,14,1150,['fighting'],"['intimidate', 'anger-point', 'cud-chew']","{'hp': 75, 'attack': 110, 'defense': 105, 'special-attack': 30, 'special-defense': 70, 'speed': 100}",https://raw.githubusercontent.com/PokeAPI/sprites/master/sprites/pokemon/10250.png,
10251,tauros-paldea-blaze-breed,14,850,"['fighting', 'fire']","['intimidate', 'anger-point', 'cud-chew']","{'hp': 75, 'attack': 110, 'defense': 105, 'special-attack': 30, 'special-defense': 70, 'speed': 100}",https://raw.githubusercontent.com/PokeAPI/sprites/master/sprites/pokemon/10251.png,
10252,tauros-paldea-aqua-breed,14,1100,"['fighting', 'water']","['intimidate', 'anger-point', 'cud-chew']","{'hp': 75, 'attack': 110, 'defense': 105, 'special-attack': 30, 'special-defense': 70, 'speed': 100}",https://raw.githubusercontent.com/PokeAPI/sprites/master/sprites/pokemon/10252.png,
10253,wooper-paldea,4,110,"['poison', 'ground']","['poison-point', 'water-absorb', 'unaware']","{'hp': 55, 'attack': 45, 'defense': 45, 'special-attack': 25, 'special-defense': 25, 'speed': 15}",https://raw.githubusercontent.com/PokeAPI/sprites/master/sprites/pokemon/10253.png,
10254,oinkologne-female,10,1200,['normal'],"['aroma-veil', 'gluttony', 'thick-fat']","{'hp': 115, 'attack': 90, 'defense': 70, 'special-attack': 59, 'special-defense': 90, 'speed': 65}",https://raw.githubusercontent.com/PokeAPI/sprites/master/sprites/pokemon/10254.png,
10255,dudunsparce-three-segment,45,474,['normal'],"['serene-grace', 'run-away', 'rattled']","{'hp': 125, 'attack': 100, 'defense': 80, 'special-attack': 85, 'special-defense': 75, 'speed': 55}",https://raw.githubusercontent.com/PokeAPI/sprites/master/sprites/pokemon/10255.png,
10256,palafin-hero,18,974,['water'],"['zero-to-hero', 'zero-to-hero']","{'hp': 100, 'attack': 160, 'defense': 97, 'special-attack': 106, 'special-defense': 87, 'speed': 100}",https://raw.githubusercontent.com/PokeAPI/sprites/master/sprites/pokemon/10256.png,
10257,maushold-family-of-three,3,28,['normal'],"['friend-guard', 'cheek-pouch', 'technician']","{'hp': 74, 'attack': 75, 'defense': 70, 'special-attack': 65, 'special-defense': 75, 'speed': 111}",https://raw.githubusercontent.com/PokeAPI/sprites/master/sprites/pokemon/10257.png,
10258,tatsugiri-droopy,3,80,"['dragon', 'water']","['commander', 'storm-drain']","{'hp': 68, 'attack': 50, 'defense': 60, 'special-attack': 120, 'special-defense': 95, 'speed': 82}",https://raw.githubusercontent.com/PokeAPI/sprites/master/sprites/pokemon/10258.png,
10259,tatsugiri-stretchy,3,80,"['dragon', 'water']","['commander', 'storm-drain']","{'hp': 68, 'attack': 50, 'defense': 60, 'special-attack': 120, 'special-defense': 95, 'speed': 82}",https://raw.githubusercontent.com/PokeAPI/sprites/master/sprites/pokemon/10259.png,
10260,squawkabilly-blue-plumage,6,24,"['normal', 'flying']","['intimidate', 'hustle', 'guts']","{'hp': 82, 'attack': 96, 'defense': 51, 'special-attack': 45, 'special-defense': 51, 'speed': 92}",https://raw.githubusercontent.com/PokeAPI/sprites/master/sprites/pokemon/10260.png,
10261,squawkabilly-yellow-plumage,6,24,"['normal', 'flying']","['intimidate', 'hustle', 'sheer-force']","{'hp': 82, 'attack': 96, 'defense': 51, 'special-attack': 45, 'special-defense': 51, 'speed': 92}",https://raw.githubusercontent.com/PokeAPI/sprites/master/sprites/pokemon/10261.png,
10262,squawkabilly-white-plumage,6,24,"['normal', 'flying']","['intimidate', 'hustle', 'sheer-force']","{'hp': 82, 'attack': 96, 'defense': 51, 'special-attack': 45, 'special-defense': 51, 'speed': 92}",https://raw.githubusercontent.com/PokeAPI/sprites/master/sprites/pokemon/10262.png,
10263,gimmighoul-roaming,1,10,['ghost'],"['run-away', 'run-away']","{'hp': 45, 'attack': 30, 'defense': 25, 'special-attack': 75, 'special-defense': 45, 'speed': 80}",https://raw.githubusercontent.com/PokeAPI/sprites/master/sprites/pokemon/10263.png,
10264,koraidon-limited-build,35,3030,"['fighting', 'dragon']","['orichalcum-pulse', 'orichalcum-pulse']","{'hp': 100, 'attack': 135, 'defense': 115, 'special-attack': 85, 'special-defense': 100, 'speed': 135}",,
10265,koraidon-sprinting-build,35,3030,"['fighting', 'dragon']","['orichalcum-pulse', 'orichalcum-pulse']","{'hp': 100, 'attack': 135, 'defense': 115, 'special-attack': 85, 'special-defense': 100, 'speed': 135}",,
10266,koraidon-swimming-build,35,3030,"['fighting', 'dragon']","['orichalcum-pulse', 'orichalcum-pulse']","{'hp': 100, 'attack': 135, 'defense': 115, 'special-attack': 85, 'special-defense': 100, 'speed': 135}",,
10267,koraidon-gliding-build,35,3030,"['fighting', 'dragon']","['orichalcum-pulse', 'orichalcum-pulse']","{'hp': 100, 'attack': 135, 'defense': 115, 'special-attack': 85, 'special-defense': 100, 'speed': 135}",,
10268,miraidon-low-power-mode,28,2400,"['electric', 'dragon']","['hadron-engine', 'hadron-engine']","{'hp': 100, 'attack': 85, 'defense': 100, 'special-attack': 135, 'special-defense': 115, 'speed': 135}",,
10269,miraidon-drive-mode,28,2400,"['electric', 'dragon']","['hadron-engine', 'hadron-engine']","{'hp': 100, 'attack': 85, 'defense': 100, 'special-attack': 135, 'special-defense': 115, 'speed': 135}",,
10270,miraidon-aquatic-mode,28,2400,"['electric', 'dragon']","['hadron-engine', 'hadron-engine']","{'hp': 100, 'attack': 85, 'defense': 100, 'special-attack': 135, 'special-defense': 115, 'speed': 135}",,
10271,miraidon-glide-mode,28,2400,"['electric', 'dragon']","['hadron-engine', 'hadron-engine']","{'hp': 100, 'attack': 85, 'defense': 100, 'special-attack': 135, 'special-defense': 115, 'speed': 135}",,
10272,ursaluna-bloodmoon,24,2900,"['ground', 'normal']",['minds-eye'],"{'hp': 113, 'attack': 70, 'defense': 120, 'special-attack': 135, 'special-defense': 65, 'speed': 52}",https://raw.githubusercontent.com/PokeAPI/sprites/master/sprites/pokemon/10272.png,
10273,ogerpon-wellspring-mask,12,398,"['grass', 'water']",['water-absorb'],"{'hp': 80, 'attack': 120, 'defense': 84, 'special-attack': 60, 'special-defense': 96, 'speed': 110}",https://raw.githubusercontent.com/PokeAPI/sprites/master/sprites/pokemon/10273.png,
10274,ogerpon-hearthflame-mask,12,398,"['grass', 'fire']",['mold-breaker'],"{'hp': 80, 'attack': 120, 'defense': 84, 'special-attack': 60, 'special-defense': 96, 'speed': 110}",https://raw.githubusercontent.com/PokeAPI/sprites/master/sprites/pokemon/10274.png,
10275,ogerpon-cornerstone-mask,12,398,"['grass', 'rock']",['sturdy'],"{'hp': 80, 'attack': 120, 'defense': 84, 'special-attack': 60, 'special-defense': 96, 'speed': 110}",https://raw.githubusercontent.com/PokeAPI/sprites/master/sprites/pokemon/10275.png,
10276,terapagos-terastal,3,160,['normal'],['tera-shell'],"{'hp': 95, 'attack': 95, 'defense': 110, 'special-attack': 105, 'special-defense': 110, 'speed': 85}",https://raw.githubusercontent.com/PokeAPI/sprites/master/sprites/pokemon/10276.png,
10277,terapagos-stellar,17,770,['normal'],['teraform-zero'],"{'hp': 160, 'attack': 105, 'defense': 110, 'special-attack': 130, 'special-defense': 110, 'speed': 85}",https://raw.githubusercontent.com/PokeAPI/sprites/master/sprites/pokemon/10277.png,
10278,frillish-female,12,330,[],[],{},,
10279,jellicent-female,22,1350,[],[],{},,
